ninja: Entering directory `build-native-gpu'
[1/3] Building CXX object source/blender/gpu/CMakeFiles/bf_gpu.dir/webgpu/wgpu_texture.cc.o
[2/3] Linking CXX static library lib/libbf_gpu.a
[3/3] Linking CXX executable bin/tests/blender_test
ld: warning: object file (/Users/paws/blender-web/build-dawn/probe-build/dawn/src/tint/libtint_api.a[2](tint.cc.o)) was built for newer 'macOS' version (26.0) than being linked (11.2)
ld: warning: object file (/Users/paws/blender-web/build-dawn/probe-build/dawn/src/tint/libtint_lang_spirv_reader.a[2](reader.cc.o)) was built for newer 'macOS' version (26.0) than being linked (11.2)
ld: warning: object file (/Users/paws/blender-web/build-dawn/probe-build/dawn/src/tint/libtint_lang_spirv_reader_lower.a[2](atomics.cc.o)) was built for newer 'macOS' version (26.0) than being linked (11.2)
ld: warning: object file (/Users/paws/blender-web/build-dawn/probe-build/dawn/src/tint/libtint_lang_spirv_reader_lower.a[3](builtins.cc.o)) was built for newer 'macOS' version (26.0) than being linked (11.2)
ld: warning: object file (/Users/paws/blender-web/build-dawn/probe-build/dawn/src/tint/libtint_lang_spirv_reader_lower.a[4](decompose_strided_array.cc.o)) was built for newer 'macOS' version (26.0) than being linked (11.2)
ld: warning: object file (/Users/paws/blender-web/build-dawn/probe-build/dawn/src/tint/libtint_lang_spirv_reader_lower.a[5](decompose_strided_matrix.cc.o)) was built for newer 'macOS' version (26.0) than being linked (11.2)
ld: warning: object file (/Users/paws/blender-web/build-dawn/probe-build/dawn/src/tint/libtint_lang_spirv_reader_lower.a[6](lower.cc.o)) was built for newer 'macOS' version (26.0) than being linked (11.2)
ld: warning: object file (/Users/paws/blender-web/build-dawn/probe-build/dawn/src/tint/libtint_lang_spirv_reader_lower.a[7](shader_io.cc.o)) was built for newer 'macOS' version (26.0) than being linked (11.2)
ld: warning: object file (/Users/paws/blender-web/build-dawn/probe-build/dawn/src/tint/libtint_lang_spirv_reader_lower.a[8](texture.cc.o)) was built for newer 'macOS' version (26.0) than being linked (11.2)
ld: warning: object file (/Users/paws/blender-web/build-dawn/probe-build/dawn/src/tint/libtint_lang_spirv_reader_lower.a[9](transpose_row_major.cc.o)) was built for newer 'macOS' version (26.0) than being linked (11.2)
ld: warning: object file (/Users/paws/blender-web/build-dawn/probe-build/dawn/src/tint/libtint_lang_spirv_reader_lower.a[10](vector_element_pointer.cc.o)) was built for newer 'macOS' version (26.0) than being linked (11.2)
ld: warning: object file (/Users/paws/blender-web/build-dawn/probe-build/dawn/src/tint/libtint_lang_spirv_reader_parser.a[2](parser.cc.o)) was built for newer 'macOS' version (26.0) than being linked (11.2)
ld: warning: object file (/Users/paws/blender-web/build-dawn/probe-build/dawn/src/tint/libtint_lang_spirv_ir.a[3](builtin_call.cc.o)) was built for newer 'macOS' version (26.0) than being linked (11.2)
ld: warning: object file (/Users/paws/blender-web/build-dawn/probe-build/dawn/src/tint/libtint_lang_spirv_intrinsic.a[2](data.cc.o)) was built for newer 'macOS' version (26.0) than being linked (11.2)
ld: warning: object file (/Users/paws/blender-web/build-dawn/probe-build/dawn/src/tint/libtint_lang_spirv.a[2](builtin_fn.cc.o)) was built for newer 'macOS' version (26.0) than being linked (11.2)
ld: warning: object file (/Users/paws/blender-web/build-dawn/probe-build/dawn/src/tint/libtint_lang_spirv_type.a[2](explicit_layout_array.cc.o)) was built for newer 'macOS' version (26.0) than being linked (11.2)
ld: warning: object file (/Users/paws/blender-web/build-dawn/probe-build/dawn/src/tint/libtint_lang_spirv_type.a[3](image.cc.o)) was built for newer 'macOS' version (26.0) than being linked (11.2)
ld: warning: object file (/Users/paws/blender-web/build-dawn/probe-build/dawn/src/tint/libtint_lang_spirv_type.a[4](literal.cc.o)) was built for newer 'macOS' version (26.0) than being linked (11.2)
ld: warning: object file (/Users/paws/blender-web/build-dawn/probe-build/dawn/src/tint/libtint_lang_spirv_type.a[5](sampled_image.cc.o)) was built for newer 'macOS' version (26.0) than being linked (11.2)
ld: warning: object file (/Users/paws/blender-web/build-dawn/probe-build/dawn/src/tint/libtint_lang_spirv_validate.a[2](validate.cc.o)) was built for newer 'macOS' version (26.0) than being linked (11.2)
ld: warning: object file (/Users/paws/blender-web/build-dawn/probe-build/dawn/third_party/spirv-tools/source/opt/libSPIRV-Tools-opt.a[6](basic_block.cpp.o)) was built for newer 'macOS' version (26.0) than being linked (11.2)
ld: warning: object file (/Users/paws/blender-web/build-dawn/probe-build/dawn/third_party/spirv-tools/source/opt/libSPIRV-Tools-opt.a[9](build_module.cpp.o)) was built for newer 'macOS' version (26.0) than being linked (11.2)
ld: warning: object file (/Users/paws/blender-web/build-dawn/probe-build/dawn/third_party/spirv-tools/source/opt/libSPIRV-Tools-opt.a[12](cfg.cpp.o)) was built for newer 'macOS' version (26.0) than being linked (11.2)
ld: warning: object file (/Users/paws/blender-web/build-dawn/probe-build/dawn/third_party/spirv-tools/source/opt/libSPIRV-Tools-opt.a[17](const_folding_rules.cpp.o)) was built for newer 'macOS' version (26.0) than being linked (11.2)
ld: warning: object file (/Users/paws/blender-web/build-dawn/probe-build/dawn/third_party/spirv-tools/source/opt/libSPIRV-Tools-opt.a[18](constants.cpp.o)) was built for newer 'macOS' version (26.0) than being linked (11.2)
ld: warning: object file (/Users/paws/blender-web/build-dawn/probe-build/dawn/third_party/spirv-tools/source/opt/libSPIRV-Tools-opt.a[27](decoration_manager.cpp.o)) was built for newer 'macOS' version (26.0) than being linked (11.2)
ld: warning: object file (/Users/paws/blender-web/build-dawn/probe-build/dawn/third_party/spirv-tools/source/opt/libSPIRV-Tools-opt.a[28](debug_info_manager.cpp.o)) was built for newer 'macOS' version (26.0) than being linked (11.2)
ld: warning: object file (/Users/paws/blender-web/build-dawn/probe-build/dawn/third_party/spirv-tools/source/opt/libSPIRV-Tools-opt.a[29](def_use_manager.cpp.o)) was built for newer 'macOS' version (26.0) than being linked (11.2)
ld: warning: object file (/Users/paws/blender-web/build-dawn/probe-build/dawn/third_party/spirv-tools/source/opt/libSPIRV-Tools-opt.a[33](dominator_tree.cpp.o)) was built for newer 'macOS' version (26.0) than being linked (11.2)
ld: warning: object file (/Users/paws/blender-web/build-dawn/probe-build/dawn/third_party/spirv-tools/source/opt/libSPIRV-Tools-opt.a[40](feature_manager.cpp.o)) was built for newer 'macOS' version (26.0) than being linked (11.2)
ld: warning: object file (/Users/paws/blender-web/build-dawn/probe-build/dawn/third_party/spirv-tools/source/opt/libSPIRV-Tools-opt.a[43](fold.cpp.o)) was built for newer 'macOS' version (26.0) than being linked (11.2)
ld: warning: object file (/Users/paws/blender-web/build-dawn/probe-build/dawn/third_party/spirv-tools/source/opt/libSPIRV-Tools-opt.a[44](folding_rules.cpp.o)) was built for newer 'macOS' version (26.0) than being linked (11.2)
ld: warning: object file (/Users/paws/blender-web/build-dawn/probe-build/dawn/third_party/spirv-tools/source/opt/libSPIRV-Tools-opt.a[47](function.cpp.o)) was built for newer 'macOS' version (26.0) than being linked (11.2)
ld: warning: object file (/Users/paws/blender-web/build-dawn/probe-build/dawn/third_party/spirv-tools/source/opt/libSPIRV-Tools-opt.a[48](graph.cpp.o)) was built for newer 'macOS' version (26.0) than being linked (11.2)
ld: warning: object file (/Users/paws/blender-web/build-dawn/probe-build/dawn/third_party/spirv-tools/source/opt/libSPIRV-Tools-opt.a[54](instruction.cpp.o)) was built for newer 'macOS' version (26.0) than being linked (11.2)
ld: warning: object file (/Users/paws/blender-web/build-dawn/probe-build/dawn/third_party/spirv-tools/source/opt/libSPIRV-Tools-opt.a[55](instruction_list.cpp.o)) was built for newer 'macOS' version (26.0) than being linked (11.2)
ld: warning: object file (/Users/paws/blender-web/build-dawn/probe-build/dawn/third_party/spirv-tools/source/opt/libSPIRV-Tools-opt.a[60](ir_context.cpp.o)) was built for newer 'macOS' version (26.0) than being linked (11.2)
ld: warning: object file (/Users/paws/blender-web/build-dawn/probe-build/dawn/third_party/spirv-tools/source/opt/libSPIRV-Tools-opt.a[61](ir_loader.cpp.o)) was built for newer 'macOS' version (26.0) than being linked (11.2)
ld: warning: object file (/Users/paws/blender-web/build-dawn/probe-build/dawn/third_party/spirv-tools/source/opt/libSPIRV-Tools-opt.a[64](liveness.cpp.o)) was built for newer 'macOS' version (26.0) than being linked (11.2)
ld: warning: object file (/Users/paws/blender-web/build-dawn/probe-build/dawn/third_party/spirv-tools/source/opt/libSPIRV-Tools-opt.a[71](loop_descriptor.cpp.o)) was built for newer 'macOS' version (26.0) than being linked (11.2)
ld: warning: object file (/Users/paws/blender-web/build-dawn/probe-build/dawn/third_party/spirv-tools/source/opt/libSPIRV-Tools-opt.a[82](module.cpp.o)) was built for newer 'macOS' version (26.0) than being linked (11.2)
ld: warning: object file (/Users/paws/blender-web/build-dawn/probe-build/dawn/third_party/spirv-tools/source/opt/libSPIRV-Tools-opt.a[84](pass.cpp.o)) was built for newer 'macOS' version (26.0) than being linked (11.2)
ld: warning: object file (/Users/paws/blender-web/build-dawn/probe-build/dawn/third_party/spirv-tools/source/opt/libSPIRV-Tools-opt.a[98](resolve_binding_conflicts_pass.cpp.o)) was built for newer 'macOS' version (26.0) than being linked (11.2)
ld: warning: object file (/Users/paws/blender-web/build-dawn/probe-build/dawn/third_party/spirv-tools/source/opt/libSPIRV-Tools-opt.a[99](scalar_analysis.cpp.o)) was built for newer 'macOS' version (26.0) than being linked (11.2)
ld: warning: object file (/Users/paws/blender-web/build-dawn/probe-build/dawn/third_party/spirv-tools/source/opt/libSPIRV-Tools-opt.a[100](scalar_analysis_simplification.cpp.o)) was built for newer 'macOS' version (26.0) than being linked (11.2)
ld: warning: object file (/Users/paws/blender-web/build-dawn/probe-build/dawn/third_party/spirv-tools/source/opt/libSPIRV-Tools-opt.a[104](split_combined_image_sampler_pass.cpp.o)) was built for newer 'macOS' version (26.0) than being linked (11.2)
ld: warning: object file (/Users/paws/blender-web/build-dawn/probe-build/dawn/third_party/spirv-tools/source/opt/libSPIRV-Tools-opt.a[110](struct_cfg_analysis.cpp.o)) was built for newer 'macOS' version (26.0) than being linked (11.2)
ld: warning: object file (/Users/paws/blender-web/build-dawn/probe-build/dawn/third_party/spirv-tools/source/opt/libSPIRV-Tools-opt.a[114](type_manager.cpp.o)) was built for newer 'macOS' version (26.0) than being linked (11.2)
ld: warning: object file (/Users/paws/blender-web/build-dawn/probe-build/dawn/third_party/spirv-tools/source/opt/libSPIRV-Tools-opt.a[115](types.cpp.o)) was built for newer 'macOS' version (26.0) than being linked (11.2)
ld: warning: object file (/Users/paws/blender-web/build-dawn/probe-build/dawn/third_party/spirv-tools/source/opt/libSPIRV-Tools-opt.a[118](value_number_table.cpp.o)) was built for newer 'macOS' version (26.0) than being linked (11.2)
ld: warning: object file (/Users/paws/blender-web/build-dawn/probe-build/dawn/third_party/spirv-tools/source/libSPIRV-Tools.a[2](bit_vector.cpp.o)) was built for newer 'macOS' version (26.0) than being linked (11.2)
ld: warning: object file (/Users/paws/blender-web/build-dawn/probe-build/dawn/third_party/spirv-tools/source/libSPIRV-Tools.a[3](parse_number.cpp.o)) was built for newer 'macOS' version (26.0) than being linked (11.2)
ld: warning: object file (/Users/paws/blender-web/build-dawn/probe-build/dawn/third_party/spirv-tools/source/libSPIRV-Tools.a[4](string_utils.cpp.o)) was built for newer 'macOS' version (26.0) than being linked (11.2)
ld: warning: object file (/Users/paws/blender-web/build-dawn/probe-build/dawn/third_party/spirv-tools/source/libSPIRV-Tools.a[5](assembly_grammar.cpp.o)) was built for newer 'macOS' version (26.0) than being linked (11.2)
ld: warning: object file (/Users/paws/blender-web/build-dawn/probe-build/dawn/third_party/spirv-tools/source/libSPIRV-Tools.a[6](binary.cpp.o)) was built for newer 'macOS' version (26.0) than being linked (11.2)
ld: warning: object file (/Users/paws/blender-web/build-dawn/probe-build/dawn/third_party/spirv-tools/source/libSPIRV-Tools.a[7](diagnostic.cpp.o)) was built for newer 'macOS' version (26.0) than being linked (11.2)
ld: warning: object file (/Users/paws/blender-web/build-dawn/probe-build/dawn/third_party/spirv-tools/source/libSPIRV-Tools.a[8](disassemble.cpp.o)) was built for newer 'macOS' version (26.0) than being linked (11.2)
ld: warning: object file (/Users/paws/blender-web/build-dawn/probe-build/dawn/third_party/spirv-tools/source/libSPIRV-Tools.a[9](ext_inst.cpp.o)) was built for newer 'macOS' version (26.0) than being linked (11.2)
ld: warning: object file (/Users/paws/blender-web/build-dawn/probe-build/dawn/third_party/spirv-tools/source/libSPIRV-Tools.a[10](extensions.cpp.o)) was built for newer 'macOS' version (26.0) than being linked (11.2)
ld: warning: object file (/Users/paws/blender-web/build-dawn/probe-build/dawn/third_party/spirv-tools/source/libSPIRV-Tools.a[11](libspirv.cpp.o)) was built for newer 'macOS' version (26.0) than being linked (11.2)
ld: warning: object file (/Users/paws/blender-web/build-dawn/probe-build/dawn/third_party/spirv-tools/source/libSPIRV-Tools.a[12](name_mapper.cpp.o)) was built for newer 'macOS' version (26.0) than being linked (11.2)
ld: warning: object file (/Users/paws/blender-web/build-dawn/probe-build/dawn/third_party/spirv-tools/source/libSPIRV-Tools.a[13](opcode.cpp.o)) was built for newer 'macOS' version (26.0) than being linked (11.2)
ld: warning: object file (/Users/paws/blender-web/build-dawn/probe-build/dawn/third_party/spirv-tools/source/libSPIRV-Tools.a[14](operand.cpp.o)) was built for newer 'macOS' version (26.0) than being linked (11.2)
ld: warning: object file (/Users/paws/blender-web/build-dawn/probe-build/dawn/third_party/spirv-tools/source/libSPIRV-Tools.a[15](parsed_operand.cpp.o)) was built for newer 'macOS' version (26.0) than being linked (11.2)
ld: warning: object file (/Users/paws/blender-web/build-dawn/probe-build/dawn/third_party/spirv-tools/source/libSPIRV-Tools.a[16](print.cpp.o)) was built for newer 'macOS' version (26.0) than being linked (11.2)
ld: warning: object file (/Users/paws/blender-web/build-dawn/probe-build/dawn/third_party/spirv-tools/source/libSPIRV-Tools.a[18](spirv_endian.cpp.o)) was built for newer 'macOS' version (26.0) than being linked (11.2)
ld: warning: object file (/Users/paws/blender-web/build-dawn/probe-build/dawn/third_party/spirv-tools/source/libSPIRV-Tools.a[22](spirv_target_env.cpp.o)) was built for newer 'macOS' version (26.0) than being linked (11.2)
ld: warning: object file (/Users/paws/blender-web/build-dawn/probe-build/dawn/third_party/spirv-tools/source/libSPIRV-Tools.a[23](spirv_validator_options.cpp.o)) was built for newer 'macOS' version (26.0) than being linked (11.2)
ld: warning: object file (/Users/paws/blender-web/build-dawn/probe-build/dawn/third_party/spirv-tools/source/libSPIRV-Tools.a[24](table.cpp.o)) was built for newer 'macOS' version (26.0) than being linked (11.2)
ld: warning: object file (/Users/paws/blender-web/build-dawn/probe-build/dawn/third_party/spirv-tools/source/libSPIRV-Tools.a[25](table2.cpp.o)) was built for newer 'macOS' version (26.0) than being linked (11.2)
ld: warning: object file (/Users/paws/blender-web/build-dawn/probe-build/dawn/third_party/spirv-tools/source/libSPIRV-Tools.a[26](text.cpp.o)) was built for newer 'macOS' version (26.0) than being linked (11.2)
ld: warning: object file (/Users/paws/blender-web/build-dawn/probe-build/dawn/third_party/spirv-tools/source/libSPIRV-Tools.a[27](text_handler.cpp.o)) was built for newer 'macOS' version (26.0) than being linked (11.2)
ld: warning: object file (/Users/paws/blender-web/build-dawn/probe-build/dawn/third_party/spirv-tools/source/libSPIRV-Tools.a[28](to_string.cpp.o)) was built for newer 'macOS' version (26.0) than being linked (11.2)
ld: warning: object file (/Users/paws/blender-web/build-dawn/probe-build/dawn/third_party/spirv-tools/source/libSPIRV-Tools.a[29](validate.cpp.o)) was built for newer 'macOS' version (26.0) than being linked (11.2)
ld: warning: object file (/Users/paws/blender-web/build-dawn/probe-build/dawn/third_party/spirv-tools/source/libSPIRV-Tools.a[30](validate_adjacency.cpp.o)) was built for newer 'macOS' version (26.0) than being linked (11.2)
ld: warning: object file (/Users/paws/blender-web/build-dawn/probe-build/dawn/third_party/spirv-tools/source/libSPIRV-Tools.a[31](validate_annotation.cpp.o)) was built for newer 'macOS' version (26.0) than being linked (11.2)
ld: warning: object file (/Users/paws/blender-web/build-dawn/probe-build/dawn/third_party/spirv-tools/source/libSPIRV-Tools.a[32](validate_arithmetics.cpp.o)) was built for newer 'macOS' version (26.0) than being linked (11.2)
ld: warning: object file (/Users/paws/blender-web/build-dawn/probe-build/dawn/third_party/spirv-tools/source/libSPIRV-Tools.a[33](validate_atomics.cpp.o)) was built for newer 'macOS' version (26.0) than being linked (11.2)
ld: warning: object file (/Users/paws/blender-web/build-dawn/probe-build/dawn/third_party/spirv-tools/source/libSPIRV-Tools.a[34](validate_barriers.cpp.o)) was built for newer 'macOS' version (26.0) than being linked (11.2)
ld: warning: object file (/Users/paws/blender-web/build-dawn/probe-build/dawn/third_party/spirv-tools/source/libSPIRV-Tools.a[35](validate_bitwise.cpp.o)) was built for newer 'macOS' version (26.0) than being linked (11.2)
ld: warning: object file (/Users/paws/blender-web/build-dawn/probe-build/dawn/third_party/spirv-tools/source/libSPIRV-Tools.a[36](validate_builtins.cpp.o)) was built for newer 'macOS' version (26.0) than being linked (11.2)
ld: warning: object file (/Users/paws/blender-web/build-dawn/probe-build/dawn/third_party/spirv-tools/source/libSPIRV-Tools.a[37](validate_capability.cpp.o)) was built for newer 'macOS' version (26.0) than being linked (11.2)
ld: warning: object file (/Users/paws/blender-web/build-dawn/probe-build/dawn/third_party/spirv-tools/source/libSPIRV-Tools.a[38](validate_cfg.cpp.o)) was built for newer 'macOS' version (26.0) than being linked (11.2)
ld: warning: object file (/Users/paws/blender-web/build-dawn/probe-build/dawn/third_party/spirv-tools/source/libSPIRV-Tools.a[39](validate_composites.cpp.o)) was built for newer 'macOS' version (26.0) than being linked (11.2)
ld: warning: object file (/Users/paws/blender-web/build-dawn/probe-build/dawn/third_party/spirv-tools/source/libSPIRV-Tools.a[40](validate_constants.cpp.o)) was built for newer 'macOS' version (26.0) than being linked (11.2)
ld: warning: object file (/Users/paws/blender-web/build-dawn/probe-build/dawn/third_party/spirv-tools/source/libSPIRV-Tools.a[41](validate_conversion.cpp.o)) was built for newer 'macOS' version (26.0) than being linked (11.2)
ld: warning: object file (/Users/paws/blender-web/build-dawn/probe-build/dawn/third_party/spirv-tools/source/libSPIRV-Tools.a[42](validate_debug.cpp.o)) was built for newer 'macOS' version (26.0) than being linked (11.2)
ld: warning: object file (/Users/paws/blender-web/build-dawn/probe-build/dawn/third_party/spirv-tools/source/libSPIRV-Tools.a[43](validate_decorations.cpp.o)) was built for newer 'macOS' version (26.0) than being linked (11.2)
ld: warning: object file (/Users/paws/blender-web/build-dawn/probe-build/dawn/third_party/spirv-tools/source/libSPIRV-Tools.a[44](validate_derivatives.cpp.o)) was built for newer 'macOS' version (26.0) than being linked (11.2)
ld: warning: object file (/Users/paws/blender-web/build-dawn/probe-build/dawn/third_party/spirv-tools/source/libSPIRV-Tools.a[45](validate_dot_product.cpp.o)) was built for newer 'macOS' version (26.0) than being linked (11.2)
ld: warning: object file (/Users/paws/blender-web/build-dawn/probe-build/dawn/third_party/spirv-tools/source/libSPIRV-Tools.a[46](validate_extensions.cpp.o)) was built for newer 'macOS' version (26.0) than being linked (11.2)
ld: warning: object file (/Users/paws/blender-web/build-dawn/probe-build/dawn/third_party/spirv-tools/source/libSPIRV-Tools.a[47](validate_execution_limitations.cpp.o)) was built for newer 'macOS' version (26.0) than being linked (11.2)
ld: warning: object file (/Users/paws/blender-web/build-dawn/probe-build/dawn/third_party/spirv-tools/source/libSPIRV-Tools.a[48](validate_explicit_layout.cpp.o)) was built for newer 'macOS' version (26.0) than being linked (11.2)
ld: warning: object file (/Users/paws/blender-web/build-dawn/probe-build/dawn/third_party/spirv-tools/source/libSPIRV-Tools.a[49](validate_function.cpp.o)) was built for newer 'macOS' version (26.0) than being linked (11.2)
ld: warning: object file (/Users/paws/blender-web/build-dawn/probe-build/dawn/third_party/spirv-tools/source/libSPIRV-Tools.a[50](validate_graph.cpp.o)) was built for newer 'macOS' version (26.0) than being linked (11.2)
ld: warning: object file (/Users/paws/blender-web/build-dawn/probe-build/dawn/third_party/spirv-tools/source/libSPIRV-Tools.a[51](validate_group.cpp.o)) was built for newer 'macOS' version (26.0) than being linked (11.2)
ld: warning: object file (/Users/paws/blender-web/build-dawn/probe-build/dawn/third_party/spirv-tools/source/libSPIRV-Tools.a[52](validate_id.cpp.o)) was built for newer 'macOS' version (26.0) than being linked (11.2)
ld: warning: object file (/Users/paws/blender-web/build-dawn/probe-build/dawn/third_party/spirv-tools/source/libSPIRV-Tools.a[53](validate_image.cpp.o)) was built for newer 'macOS' version (26.0) than being linked (11.2)
ld: warning: object file (/Users/paws/blender-web/build-dawn/probe-build/dawn/third_party/spirv-tools/source/libSPIRV-Tools.a[54](validate_interfaces.cpp.o)) was built for newer 'macOS' version (26.0) than being linked (11.2)
ld: warning: object file (/Users/paws/blender-web/build-dawn/probe-build/dawn/third_party/spirv-tools/source/libSPIRV-Tools.a[55](validate_instruction.cpp.o)) was built for newer 'macOS' version (26.0) than being linked (11.2)
ld: warning: object file (/Users/paws/blender-web/build-dawn/probe-build/dawn/third_party/spirv-tools/source/libSPIRV-Tools.a[56](validate_layout.cpp.o)) was built for newer 'macOS' version (26.0) than being linked (11.2)
ld: warning: object file (/Users/paws/blender-web/build-dawn/probe-build/dawn/third_party/spirv-tools/source/libSPIRV-Tools.a[57](validate_literals.cpp.o)) was built for newer 'macOS' version (26.0) than being linked (11.2)
ld: warning: object file (/Users/paws/blender-web/build-dawn/probe-build/dawn/third_party/spirv-tools/source/libSPIRV-Tools.a[58](validate_logicals.cpp.o)) was built for newer 'macOS' version (26.0) than being linked (11.2)
ld: warning: object file (/Users/paws/blender-web/build-dawn/probe-build/dawn/third_party/spirv-tools/source/libSPIRV-Tools.a[59](validate_logical_pointers.cpp.o)) was built for newer 'macOS' version (26.0) than being linked (11.2)
ld: warning: object file (/Users/paws/blender-web/build-dawn/probe-build/dawn/third_party/spirv-tools/source/libSPIRV-Tools.a[60](validate_memory.cpp.o)) was built for newer 'macOS' version (26.0) than being linked (11.2)
ld: warning: object file (/Users/paws/blender-web/build-dawn/probe-build/dawn/third_party/spirv-tools/source/libSPIRV-Tools.a[61](validate_memory_semantics.cpp.o)) was built for newer 'macOS' version (26.0) than being linked (11.2)
ld: warning: object file (/Users/paws/blender-web/build-dawn/probe-build/dawn/third_party/spirv-tools/source/libSPIRV-Tools.a[62](validate_mesh_shading.cpp.o)) was built for newer 'macOS' version (26.0) than being linked (11.2)
ld: warning: object file (/Users/paws/blender-web/build-dawn/probe-build/dawn/third_party/spirv-tools/source/libSPIRV-Tools.a[63](validate_misc.cpp.o)) was built for newer 'macOS' version (26.0) than being linked (11.2)
ld: warning: object file (/Users/paws/blender-web/build-dawn/probe-build/dawn/third_party/spirv-tools/source/libSPIRV-Tools.a[64](validate_mode_setting.cpp.o)) was built for newer 'macOS' version (26.0) than being linked (11.2)
ld: warning: object file (/Users/paws/blender-web/build-dawn/probe-build/dawn/third_party/spirv-tools/source/libSPIRV-Tools.a[65](validate_non_uniform.cpp.o)) was built for newer 'macOS' version (26.0) than being linked (11.2)
ld: warning: object file (/Users/paws/blender-web/build-dawn/probe-build/dawn/third_party/spirv-tools/source/libSPIRV-Tools.a[66](validate_pipe.cpp.o)) was built for newer 'macOS' version (26.0) than being linked (11.2)
ld: warning: object file (/Users/paws/blender-web/build-dawn/probe-build/dawn/third_party/spirv-tools/source/libSPIRV-Tools.a[67](validate_primitives.cpp.o)) was built for newer 'macOS' version (26.0) than being linked (11.2)
ld: warning: object file (/Users/paws/blender-web/build-dawn/probe-build/dawn/third_party/spirv-tools/source/libSPIRV-Tools.a[68](validate_ray_query.cpp.o)) was built for newer 'macOS' version (26.0) than being linked (11.2)
ld: warning: object file (/Users/paws/blender-web/build-dawn/probe-build/dawn/third_party/spirv-tools/source/libSPIRV-Tools.a[69](validate_ray_tracing.cpp.o)) was built for newer 'macOS' version (26.0) than being linked (11.2)
ld: warning: object file (/Users/paws/blender-web/build-dawn/probe-build/dawn/third_party/spirv-tools/source/libSPIRV-Tools.a[70](validate_ray_tracing_reorder.cpp.o)) was built for newer 'macOS' version (26.0) than being linked (11.2)
ld: warning: object file (/Users/paws/blender-web/build-dawn/probe-build/dawn/third_party/spirv-tools/source/libSPIRV-Tools.a[71](validate_scopes.cpp.o)) was built for newer 'macOS' version (26.0) than being linked (11.2)
ld: warning: object file (/Users/paws/blender-web/build-dawn/probe-build/dawn/third_party/spirv-tools/source/libSPIRV-Tools.a[72](validate_small_type_uses.cpp.o)) was built for newer 'macOS' version (26.0) than being linked (11.2)
ld: warning: object file (/Users/paws/blender-web/build-dawn/probe-build/dawn/third_party/spirv-tools/source/libSPIRV-Tools.a[73](validate_tensor_layout.cpp.o)) was built for newer 'macOS' version (26.0) than being linked (11.2)
ld: warning: object file (/Users/paws/blender-web/build-dawn/probe-build/dawn/third_party/spirv-tools/source/libSPIRV-Tools.a[74](validate_tensor.cpp.o)) was built for newer 'macOS' version (26.0) than being linked (11.2)
ld: warning: object file (/Users/paws/blender-web/build-dawn/probe-build/dawn/third_party/spirv-tools/source/libSPIRV-Tools.a[75](validate_type.cpp.o)) was built for newer 'macOS' version (26.0) than being linked (11.2)
ld: warning: object file (/Users/paws/blender-web/build-dawn/probe-build/dawn/third_party/spirv-tools/source/libSPIRV-Tools.a[76](validate_invalid_type.cpp.o)) was built for newer 'macOS' version (26.0) than being linked (11.2)
ld: warning: object file (/Users/paws/blender-web/build-dawn/probe-build/dawn/third_party/spirv-tools/source/libSPIRV-Tools.a[77](basic_block.cpp.o)) was built for newer 'macOS' version (26.0) than being linked (11.2)
ld: warning: object file (/Users/paws/blender-web/build-dawn/probe-build/dawn/third_party/spirv-tools/source/libSPIRV-Tools.a[78](construct.cpp.o)) was built for newer 'macOS' version (26.0) than being linked (11.2)
ld: warning: object file (/Users/paws/blender-web/build-dawn/probe-build/dawn/third_party/spirv-tools/source/libSPIRV-Tools.a[79](function.cpp.o)) was built for newer 'macOS' version (26.0) than being linked (11.2)
ld: warning: object file (/Users/paws/blender-web/build-dawn/probe-build/dawn/third_party/spirv-tools/source/libSPIRV-Tools.a[80](instruction.cpp.o)) was built for newer 'macOS' version (26.0) than being linked (11.2)
ld: warning: object file (/Users/paws/blender-web/build-dawn/probe-build/dawn/third_party/spirv-tools/source/libSPIRV-Tools.a[81](validation_state.cpp.o)) was built for newer 'macOS' version (26.0) than being linked (11.2)
ld: warning: object file (/Users/paws/blender-web/build-dawn/probe-build/dawn/src/tint/libtint_lang_wgsl_writer.a[2](output.cc.o)) was built for newer 'macOS' version (26.0) than being linked (11.2)
ld: warning: object file (/Users/paws/blender-web/build-dawn/probe-build/dawn/src/tint/libtint_lang_wgsl_writer.a[3](writer.cc.o)) was built for newer 'macOS' version (26.0) than being linked (11.2)
ld: warning: object file (/Users/paws/blender-web/build-dawn/probe-build/dawn/src/tint/libtint_lang_wgsl_writer_ast_printer.a[2](ast_printer.cc.o)) was built for newer 'macOS' version (26.0) than being linked (11.2)
ld: warning: object file (/Users/paws/blender-web/build-dawn/probe-build/dawn/src/tint/libtint_lang_wgsl_writer_ir_to_program.a[2](ir_to_program.cc.o)) was built for newer 'macOS' version (26.0) than being linked (11.2)
ld: warning: object file (/Users/paws/blender-web/build-dawn/probe-build/dawn/src/tint/libtint_lang_wgsl_writer_raise.a[2](ptr_to_ref.cc.o)) was built for newer 'macOS' version (26.0) than being linked (11.2)
ld: warning: object file (/Users/paws/blender-web/build-dawn/probe-build/dawn/src/tint/libtint_lang_wgsl_writer_raise.a[3](raise.cc.o)) was built for newer 'macOS' version (26.0) than being linked (11.2)
ld: warning: object file (/Users/paws/blender-web/build-dawn/probe-build/dawn/src/tint/libtint_lang_wgsl_writer_raise.a[4](value_to_let.cc.o)) was built for newer 'macOS' version (26.0) than being linked (11.2)
ld: warning: object file (/Users/paws/blender-web/build-dawn/probe-build/dawn/src/tint/libtint_lang_wgsl_inspector.a[2](entry_point.cc.o)) was built for newer 'macOS' version (26.0) than being linked (11.2)
ld: warning: object file (/Users/paws/blender-web/build-dawn/probe-build/dawn/src/tint/libtint_lang_wgsl_inspector.a[3](inspector.cc.o)) was built for newer 'macOS' version (26.0) than being linked (11.2)
ld: warning: object file (/Users/paws/blender-web/build-dawn/probe-build/dawn/src/tint/libtint_lang_wgsl_inspector.a[4](resource_binding.cc.o)) was built for newer 'macOS' version (26.0) than being linked (11.2)
ld: warning: object file (/Users/paws/blender-web/build-dawn/probe-build/dawn/src/tint/libtint_lang_msl_writer.a[2](writer.cc.o)) was built for newer 'macOS' version (26.0) than being linked (11.2)
ld: warning: object file (/Users/paws/blender-web/build-dawn/probe-build/dawn/src/tint/libtint_lang_msl_writer_printer.a[2](printer.cc.o)) was built for newer 'macOS' version (26.0) than being linked (11.2)
ld: warning: object file (/Users/paws/blender-web/build-dawn/probe-build/dawn/src/tint/libtint_utils_text_generator.a[2](text_generator.cc.o)) was built for newer 'macOS' version (26.0) than being linked (11.2)
ld: warning: object file (/Users/paws/blender-web/build-dawn/probe-build/dawn/src/tint/libtint_lang_msl_writer_raise.a[2](argument_buffers.cc.o)) was built for newer 'macOS' version (26.0) than being linked (11.2)
ld: warning: object file (/Users/paws/blender-web/build-dawn/probe-build/dawn/src/tint/libtint_lang_msl_writer_raise.a[3](binary_polyfill.cc.o)) was built for newer 'macOS' version (26.0) than being linked (11.2)
ld: warning: object file (/Users/paws/blender-web/build-dawn/probe-build/dawn/src/tint/libtint_lang_msl_writer_raise.a[4](builtin_polyfill.cc.o)) was built for newer 'macOS' version (26.0) than being linked (11.2)
ld: warning: object file (/Users/paws/blender-web/build-dawn/probe-build/dawn/src/tint/libtint_lang_msl_writer_raise.a[5](convert_print_to_log.cc.o)) was built for newer 'macOS' version (26.0) than being linked (11.2)
ld: warning: object file (/Users/paws/blender-web/build-dawn/probe-build/dawn/src/tint/libtint_lang_msl_writer_raise.a[6](decompose_buffer.cc.o)) was built for newer 'macOS' version (26.0) than being linked (11.2)
ld: warning: object file (/Users/paws/blender-web/build-dawn/probe-build/dawn/src/tint/libtint_lang_msl_writer_raise.a[7](fix_type_layout.cc.o)) was built for newer 'macOS' version (26.0) than being linked (11.2)
ld: warning: object file (/Users/paws/blender-web/build-dawn/probe-build/dawn/src/tint/libtint_lang_msl_writer_raise.a[8](module_constant.cc.o)) was built for newer 'macOS' version (26.0) than being linked (11.2)
ld: warning: object file (/Users/paws/blender-web/build-dawn/probe-build/dawn/src/tint/libtint_lang_msl_writer_raise.a[9](module_scope_vars.cc.o)) was built for newer 'macOS' version (26.0) than being linked (11.2)
ld: warning: object file (/Users/paws/blender-web/build-dawn/probe-build/dawn/src/tint/libtint_lang_msl_writer_raise.a[10](raise.cc.o)) was built for newer 'macOS' version (26.0) than being linked (11.2)
ld: warning: object file (/Users/paws/blender-web/build-dawn/probe-build/dawn/src/tint/libtint_lang_msl_writer_raise.a[11](shader_io.cc.o)) was built for newer 'macOS' version (26.0) than being linked (11.2)
ld: warning: object file (/Users/paws/blender-web/build-dawn/probe-build/dawn/src/tint/libtint_lang_msl_writer_raise.a[12](simd_ballot.cc.o)) was built for newer 'macOS' version (26.0) than being linked (11.2)
ld: warning: object file (/Users/paws/blender-web/build-dawn/probe-build/dawn/src/tint/libtint_lang_msl_writer_raise.a[13](switch_return.cc.o)) was built for newer 'macOS' version (26.0) than being linked (11.2)
ld: warning: object file (/Users/paws/blender-web/build-dawn/probe-build/dawn/src/tint/libtint_lang_msl_writer_raise.a[14](validate_subgroup_matrix.cc.o)) was built for newer 'macOS' version (26.0) than being linked (11.2)
ld: warning: object file (/Users/paws/blender-web/build-dawn/probe-build/dawn/src/tint/libtint_lang_msl_ir.a[2](builtin_call.cc.o)) was built for newer 'macOS' version (26.0) than being linked (11.2)
ld: warning: object file (/Users/paws/blender-web/build-dawn/probe-build/dawn/src/tint/libtint_lang_msl_ir.a[3](component.cc.o)) was built for newer 'macOS' version (26.0) than being linked (11.2)
ld: warning: object file (/Users/paws/blender-web/build-dawn/probe-build/dawn/src/tint/libtint_lang_msl_ir.a[4](member_builtin_call.cc.o)) was built for newer 'macOS' version (26.0) than being linked (11.2)
ld: warning: object file (/Users/paws/blender-web/build-dawn/probe-build/dawn/src/tint/libtint_lang_msl_ir.a[5](memory_order.cc.o)) was built for newer 'macOS' version (26.0) than being linked (11.2)
ld: warning: object file (/Users/paws/blender-web/build-dawn/probe-build/dawn/src/tint/libtint_lang_msl_intrinsic.a[2](data.cc.o)) was built for newer 'macOS' version (26.0) than being linked (11.2)
ld: warning: object file (/Users/paws/blender-web/build-dawn/probe-build/dawn/src/tint/libtint_lang_msl.a[2](builtin_fn.cc.o)) was built for newer 'macOS' version (26.0) than being linked (11.2)
ld: warning: object file (/Users/paws/blender-web/build-dawn/probe-build/dawn/src/tint/libtint_lang_msl_type.a[2](bias.cc.o)) was built for newer 'macOS' version (26.0) than being linked (11.2)
ld: warning: object file (/Users/paws/blender-web/build-dawn/probe-build/dawn/src/tint/libtint_lang_msl_type.a[3](gradient.cc.o)) was built for newer 'macOS' version (26.0) than being linked (11.2)
ld: warning: object file (/Users/paws/blender-web/build-dawn/probe-build/dawn/src/tint/libtint_lang_msl_type.a[4](level.cc.o)) was built for newer 'macOS' version (26.0) than being linked (11.2)
ld: warning: object file (/Users/paws/blender-web/build-dawn/probe-build/dawn/src/tint/libtint_lang_msl_writer_common.a[2](option_helpers.cc.o)) was built for newer 'macOS' version (26.0) than being linked (11.2)
ld: warning: object file (/Users/paws/blender-web/build-dawn/probe-build/dawn/src/tint/libtint_lang_msl_writer_common.a[3](options.cc.o)) was built for newer 'macOS' version (26.0) than being linked (11.2)
ld: warning: object file (/Users/paws/blender-web/build-dawn/probe-build/dawn/src/tint/libtint_lang_msl_writer_common.a[4](output.cc.o)) was built for newer 'macOS' version (26.0) than being linked (11.2)
ld: warning: object file (/Users/paws/blender-web/build-dawn/probe-build/dawn/src/tint/libtint_lang_msl_writer_common.a[5](printer_support.cc.o)) was built for newer 'macOS' version (26.0) than being linked (11.2)
ld: warning: object file (/Users/paws/blender-web/build-dawn/probe-build/dawn/src/tint/libtint_lang_null_writer.a[2](writer.cc.o)) was built for newer 'macOS' version (26.0) than being linked (11.2)
ld: warning: object file (/Users/paws/blender-web/build-dawn/probe-build/dawn/src/tint/libtint_lang_null_writer_raise.a[2](raise.cc.o)) was built for newer 'macOS' version (26.0) than being linked (11.2)
ld: warning: object file (/Users/paws/blender-web/build-dawn/probe-build/dawn/src/tint/libtint_lang_core_ir_transform.a[2](array_length_from.cc.o)) was built for newer 'macOS' version (26.0) than being linked (11.2)
ld: warning: object file (/Users/paws/blender-web/build-dawn/probe-build/dawn/src/tint/libtint_lang_core_ir_transform.a[4](binary_polyfill.cc.o)) was built for newer 'macOS' version (26.0) than being linked (11.2)
ld: warning: object file (/Users/paws/blender-web/build-dawn/probe-build/dawn/src/tint/libtint_lang_core_ir_transform.a[5](binding_remapper.cc.o)) was built for newer 'macOS' version (26.0) than being linked (11.2)
ld: warning: object file (/Users/paws/blender-web/build-dawn/probe-build/dawn/src/tint/libtint_lang_core_ir_transform.a[7](builtin_polyfill.cc.o)) was built for newer 'macOS' version (26.0) than being linked (11.2)
ld: warning: object file (/Users/paws/blender-web/build-dawn/probe-build/dawn/src/tint/libtint_lang_core_ir_transform.a[8](builtin_scalarize.cc.o)) was built for newer 'macOS' version (26.0) than being linked (11.2)
ld: warning: object file (/Users/paws/blender-web/build-dawn/probe-build/dawn/src/tint/libtint_lang_core_ir_transform.a[9](change_immediate_to_uniform.cc.o)) was built for newer 'macOS' version (26.0) than being linked (11.2)
ld: warning: object file (/Users/paws/blender-web/build-dawn/probe-build/dawn/src/tint/libtint_lang_core_ir_transform.a[10](collapse_subgroup_min_max.cc.o)) was built for newer 'macOS' version (26.0) than being linked (11.2)
ld: warning: object file (/Users/paws/blender-web/build-dawn/probe-build/dawn/src/tint/libtint_lang_core_ir_transform.a[12](conversion_polyfill.cc.o)) was built for newer 'macOS' version (26.0) than being linked (11.2)
ld: warning: object file (/Users/paws/blender-web/build-dawn/probe-build/dawn/src/tint/libtint_lang_core_ir_transform.a[13](dead_code_elimination.cc.o)) was built for newer 'macOS' version (26.0) than being linked (11.2)
ld: warning: object file (/Users/paws/blender-web/build-dawn/probe-build/dawn/src/tint/libtint_lang_core_ir_transform.a[15](demote_to_helper.cc.o)) was built for newer 'macOS' version (26.0) than being linked (11.2)
ld: warning: object file (/Users/paws/blender-web/build-dawn/probe-build/dawn/src/tint/libtint_lang_core_ir_transform.a[17](multiplanar_external_texture.cc.o)) was built for newer 'macOS' version (26.0) than being linked (11.2)
ld: warning: object file (/Users/paws/blender-web/build-dawn/probe-build/dawn/src/tint/libtint_lang_core_ir_transform.a[18](prepare_immediate_data.cc.o)) was built for newer 'macOS' version (26.0) than being linked (11.2)
ld: warning: object file (/Users/paws/blender-web/build-dawn/probe-build/dawn/src/tint/libtint_lang_core_ir_transform.a[19](preserve_padding.cc.o)) was built for newer 'macOS' version (26.0) than being linked (11.2)
ld: warning: object file (/Users/paws/blender-web/build-dawn/probe-build/dawn/src/tint/libtint_lang_core_ir_transform.a[20](prevent_infinite_loops.cc.o)) was built for newer 'macOS' version (26.0) than being linked (11.2)
ld: warning: object file (/Users/paws/blender-web/build-dawn/probe-build/dawn/src/tint/libtint_lang_core_ir_transform.a[21](propagate_buffer_sizes.cc.o)) was built for newer 'macOS' version (26.0) than being linked (11.2)
ld: warning: object file (/Users/paws/blender-web/build-dawn/probe-build/dawn/src/tint/libtint_lang_core_ir_transform.a[22](remove_continue_in_switch.cc.o)) was built for newer 'macOS' version (26.0) than being linked (11.2)
ld: warning: object file (/Users/paws/blender-web/build-dawn/probe-build/dawn/src/tint/libtint_lang_core_ir_transform.a[23](remove_terminator_args.cc.o)) was built for newer 'macOS' version (26.0) than being linked (11.2)
ld: warning: object file (/Users/paws/blender-web/build-dawn/probe-build/dawn/src/tint/libtint_lang_core_ir_transform.a[25](rename_conflicts.cc.o)) was built for newer 'macOS' version (26.0) than being linked (11.2)
ld: warning: object file (/Users/paws/blender-web/build-dawn/probe-build/dawn/src/tint/libtint_lang_core_ir_transform.a[28](robustness.cc.o)) was built for newer 'macOS' version (26.0) than being linked (11.2)
ld: warning: object file (/Users/paws/blender-web/build-dawn/probe-build/dawn/src/tint/libtint_lang_core_ir_transform.a[29](shader_io.cc.o)) was built for newer 'macOS' version (26.0) than being linked (11.2)
ld: warning: object file (/Users/paws/blender-web/build-dawn/probe-build/dawn/src/tint/libtint_lang_core_ir_transform.a[30](signed_integer_polyfill.cc.o)) was built for newer 'macOS' version (26.0) than being linked (11.2)
ld: warning: object file (/Users/paws/blender-web/build-dawn/probe-build/dawn/src/tint/libtint_lang_core_ir_transform.a[31](single_entry_point.cc.o)) was built for newer 'macOS' version (26.0) than being linked (11.2)
ld: warning: object file (/Users/paws/blender-web/build-dawn/probe-build/dawn/src/tint/libtint_lang_core_ir_transform.a[33](substitute_overrides.cc.o)) was built for newer 'macOS' version (26.0) than being linked (11.2)
ld: warning: object file (/Users/paws/blender-web/build-dawn/probe-build/dawn/src/tint/libtint_lang_core_ir_transform.a[34](value_to_let.cc.o)) was built for newer 'macOS' version (26.0) than being linked (11.2)
ld: warning: object file (/Users/paws/blender-web/build-dawn/probe-build/dawn/src/tint/libtint_lang_core_ir_transform.a[35](vectorize_scalar_matrix_constructors.cc.o)) was built for newer 'macOS' version (26.0) than being linked (11.2)
ld: warning: object file (/Users/paws/blender-web/build-dawn/probe-build/dawn/src/tint/libtint_lang_core_ir_transform.a[36](vertex_pulling.cc.o)) was built for newer 'macOS' version (26.0) than being linked (11.2)
ld: warning: object file (/Users/paws/blender-web/build-dawn/probe-build/dawn/src/tint/libtint_lang_core_ir_transform.a[37](zero_init_workgroup_memory.cc.o)) was built for newer 'macOS' version (26.0) than being linked (11.2)
ld: warning: object file (/Users/paws/blender-web/build-dawn/probe-build/dawn/src/tint/libtint_lang_core_ir_analysis.a[3](integer_range_analysis.cc.o)) was built for newer 'macOS' version (26.0) than being linked (11.2)
ld: warning: object file (/Users/paws/blender-web/build-dawn/probe-build/dawn/src/tint/libtint_lang_core_ir_analysis.a[4](loop_analysis.cc.o)) was built for newer 'macOS' version (26.0) than being linked (11.2)
ld: warning: object file (/Users/paws/blender-web/build-dawn/probe-build/dawn/src/tint/libtint_lang_core_ir_analysis.a[5](subgroup_matrix.cc.o)) was built for newer 'macOS' version (26.0) than being linked (11.2)
ld: warning: object file (/Users/paws/blender-web/build-dawn/probe-build/dawn/src/tint/libtint_lang_null_writer_common.a[2](options.cc.o)) was built for newer 'macOS' version (26.0) than being linked (11.2)
ld: warning: object file (/Users/paws/blender-web/build-dawn/probe-build/dawn/src/tint/libtint_lang_null_writer_common.a[3](output.cc.o)) was built for newer 'macOS' version (26.0) than being linked (11.2)
ld: warning: object file (/Users/paws/blender-web/build-dawn/probe-build/dawn/src/tint/libtint_lang_wgsl_reader.a[2](reader.cc.o)) was built for newer 'macOS' version (26.0) than being linked (11.2)
ld: warning: object file (/Users/paws/blender-web/build-dawn/probe-build/dawn/src/tint/libtint_lang_wgsl_reader_lower.a[2](lower.cc.o)) was built for newer 'macOS' version (26.0) than being linked (11.2)
ld: warning: object file (/Users/paws/blender-web/build-dawn/probe-build/dawn/src/tint/libtint_lang_wgsl_reader_parser.a[2](lexer.cc.o)) was built for newer 'macOS' version (26.0) than being linked (11.2)
ld: warning: object file (/Users/paws/blender-web/build-dawn/probe-build/dawn/src/tint/libtint_lang_wgsl_reader_parser.a[3](parser.cc.o)) was built for newer 'macOS' version (26.0) than being linked (11.2)
ld: warning: object file (/Users/paws/blender-web/build-dawn/probe-build/dawn/src/tint/libtint_lang_wgsl_reader_parser.a[4](token.cc.o)) was built for newer 'macOS' version (26.0) than being linked (11.2)
ld: warning: object file (/Users/paws/blender-web/build-dawn/probe-build/dawn/src/tint/libtint_utils_strconv.a[2](float_to_string.cc.o)) was built for newer 'macOS' version (26.0) than being linked (11.2)
ld: warning: object file (/Users/paws/blender-web/build-dawn/probe-build/dawn/src/tint/libtint_utils_strconv.a[3](parse_num.cc.o)) was built for newer 'macOS' version (26.0) than being linked (11.2)
ld: warning: object file (/Users/paws/blender-web/build-dawn/probe-build/dawn/third_party/abseil/absl/strings/libabsl_strings.a[2](ascii.cc.o)) was built for newer 'macOS' version (26.0) than being linked (11.2)
ld: warning: object file (/Users/paws/blender-web/build-dawn/probe-build/dawn/third_party/abseil/absl/strings/libabsl_strings.a[3](charconv.cc.o)) was built for newer 'macOS' version (26.0) than being linked (11.2)
ld: warning: object file (/Users/paws/blender-web/build-dawn/probe-build/dawn/third_party/abseil/absl/strings/libabsl_strings.a[5](charconv_bigint.cc.o)) was built for newer 'macOS' version (26.0) than being linked (11.2)
ld: warning: object file (/Users/paws/blender-web/build-dawn/probe-build/dawn/third_party/abseil/absl/strings/libabsl_strings.a[6](charconv_parse.cc.o)) was built for newer 'macOS' version (26.0) than being linked (11.2)
ld: warning: object file (/Users/paws/blender-web/build-dawn/probe-build/dawn/third_party/abseil/absl/strings/libabsl_strings.a[8](memutil.cc.o)) was built for newer 'macOS' version (26.0) than being linked (11.2)
ld: warning: object file (/Users/paws/blender-web/build-dawn/probe-build/dawn/third_party/abseil/absl/strings/libabsl_strings.a[10](match.cc.o)) was built for newer 'macOS' version (26.0) than being linked (11.2)
ld: warning: object file (/Users/paws/blender-web/build-dawn/probe-build/dawn/third_party/abseil/absl/strings/libabsl_strings.a[11](numbers.cc.o)) was built for newer 'macOS' version (26.0) than being linked (11.2)
ld: warning: object file (/Users/paws/blender-web/build-dawn/probe-build/dawn/third_party/abseil/absl/strings/libabsl_strings_internal.a[3](utf8.cc.o)) was built for newer 'macOS' version (26.0) than being linked (11.2)
ld: warning: object file (/Users/paws/blender-web/build-dawn/probe-build/dawn/third_party/abseil/absl/numeric/libabsl_int128.a[2](int128.cc.o)) was built for newer 'macOS' version (26.0) than being linked (11.2)
ld: warning: object file (/Users/paws/blender-web/build-dawn/probe-build/dawn/third_party/abseil/absl/base/libabsl_base.a[3](cycleclock.cc.o)) was built for newer 'macOS' version (26.0) than being linked (11.2)
ld: warning: object file (/Users/paws/blender-web/build-dawn/probe-build/dawn/third_party/abseil/absl/base/libabsl_base.a[4](spinlock.cc.o)) was built for newer 'macOS' version (26.0) than being linked (11.2)
ld: warning: object file (/Users/paws/blender-web/build-dawn/probe-build/dawn/third_party/abseil/absl/base/libabsl_base.a[5](sysinfo.cc.o)) was built for newer 'macOS' version (26.0) than being linked (11.2)
ld: warning: object file (/Users/paws/blender-web/build-dawn/probe-build/dawn/third_party/abseil/absl/base/libabsl_base.a[6](thread_identity.cc.o)) was built for newer 'macOS' version (26.0) than being linked (11.2)
ld: warning: object file (/Users/paws/blender-web/build-dawn/probe-build/dawn/third_party/abseil/absl/base/libabsl_spinlock_wait.a[2](spinlock_wait.cc.o)) was built for newer 'macOS' version (26.0) than being linked (11.2)
ld: warning: object file (/Users/paws/blender-web/build-dawn/probe-build/dawn/third_party/abseil/absl/base/libabsl_throw_delegate.a[2](throw_delegate.cc.o)) was built for newer 'macOS' version (26.0) than being linked (11.2)
ld: warning: object file (/Users/paws/blender-web/build-dawn/probe-build/dawn/third_party/abseil/absl/base/libabsl_raw_logging_internal.a[2](raw_logging.cc.o)) was built for newer 'macOS' version (26.0) than being linked (11.2)
ld: warning: object file (/Users/paws/blender-web/build-dawn/probe-build/dawn/src/tint/libtint_lang_wgsl_resolver.a[2](dependency_graph.cc.o)) was built for newer 'macOS' version (26.0) than being linked (11.2)
ld: warning: object file (/Users/paws/blender-web/build-dawn/probe-build/dawn/src/tint/libtint_lang_wgsl_resolver.a[3](incomplete_type.cc.o)) was built for newer 'macOS' version (26.0) than being linked (11.2)
ld: warning: object file (/Users/paws/blender-web/build-dawn/probe-build/dawn/src/tint/libtint_lang_wgsl_resolver.a[4](resolve.cc.o)) was built for newer 'macOS' version (26.0) than being linked (11.2)
ld: warning: object file (/Users/paws/blender-web/build-dawn/probe-build/dawn/src/tint/libtint_lang_wgsl_resolver.a[5](resolver.cc.o)) was built for newer 'macOS' version (26.0) than being linked (11.2)
ld: warning: object file (/Users/paws/blender-web/build-dawn/probe-build/dawn/src/tint/libtint_lang_wgsl_resolver.a[6](sem_helper.cc.o)) was built for newer 'macOS' version (26.0) than being linked (11.2)
ld: warning: object file (/Users/paws/blender-web/build-dawn/probe-build/dawn/src/tint/libtint_lang_wgsl_resolver.a[7](uniformity.cc.o)) was built for newer 'macOS' version (26.0) than being linked (11.2)
ld: warning: object file (/Users/paws/blender-web/build-dawn/probe-build/dawn/src/tint/libtint_lang_wgsl_resolver.a[8](unresolved_identifier.cc.o)) was built for newer 'macOS' version (26.0) than being linked (11.2)
ld: warning: object file (/Users/paws/blender-web/build-dawn/probe-build/dawn/src/tint/libtint_lang_wgsl_resolver.a[9](validator.cc.o)) was built for newer 'macOS' version (26.0) than being linked (11.2)
ld: warning: object file (/Users/paws/blender-web/build-dawn/probe-build/dawn/src/tint/libtint_lang_wgsl_reader_program_to_ir.a[2](program_to_ir.cc.o)) was built for newer 'macOS' version (26.0) than being linked (11.2)
ld: warning: object file (/Users/paws/blender-web/build-dawn/probe-build/dawn/src/tint/libtint_lang_wgsl_program.a[2](program.cc.o)) was built for newer 'macOS' version (26.0) than being linked (11.2)
ld: warning: object file (/Users/paws/blender-web/build-dawn/probe-build/dawn/src/tint/libtint_lang_wgsl_program.a[3](program_builder.cc.o)) was built for newer 'macOS' version (26.0) than being linked (11.2)
ld: warning: object file (/Users/paws/blender-web/build-dawn/probe-build/dawn/src/tint/libtint_lang_wgsl_sem.a[2](accessor_expression.cc.o)) was built for newer 'macOS' version (26.0) than being linked (11.2)
ld: warning: object file (/Users/paws/blender-web/build-dawn/probe-build/dawn/src/tint/libtint_lang_wgsl_sem.a[3](array.cc.o)) was built for newer 'macOS' version (26.0) than being linked (11.2)
ld: warning: object file (/Users/paws/blender-web/build-dawn/probe-build/dawn/src/tint/libtint_lang_wgsl_sem.a[4](array_count.cc.o)) was built for newer 'macOS' version (26.0) than being linked (11.2)
ld: warning: object file (/Users/paws/blender-web/build-dawn/probe-build/dawn/src/tint/libtint_lang_wgsl_sem.a[5](behavior.cc.o)) was built for newer 'macOS' version (26.0) than being linked (11.2)
ld: warning: object file (/Users/paws/blender-web/build-dawn/probe-build/dawn/src/tint/libtint_lang_wgsl_sem.a[6](block_statement.cc.o)) was built for newer 'macOS' version (26.0) than being linked (11.2)
ld: warning: object file (/Users/paws/blender-web/build-dawn/probe-build/dawn/src/tint/libtint_lang_wgsl_sem.a[7](break_if_statement.cc.o)) was built for newer 'macOS' version (26.0) than being linked (11.2)
ld: warning: object file (/Users/paws/blender-web/build-dawn/probe-build/dawn/src/tint/libtint_lang_wgsl_sem.a[8](builtin_enum_expression.cc.o)) was built for newer 'macOS' version (26.0) than being linked (11.2)
ld: warning: object file (/Users/paws/blender-web/build-dawn/probe-build/dawn/src/tint/libtint_lang_wgsl_sem.a[9](builtin_fn.cc.o)) was built for newer 'macOS' version (26.0) than being linked (11.2)
ld: warning: object file (/Users/paws/blender-web/build-dawn/probe-build/dawn/src/tint/libtint_lang_wgsl_sem.a[10](call.cc.o)) was built for newer 'macOS' version (26.0) than being linked (11.2)
ld: warning: object file (/Users/paws/blender-web/build-dawn/probe-build/dawn/src/tint/libtint_lang_wgsl_sem.a[11](call_target.cc.o)) was built for newer 'macOS' version (26.0) than being linked (11.2)
ld: warning: object file (/Users/paws/blender-web/build-dawn/probe-build/dawn/src/tint/libtint_lang_wgsl_sem.a[12](expression.cc.o)) was built for newer 'macOS' version (26.0) than being linked (11.2)
ld: warning: object file (/Users/paws/blender-web/build-dawn/probe-build/dawn/src/tint/libtint_lang_wgsl_sem.a[13](for_loop_statement.cc.o)) was built for newer 'macOS' version (26.0) than being linked (11.2)
ld: warning: object file (/Users/paws/blender-web/build-dawn/probe-build/dawn/src/tint/libtint_lang_wgsl_sem.a[14](function.cc.o)) was built for newer 'macOS' version (26.0) than being linked (11.2)
ld: warning: object file (/Users/paws/blender-web/build-dawn/probe-build/dawn/src/tint/libtint_lang_wgsl_sem.a[15](function_expression.cc.o)) was built for newer 'macOS' version (26.0) than being linked (11.2)
ld: warning: object file (/Users/paws/blender-web/build-dawn/probe-build/dawn/src/tint/libtint_lang_wgsl_sem.a[16](if_statement.cc.o)) was built for newer 'macOS' version (26.0) than being linked (11.2)
ld: warning: object file (/Users/paws/blender-web/build-dawn/probe-build/dawn/src/tint/libtint_lang_wgsl_sem.a[17](index_accessor_expression.cc.o)) was built for newer 'macOS' version (26.0) than being linked (11.2)
ld: warning: object file (/Users/paws/blender-web/build-dawn/probe-build/dawn/src/tint/libtint_lang_wgsl_sem.a[18](info.cc.o)) was built for newer 'macOS' version (26.0) than being linked (11.2)
ld: warning: object file (/Users/paws/blender-web/build-dawn/probe-build/dawn/src/tint/libtint_lang_wgsl_sem.a[19](load.cc.o)) was built for newer 'macOS' version (26.0) than being linked (11.2)
ld: warning: object file (/Users/paws/blender-web/build-dawn/probe-build/dawn/src/tint/libtint_lang_wgsl_sem.a[20](loop_statement.cc.o)) was built for newer 'macOS' version (26.0) than being linked (11.2)
ld: warning: object file (/Users/paws/blender-web/build-dawn/probe-build/dawn/src/tint/libtint_lang_wgsl_sem.a[21](materialize.cc.o)) was built for newer 'macOS' version (26.0) than being linked (11.2)
ld: warning: object file (/Users/paws/blender-web/build-dawn/probe-build/dawn/src/tint/libtint_lang_wgsl_sem.a[22](member_accessor_expression.cc.o)) was built for newer 'macOS' version (26.0) than being linked (11.2)
ld: warning: object file (/Users/paws/blender-web/build-dawn/probe-build/dawn/src/tint/libtint_lang_wgsl_sem.a[23](module.cc.o)) was built for newer 'macOS' version (26.0) than being linked (11.2)
ld: warning: object file (/Users/paws/blender-web/build-dawn/probe-build/dawn/src/tint/libtint_lang_wgsl_sem.a[24](node.cc.o)) was built for newer 'macOS' version (26.0) than being linked (11.2)
ld: warning: object file (/Users/paws/blender-web/build-dawn/probe-build/dawn/src/tint/libtint_lang_wgsl_sem.a[25](statement.cc.o)) was built for newer 'macOS' version (26.0) than being linked (11.2)
ld: warning: object file (/Users/paws/blender-web/build-dawn/probe-build/dawn/src/tint/libtint_lang_wgsl_sem.a[26](struct.cc.o)) was built for newer 'macOS' version (26.0) than being linked (11.2)
ld: warning: object file (/Users/paws/blender-web/build-dawn/probe-build/dawn/src/tint/libtint_lang_wgsl_sem.a[27](switch_statement.cc.o)) was built for newer 'macOS' version (26.0) than being linked (11.2)
ld: warning: object file (/Users/paws/blender-web/build-dawn/probe-build/dawn/src/tint/libtint_lang_wgsl_sem.a[28](type_expression.cc.o)) was built for newer 'macOS' version (26.0) than being linked (11.2)
ld: warning: object file (/Users/paws/blender-web/build-dawn/probe-build/dawn/src/tint/libtint_lang_wgsl_sem.a[29](value_constructor.cc.o)) was built for newer 'macOS' version (26.0) than being linked (11.2)
ld: warning: object file (/Users/paws/blender-web/build-dawn/probe-build/dawn/src/tint/libtint_lang_wgsl_sem.a[30](value_conversion.cc.o)) was built for newer 'macOS' version (26.0) than being linked (11.2)
ld: warning: object file (/Users/paws/blender-web/build-dawn/probe-build/dawn/src/tint/libtint_lang_wgsl_sem.a[31](value_expression.cc.o)) was built for newer 'macOS' version (26.0) than being linked (11.2)
ld: warning: object file (/Users/paws/blender-web/build-dawn/probe-build/dawn/src/tint/libtint_lang_wgsl_sem.a[32](variable.cc.o)) was built for newer 'macOS' version (26.0) than being linked (11.2)
ld: warning: object file (/Users/paws/blender-web/build-dawn/probe-build/dawn/src/tint/libtint_lang_wgsl_sem.a[33](while_statement.cc.o)) was built for newer 'macOS' version (26.0) than being linked (11.2)
ld: warning: object file (/Users/paws/blender-web/build-dawn/probe-build/dawn/src/tint/libtint_lang_wgsl_ast.a[2](accessor_expression.cc.o)) was built for newer 'macOS' version (26.0) than being linked (11.2)
ld: warning: object file (/Users/paws/blender-web/build-dawn/probe-build/dawn/src/tint/libtint_lang_wgsl_ast.a[3](alias.cc.o)) was built for newer 'macOS' version (26.0) than being linked (11.2)
ld: warning: object file (/Users/paws/blender-web/build-dawn/probe-build/dawn/src/tint/libtint_lang_wgsl_ast.a[4](assignment_statement.cc.o)) was built for newer 'macOS' version (26.0) than being linked (11.2)
ld: warning: object file (/Users/paws/blender-web/build-dawn/probe-build/dawn/src/tint/libtint_lang_wgsl_ast.a[5](attribute.cc.o)) was built for newer 'macOS' version (26.0) than being linked (11.2)
ld: warning: object file (/Users/paws/blender-web/build-dawn/probe-build/dawn/src/tint/libtint_lang_wgsl_ast.a[6](binary_expression.cc.o)) was built for newer 'macOS' version (26.0) than being linked (11.2)
ld: warning: object file (/Users/paws/blender-web/build-dawn/probe-build/dawn/src/tint/libtint_lang_wgsl_ast.a[7](binding_attribute.cc.o)) was built for newer 'macOS' version (26.0) than being linked (11.2)
ld: warning: object file (/Users/paws/blender-web/build-dawn/probe-build/dawn/src/tint/libtint_lang_wgsl_ast.a[8](blend_src_attribute.cc.o)) was built for newer 'macOS' version (26.0) than being linked (11.2)
ld: warning: object file (/Users/paws/blender-web/build-dawn/probe-build/dawn/src/tint/libtint_lang_wgsl_ast.a[9](block_statement.cc.o)) was built for newer 'macOS' version (26.0) than being linked (11.2)
ld: warning: object file (/Users/paws/blender-web/build-dawn/probe-build/dawn/src/tint/libtint_lang_wgsl_ast.a[10](bool_literal_expression.cc.o)) was built for newer 'macOS' version (26.0) than being linked (11.2)
ld: warning: object file (/Users/paws/blender-web/build-dawn/probe-build/dawn/src/tint/libtint_lang_wgsl_ast.a[11](break_if_statement.cc.o)) was built for newer 'macOS' version (26.0) than being linked (11.2)
ld: warning: object file (/Users/paws/blender-web/build-dawn/probe-build/dawn/src/tint/libtint_lang_wgsl_ast.a[12](break_statement.cc.o)) was built for newer 'macOS' version (26.0) than being linked (11.2)
ld: warning: object file (/Users/paws/blender-web/build-dawn/probe-build/dawn/src/tint/libtint_lang_wgsl_ast.a[13](builder.cc.o)) was built for newer 'macOS' version (26.0) than being linked (11.2)
ld: warning: object file (/Users/paws/blender-web/build-dawn/probe-build/dawn/src/tint/libtint_lang_wgsl_ast.a[14](builtin_attribute.cc.o)) was built for newer 'macOS' version (26.0) than being linked (11.2)
ld: warning: object file (/Users/paws/blender-web/build-dawn/probe-build/dawn/src/tint/libtint_lang_wgsl_ast.a[15](call_expression.cc.o)) was built for newer 'macOS' version (26.0) than being linked (11.2)
ld: warning: object file (/Users/paws/blender-web/build-dawn/probe-build/dawn/src/tint/libtint_lang_wgsl_ast.a[16](call_statement.cc.o)) was built for newer 'macOS' version (26.0) than being linked (11.2)
ld: warning: object file (/Users/paws/blender-web/build-dawn/probe-build/dawn/src/tint/libtint_lang_wgsl_ast.a[17](case_selector.cc.o)) was built for newer 'macOS' version (26.0) than being linked (11.2)
ld: warning: object file (/Users/paws/blender-web/build-dawn/probe-build/dawn/src/tint/libtint_lang_wgsl_ast.a[18](case_statement.cc.o)) was built for newer 'macOS' version (26.0) than being linked (11.2)
ld: warning: object file (/Users/paws/blender-web/build-dawn/probe-build/dawn/src/tint/libtint_lang_wgsl_ast.a[19](color_attribute.cc.o)) was built for newer 'macOS' version (26.0) than being linked (11.2)
ld: warning: object file (/Users/paws/blender-web/build-dawn/probe-build/dawn/src/tint/libtint_lang_wgsl_ast.a[20](compound_assignment_statement.cc.o)) was built for newer 'macOS' version (26.0) than being linked (11.2)
ld: warning: object file (/Users/paws/blender-web/build-dawn/probe-build/dawn/src/tint/libtint_lang_wgsl_ast.a[21](const.cc.o)) was built for newer 'macOS' version (26.0) than being linked (11.2)
ld: warning: object file (/Users/paws/blender-web/build-dawn/probe-build/dawn/src/tint/libtint_lang_wgsl_ast.a[22](const_assert.cc.o)) was built for newer 'macOS' version (26.0) than being linked (11.2)
ld: warning: object file (/Users/paws/blender-web/build-dawn/probe-build/dawn/src/tint/libtint_lang_wgsl_ast.a[23](continue_statement.cc.o)) was built for newer 'macOS' version (26.0) than being linked (11.2)
ld: warning: object file (/Users/paws/blender-web/build-dawn/probe-build/dawn/src/tint/libtint_lang_wgsl_ast.a[24](diagnostic_attribute.cc.o)) was built for newer 'macOS' version (26.0) than being linked (11.2)
ld: warning: object file (/Users/paws/blender-web/build-dawn/probe-build/dawn/src/tint/libtint_lang_wgsl_ast.a[25](diagnostic_control.cc.o)) was built for newer 'macOS' version (26.0) than being linked (11.2)
ld: warning: object file (/Users/paws/blender-web/build-dawn/probe-build/dawn/src/tint/libtint_lang_wgsl_ast.a[26](diagnostic_directive.cc.o)) was built for newer 'macOS' version (26.0) than being linked (11.2)
ld: warning: object file (/Users/paws/blender-web/build-dawn/probe-build/dawn/src/tint/libtint_lang_wgsl_ast.a[27](diagnostic_rule_name.cc.o)) was built for newer 'macOS' version (26.0) than being linked (11.2)
ld: warning: object file (/Users/paws/blender-web/build-dawn/probe-build/dawn/src/tint/libtint_lang_wgsl_ast.a[28](discard_statement.cc.o)) was built for newer 'macOS' version (26.0) than being linked (11.2)
ld: warning: object file (/Users/paws/blender-web/build-dawn/probe-build/dawn/src/tint/libtint_lang_wgsl_ast.a[29](enable.cc.o)) was built for newer 'macOS' version (26.0) than being linked (11.2)
ld: warning: object file (/Users/paws/blender-web/build-dawn/probe-build/dawn/src/tint/libtint_lang_wgsl_ast.a[30](expression.cc.o)) was built for newer 'macOS' version (26.0) than being linked (11.2)
ld: warning: object file (/Users/paws/blender-web/build-dawn/probe-build/dawn/src/tint/libtint_lang_wgsl_ast.a[31](extension.cc.o)) was built for newer 'macOS' version (26.0) than being linked (11.2)
ld: warning: object file (/Users/paws/blender-web/build-dawn/probe-build/dawn/src/tint/libtint_lang_wgsl_ast.a[32](float_literal_expression.cc.o)) was built for newer 'macOS' version (26.0) than being linked (11.2)
ld: warning: object file (/Users/paws/blender-web/build-dawn/probe-build/dawn/src/tint/libtint_lang_wgsl_ast.a[33](for_loop_statement.cc.o)) was built for newer 'macOS' version (26.0) than being linked (11.2)
ld: warning: object file (/Users/paws/blender-web/build-dawn/probe-build/dawn/src/tint/libtint_lang_wgsl_ast.a[34](function.cc.o)) was built for newer 'macOS' version (26.0) than being linked (11.2)
ld: warning: object file (/Users/paws/blender-web/build-dawn/probe-build/dawn/src/tint/libtint_lang_wgsl_ast.a[35](group_attribute.cc.o)) was built for newer 'macOS' version (26.0) than being linked (11.2)
ld: warning: object file (/Users/paws/blender-web/build-dawn/probe-build/dawn/src/tint/libtint_lang_wgsl_ast.a[36](id_attribute.cc.o)) was built for newer 'macOS' version (26.0) than being linked (11.2)
ld: warning: object file (/Users/paws/blender-web/build-dawn/probe-build/dawn/src/tint/libtint_lang_wgsl_ast.a[37](identifier.cc.o)) was built for newer 'macOS' version (26.0) than being linked (11.2)
ld: warning: object file (/Users/paws/blender-web/build-dawn/probe-build/dawn/src/tint/libtint_lang_wgsl_ast.a[38](identifier_expression.cc.o)) was built for newer 'macOS' version (26.0) than being linked (11.2)
ld: warning: object file (/Users/paws/blender-web/build-dawn/probe-build/dawn/src/tint/libtint_lang_wgsl_ast.a[39](if_statement.cc.o)) was built for newer 'macOS' version (26.0) than being linked (11.2)
ld: warning: object file (/Users/paws/blender-web/build-dawn/probe-build/dawn/src/tint/libtint_lang_wgsl_ast.a[40](increment_decrement_statement.cc.o)) was built for newer 'macOS' version (26.0) than being linked (11.2)
ld: warning: object file (/Users/paws/blender-web/build-dawn/probe-build/dawn/src/tint/libtint_lang_wgsl_ast.a[41](index_accessor_expression.cc.o)) was built for newer 'macOS' version (26.0) than being linked (11.2)
ld: warning: object file (/Users/paws/blender-web/build-dawn/probe-build/dawn/src/tint/libtint_lang_wgsl_ast.a[42](input_attachment_index_attribute.cc.o)) was built for newer 'macOS' version (26.0) than being linked (11.2)
ld: warning: object file (/Users/paws/blender-web/build-dawn/probe-build/dawn/src/tint/libtint_lang_wgsl_ast.a[43](int_literal_expression.cc.o)) was built for newer 'macOS' version (26.0) than being linked (11.2)
ld: warning: object file (/Users/paws/blender-web/build-dawn/probe-build/dawn/src/tint/libtint_lang_wgsl_ast.a[44](interpolate_attribute.cc.o)) was built for newer 'macOS' version (26.0) than being linked (11.2)
ld: warning: object file (/Users/paws/blender-web/build-dawn/probe-build/dawn/src/tint/libtint_lang_wgsl_ast.a[45](invariant_attribute.cc.o)) was built for newer 'macOS' version (26.0) than being linked (11.2)
ld: warning: object file (/Users/paws/blender-web/build-dawn/probe-build/dawn/src/tint/libtint_lang_wgsl_ast.a[46](let.cc.o)) was built for newer 'macOS' version (26.0) than being linked (11.2)
ld: warning: object file (/Users/paws/blender-web/build-dawn/probe-build/dawn/src/tint/libtint_lang_wgsl_ast.a[47](literal_expression.cc.o)) was built for newer 'macOS' version (26.0) than being linked (11.2)
ld: warning: object file (/Users/paws/blender-web/build-dawn/probe-build/dawn/src/tint/libtint_lang_wgsl_ast.a[48](location_attribute.cc.o)) was built for newer 'macOS' version (26.0) than being linked (11.2)
ld: warning: object file (/Users/paws/blender-web/build-dawn/probe-build/dawn/src/tint/libtint_lang_wgsl_ast.a[49](loop_statement.cc.o)) was built for newer 'macOS' version (26.0) than being linked (11.2)
ld: warning: object file (/Users/paws/blender-web/build-dawn/probe-build/dawn/src/tint/libtint_lang_wgsl_ast.a[50](member_accessor_expression.cc.o)) was built for newer 'macOS' version (26.0) than being linked (11.2)
ld: warning: object file (/Users/paws/blender-web/build-dawn/probe-build/dawn/src/tint/libtint_lang_wgsl_ast.a[51](module.cc.o)) was built for newer 'macOS' version (26.0) than being linked (11.2)
ld: warning: object file (/Users/paws/blender-web/build-dawn/probe-build/dawn/src/tint/libtint_lang_wgsl_ast.a[52](must_use_attribute.cc.o)) was built for newer 'macOS' version (26.0) than being linked (11.2)
ld: warning: object file (/Users/paws/blender-web/build-dawn/probe-build/dawn/src/tint/libtint_lang_wgsl_ast.a[53](node.cc.o)) was built for newer 'macOS' version (26.0) than being linked (11.2)
ld: warning: object file (/Users/paws/blender-web/build-dawn/probe-build/dawn/src/tint/libtint_lang_wgsl_ast.a[54](override.cc.o)) was built for newer 'macOS' version (26.0) than being linked (11.2)
ld: warning: object file (/Users/paws/blender-web/build-dawn/probe-build/dawn/src/tint/libtint_lang_wgsl_ast.a[55](parameter.cc.o)) was built for newer 'macOS' version (26.0) than being linked (11.2)
ld: warning: object file (/Users/paws/blender-web/build-dawn/probe-build/dawn/src/tint/libtint_lang_wgsl_ast.a[56](phony_expression.cc.o)) was built for newer 'macOS' version (26.0) than being linked (11.2)
ld: warning: object file (/Users/paws/blender-web/build-dawn/probe-build/dawn/src/tint/libtint_lang_wgsl_ast.a[57](pipeline_stage.cc.o)) was built for newer 'macOS' version (26.0) than being linked (11.2)
ld: warning: object file (/Users/paws/blender-web/build-dawn/probe-build/dawn/src/tint/libtint_lang_wgsl_ast.a[58](requires.cc.o)) was built for newer 'macOS' version (26.0) than being linked (11.2)
ld: warning: object file (/Users/paws/blender-web/build-dawn/probe-build/dawn/src/tint/libtint_lang_wgsl_ast.a[59](return_statement.cc.o)) was built for newer 'macOS' version (26.0) than being linked (11.2)
ld: warning: object file (/Users/paws/blender-web/build-dawn/probe-build/dawn/src/tint/libtint_lang_wgsl_ast.a[60](stage_attribute.cc.o)) was built for newer 'macOS' version (26.0) than being linked (11.2)
ld: warning: object file (/Users/paws/blender-web/build-dawn/probe-build/dawn/src/tint/libtint_lang_wgsl_ast.a[61](statement.cc.o)) was built for newer 'macOS' version (26.0) than being linked (11.2)
ld: warning: object file (/Users/paws/blender-web/build-dawn/probe-build/dawn/src/tint/libtint_lang_wgsl_ast.a[62](struct.cc.o)) was built for newer 'macOS' version (26.0) than being linked (11.2)
ld: warning: object file (/Users/paws/blender-web/build-dawn/probe-build/dawn/src/tint/libtint_lang_wgsl_ast.a[63](struct_member.cc.o)) was built for newer 'macOS' version (26.0) than being linked (11.2)
ld: warning: object file (/Users/paws/blender-web/build-dawn/probe-build/dawn/src/tint/libtint_lang_wgsl_ast.a[64](struct_member_align_attribute.cc.o)) was built for newer 'macOS' version (26.0) than being linked (11.2)
ld: warning: object file (/Users/paws/blender-web/build-dawn/probe-build/dawn/src/tint/libtint_lang_wgsl_ast.a[65](struct_member_size_attribute.cc.o)) was built for newer 'macOS' version (26.0) than being linked (11.2)
ld: warning: object file (/Users/paws/blender-web/build-dawn/probe-build/dawn/src/tint/libtint_lang_wgsl_ast.a[66](subgroup_size_attribute.cc.o)) was built for newer 'macOS' version (26.0) than being linked (11.2)
ld: warning: object file (/Users/paws/blender-web/build-dawn/probe-build/dawn/src/tint/libtint_lang_wgsl_ast.a[67](switch_statement.cc.o)) was built for newer 'macOS' version (26.0) than being linked (11.2)
ld: warning: object file (/Users/paws/blender-web/build-dawn/probe-build/dawn/src/tint/libtint_lang_wgsl_ast.a[68](templated_identifier.cc.o)) was built for newer 'macOS' version (26.0) than being linked (11.2)
ld: warning: object file (/Users/paws/blender-web/build-dawn/probe-build/dawn/src/tint/libtint_lang_wgsl_ast.a[69](type_decl.cc.o)) was built for newer 'macOS' version (26.0) than being linked (11.2)
ld: warning: object file (/Users/paws/blender-web/build-dawn/probe-build/dawn/src/tint/libtint_lang_wgsl_ast.a[70](unary_op_expression.cc.o)) was built for newer 'macOS' version (26.0) than being linked (11.2)
ld: warning: object file (/Users/paws/blender-web/build-dawn/probe-build/dawn/src/tint/libtint_lang_wgsl_ast.a[71](var.cc.o)) was built for newer 'macOS' version (26.0) than being linked (11.2)
ld: warning: object file (/Users/paws/blender-web/build-dawn/probe-build/dawn/src/tint/libtint_lang_wgsl_ast.a[72](variable.cc.o)) was built for newer 'macOS' version (26.0) than being linked (11.2)
ld: warning: object file (/Users/paws/blender-web/build-dawn/probe-build/dawn/src/tint/libtint_lang_wgsl_ast.a[73](variable_decl_statement.cc.o)) was built for newer 'macOS' version (26.0) than being linked (11.2)
ld: warning: object file (/Users/paws/blender-web/build-dawn/probe-build/dawn/src/tint/libtint_lang_wgsl_ast.a[74](while_statement.cc.o)) was built for newer 'macOS' version (26.0) than being linked (11.2)
ld: warning: object file (/Users/paws/blender-web/build-dawn/probe-build/dawn/src/tint/libtint_lang_wgsl_ast.a[75](workgroup_attribute.cc.o)) was built for newer 'macOS' version (26.0) than being linked (11.2)
ld: warning: object file (/Users/paws/blender-web/build-dawn/probe-build/dawn/src/tint/libtint_lang_wgsl_ir.a[2](atomic_vec2u_to_from_u64.cc.o)) was built for newer 'macOS' version (26.0) than being linked (11.2)
ld: warning: object file (/Users/paws/blender-web/build-dawn/probe-build/dawn/src/tint/libtint_lang_wgsl_ir.a[3](builtin_call.cc.o)) was built for newer 'macOS' version (26.0) than being linked (11.2)
ld: warning: object file (/Users/paws/blender-web/build-dawn/probe-build/dawn/src/tint/libtint_lang_wgsl_ir.a[4](unary.cc.o)) was built for newer 'macOS' version (26.0) than being linked (11.2)
ld: warning: object file (/Users/paws/blender-web/build-dawn/probe-build/dawn/src/tint/libtint_lang_core_ir.a[2](access.cc.o)) was built for newer 'macOS' version (26.0) than being linked (11.2)
ld: warning: object file (/Users/paws/blender-web/build-dawn/probe-build/dawn/src/tint/libtint_lang_core_ir.a[3](binary.cc.o)) was built for newer 'macOS' version (26.0) than being linked (11.2)
ld: warning: object file (/Users/paws/blender-web/build-dawn/probe-build/dawn/src/tint/libtint_lang_core_ir.a[4](block.cc.o)) was built for newer 'macOS' version (26.0) than being linked (11.2)
ld: warning: object file (/Users/paws/blender-web/build-dawn/probe-build/dawn/src/tint/libtint_lang_core_ir.a[5](block_param.cc.o)) was built for newer 'macOS' version (26.0) than being linked (11.2)
ld: warning: object file (/Users/paws/blender-web/build-dawn/probe-build/dawn/src/tint/libtint_lang_core_ir.a[6](break_if.cc.o)) was built for newer 'macOS' version (26.0) than being linked (11.2)
ld: warning: object file (/Users/paws/blender-web/build-dawn/probe-build/dawn/src/tint/libtint_lang_core_ir.a[7](builder.cc.o)) was built for newer 'macOS' version (26.0) than being linked (11.2)
ld: warning: object file (/Users/paws/blender-web/build-dawn/probe-build/dawn/src/tint/libtint_lang_core_ir.a[8](builtin_call.cc.o)) was built for newer 'macOS' version (26.0) than being linked (11.2)
ld: warning: object file (/Users/paws/blender-web/build-dawn/probe-build/dawn/src/tint/libtint_lang_core_ir.a[9](call.cc.o)) was built for newer 'macOS' version (26.0) than being linked (11.2)
ld: warning: object file (/Users/paws/blender-web/build-dawn/probe-build/dawn/src/tint/libtint_lang_core_ir.a[10](clone_context.cc.o)) was built for newer 'macOS' version (26.0) than being linked (11.2)
ld: warning: object file (/Users/paws/blender-web/build-dawn/probe-build/dawn/src/tint/libtint_lang_core_ir.a[11](const_param_validator.cc.o)) was built for newer 'macOS' version (26.0) than being linked (11.2)
ld: warning: object file (/Users/paws/blender-web/build-dawn/probe-build/dawn/src/tint/libtint_lang_core_ir.a[12](constant.cc.o)) was built for newer 'macOS' version (26.0) than being linked (11.2)
ld: warning: object file (/Users/paws/blender-web/build-dawn/probe-build/dawn/src/tint/libtint_lang_core_ir.a[13](constexpr_if.cc.o)) was built for newer 'macOS' version (26.0) than being linked (11.2)
ld: warning: object file (/Users/paws/blender-web/build-dawn/probe-build/dawn/src/tint/libtint_lang_core_ir.a[14](construct.cc.o)) was built for newer 'macOS' version (26.0) than being linked (11.2)
ld: warning: object file (/Users/paws/blender-web/build-dawn/probe-build/dawn/src/tint/libtint_lang_core_ir.a[15](continue.cc.o)) was built for newer 'macOS' version (26.0) than being linked (11.2)
ld: warning: object file (/Users/paws/blender-web/build-dawn/probe-build/dawn/src/tint/libtint_lang_core_ir.a[16](control_instruction.cc.o)) was built for newer 'macOS' version (26.0) than being linked (11.2)
ld: warning: object file (/Users/paws/blender-web/build-dawn/probe-build/dawn/src/tint/libtint_lang_core_ir.a[17](convert.cc.o)) was built for newer 'macOS' version (26.0) than being linked (11.2)
ld: warning: object file (/Users/paws/blender-web/build-dawn/probe-build/dawn/src/tint/libtint_lang_core_ir.a[18](core_binary.cc.o)) was built for newer 'macOS' version (26.0) than being linked (11.2)
ld: warning: object file (/Users/paws/blender-web/build-dawn/probe-build/dawn/src/tint/libtint_lang_core_ir.a[19](core_builtin_call.cc.o)) was built for newer 'macOS' version (26.0) than being linked (11.2)
ld: warning: object file (/Users/paws/blender-web/build-dawn/probe-build/dawn/src/tint/libtint_lang_core_ir.a[20](core_unary.cc.o)) was built for newer 'macOS' version (26.0) than being linked (11.2)
ld: warning: object file (/Users/paws/blender-web/build-dawn/probe-build/dawn/src/tint/libtint_lang_core_ir.a[21](disassembler.cc.o)) was built for newer 'macOS' version (26.0) than being linked (11.2)
ld: warning: object file (/Users/paws/blender-web/build-dawn/probe-build/dawn/src/tint/libtint_lang_core_ir.a[22](discard.cc.o)) was built for newer 'macOS' version (26.0) than being linked (11.2)
ld: warning: object file (/Users/paws/blender-web/build-dawn/probe-build/dawn/src/tint/libtint_lang_core_ir.a[23](evaluator.cc.o)) was built for newer 'macOS' version (26.0) than being linked (11.2)
ld: warning: object file (/Users/paws/blender-web/build-dawn/probe-build/dawn/src/tint/libtint_lang_core_ir.a[24](exit.cc.o)) was built for newer 'macOS' version (26.0) than being linked (11.2)
ld: warning: object file (/Users/paws/blender-web/build-dawn/probe-build/dawn/src/tint/libtint_lang_core_ir.a[25](exit_if.cc.o)) was built for newer 'macOS' version (26.0) than being linked (11.2)
ld: warning: object file (/Users/paws/blender-web/build-dawn/probe-build/dawn/src/tint/libtint_lang_core_ir.a[26](exit_loop.cc.o)) was built for newer 'macOS' version (26.0) than being linked (11.2)
ld: warning: object file (/Users/paws/blender-web/build-dawn/probe-build/dawn/src/tint/libtint_lang_core_ir.a[27](exit_switch.cc.o)) was built for newer 'macOS' version (26.0) than being linked (11.2)
ld: warning: object file (/Users/paws/blender-web/build-dawn/probe-build/dawn/src/tint/libtint_lang_core_ir.a[28](function.cc.o)) was built for newer 'macOS' version (26.0) than being linked (11.2)
ld: warning: object file (/Users/paws/blender-web/build-dawn/probe-build/dawn/src/tint/libtint_lang_core_ir.a[29](function_param.cc.o)) was built for newer 'macOS' version (26.0) than being linked (11.2)
ld: warning: object file (/Users/paws/blender-web/build-dawn/probe-build/dawn/src/tint/libtint_lang_core_ir.a[30](functional_validator.cc.o)) was built for newer 'macOS' version (26.0) than being linked (11.2)
ld: warning: object file (/Users/paws/blender-web/build-dawn/probe-build/dawn/src/tint/libtint_lang_core_ir.a[31](if.cc.o)) was built for newer 'macOS' version (26.0) than being linked (11.2)
ld: warning: object file (/Users/paws/blender-web/build-dawn/probe-build/dawn/src/tint/libtint_lang_core_ir.a[32](instruction.cc.o)) was built for newer 'macOS' version (26.0) than being linked (11.2)
ld: warning: object file (/Users/paws/blender-web/build-dawn/probe-build/dawn/src/tint/libtint_lang_core_ir.a[33](instruction_result.cc.o)) was built for newer 'macOS' version (26.0) than being linked (11.2)
ld: warning: object file (/Users/paws/blender-web/build-dawn/probe-build/dawn/src/tint/libtint_lang_core_ir.a[34](io_attribute_validator.cc.o)) was built for newer 'macOS' version (26.0) than being linked (11.2)
ld: warning: object file (/Users/paws/blender-web/build-dawn/probe-build/dawn/src/tint/libtint_lang_core_ir.a[35](let.cc.o)) was built for newer 'macOS' version (26.0) than being linked (11.2)
ld: warning: object file (/Users/paws/blender-web/build-dawn/probe-build/dawn/src/tint/libtint_lang_core_ir.a[36](load.cc.o)) was built for newer 'macOS' version (26.0) than being linked (11.2)
ld: warning: object file (/Users/paws/blender-web/build-dawn/probe-build/dawn/src/tint/libtint_lang_core_ir.a[37](load_vector_element.cc.o)) was built for newer 'macOS' version (26.0) than being linked (11.2)
ld: warning: object file (/Users/paws/blender-web/build-dawn/probe-build/dawn/src/tint/libtint_lang_core_ir.a[38](loop.cc.o)) was built for newer 'macOS' version (26.0) than being linked (11.2)
ld: warning: object file (/Users/paws/blender-web/build-dawn/probe-build/dawn/src/tint/libtint_lang_core_ir.a[39](member_builtin_call.cc.o)) was built for newer 'macOS' version (26.0) than being linked (11.2)
ld: warning: object file (/Users/paws/blender-web/build-dawn/probe-build/dawn/src/tint/libtint_lang_core_ir.a[40](module.cc.o)) was built for newer 'macOS' version (26.0) than being linked (11.2)
ld: warning: object file (/Users/paws/blender-web/build-dawn/probe-build/dawn/src/tint/libtint_lang_core_ir.a[41](multi_in_block.cc.o)) was built for newer 'macOS' version (26.0) than being linked (11.2)
ld: warning: object file (/Users/paws/blender-web/build-dawn/probe-build/dawn/src/tint/libtint_lang_core_ir.a[42](next_iteration.cc.o)) was built for newer 'macOS' version (26.0) than being linked (11.2)
ld: warning: object file (/Users/paws/blender-web/build-dawn/probe-build/dawn/src/tint/libtint_lang_core_ir.a[43](operand_instruction.cc.o)) was built for newer 'macOS' version (26.0) than being linked (11.2)
ld: warning: object file (/Users/paws/blender-web/build-dawn/probe-build/dawn/src/tint/libtint_lang_core_ir.a[44](override.cc.o)) was built for newer 'macOS' version (26.0) than being linked (11.2)
ld: warning: object file (/Users/paws/blender-web/build-dawn/probe-build/dawn/src/tint/libtint_lang_core_ir.a[45](phony.cc.o)) was built for newer 'macOS' version (26.0) than being linked (11.2)
ld: warning: object file (/Users/paws/blender-web/build-dawn/probe-build/dawn/src/tint/libtint_lang_core_ir.a[46](reflection.cc.o)) was built for newer 'macOS' version (26.0) than being linked (11.2)
ld: warning: object file (/Users/paws/blender-web/build-dawn/probe-build/dawn/src/tint/libtint_lang_core_ir.a[47](return.cc.o)) was built for newer 'macOS' version (26.0) than being linked (11.2)
ld: warning: object file (/Users/paws/blender-web/build-dawn/probe-build/dawn/src/tint/libtint_lang_core_ir.a[48](store.cc.o)) was built for newer 'macOS' version (26.0) than being linked (11.2)
ld: warning: object file (/Users/paws/blender-web/build-dawn/probe-build/dawn/src/tint/libtint_lang_core_ir.a[49](store_vector_element.cc.o)) was built for newer 'macOS' version (26.0) than being linked (11.2)
ld: warning: object file (/Users/paws/blender-web/build-dawn/probe-build/dawn/src/tint/libtint_lang_core_ir.a[50](structural_validator.cc.o)) was built for newer 'macOS' version (26.0) than being linked (11.2)
ld: warning: object file (/Users/paws/blender-web/build-dawn/probe-build/dawn/src/tint/libtint_lang_core_ir.a[51](switch.cc.o)) was built for newer 'macOS' version (26.0) than being linked (11.2)
ld: warning: object file (/Users/paws/blender-web/build-dawn/probe-build/dawn/src/tint/libtint_lang_core_ir.a[52](swizzle.cc.o)) was built for newer 'macOS' version (26.0) than being linked (11.2)
ld: warning: object file (/Users/paws/blender-web/build-dawn/probe-build/dawn/src/tint/libtint_lang_core_ir.a[53](terminate_invocation.cc.o)) was built for newer 'macOS' version (26.0) than being linked (11.2)
ld: warning: object file (/Users/paws/blender-web/build-dawn/probe-build/dawn/src/tint/libtint_lang_core_ir.a[54](terminator.cc.o)) was built for newer 'macOS' version (26.0) than being linked (11.2)
ld: warning: object file (/Users/paws/blender-web/build-dawn/probe-build/dawn/src/tint/libtint_lang_core_ir.a[55](unary.cc.o)) was built for newer 'macOS' version (26.0) than being linked (11.2)
ld: warning: object file (/Users/paws/blender-web/build-dawn/probe-build/dawn/src/tint/libtint_lang_core_ir.a[56](unreachable.cc.o)) was built for newer 'macOS' version (26.0) than being linked (11.2)
ld: warning: object file (/Users/paws/blender-web/build-dawn/probe-build/dawn/src/tint/libtint_lang_core_ir.a[57](unused.cc.o)) was built for newer 'macOS' version (26.0) than being linked (11.2)
ld: warning: object file (/Users/paws/blender-web/build-dawn/probe-build/dawn/src/tint/libtint_lang_core_ir.a[58](user_call.cc.o)) was built for newer 'macOS' version (26.0) than being linked (11.2)
ld: warning: object file (/Users/paws/blender-web/build-dawn/probe-build/dawn/src/tint/libtint_lang_core_ir.a[59](validator.cc.o)) was built for newer 'macOS' version (26.0) than being linked (11.2)
ld: warning: object file (/Users/paws/blender-web/build-dawn/probe-build/dawn/src/tint/libtint_lang_core_ir.a[60](value.cc.o)) was built for newer 'macOS' version (26.0) than being linked (11.2)
ld: warning: object file (/Users/paws/blender-web/build-dawn/probe-build/dawn/src/tint/libtint_lang_core_ir.a[61](var.cc.o)) was built for newer 'macOS' version (26.0) than being linked (11.2)
ld: warning: object file (/Users/paws/blender-web/build-dawn/probe-build/dawn/src/tint/libtint_lang_core_ir_type.a[2](array_count.cc.o)) was built for newer 'macOS' version (26.0) than being linked (11.2)
ld: warning: object file (/Users/paws/blender-web/build-dawn/probe-build/dawn/src/tint/libtint_lang_wgsl_intrinsic.a[2](ctor_conv.cc.o)) was built for newer 'macOS' version (26.0) than being linked (11.2)
ld: warning: object file (/Users/paws/blender-web/build-dawn/probe-build/dawn/src/tint/libtint_lang_wgsl_intrinsic.a[3](data.cc.o)) was built for newer 'macOS' version (26.0) than being linked (11.2)
ld: warning: object file (/Users/paws/blender-web/build-dawn/probe-build/dawn/src/tint/libtint_lang_wgsl.a[2](enums.cc.o)) was built for newer 'macOS' version (26.0) than being linked (11.2)
ld: warning: object file (/Users/paws/blender-web/build-dawn/probe-build/dawn/src/tint/libtint_lang_wgsl.a[3](feature_status.cc.o)) was built for newer 'macOS' version (26.0) than being linked (11.2)
ld: warning: object file (/Users/paws/blender-web/build-dawn/probe-build/dawn/src/tint/libtint_lang_wgsl.a[4](reserved_words.cc.o)) was built for newer 'macOS' version (26.0) than being linked (11.2)
ld: warning: object file (/Users/paws/blender-web/build-dawn/probe-build/dawn/src/tint/libtint_lang_core_intrinsic.a[2](ctor_conv.cc.o)) was built for newer 'macOS' version (26.0) than being linked (11.2)
ld: warning: object file (/Users/paws/blender-web/build-dawn/probe-build/dawn/src/tint/libtint_lang_core_intrinsic.a[3](data.cc.o)) was built for newer 'macOS' version (26.0) than being linked (11.2)
ld: warning: object file (/Users/paws/blender-web/build-dawn/probe-build/dawn/src/tint/libtint_lang_core_intrinsic.a[4](table.cc.o)) was built for newer 'macOS' version (26.0) than being linked (11.2)
ld: warning: object file (/Users/paws/blender-web/build-dawn/probe-build/dawn/src/tint/libtint_lang_core_constant.a[2](composite.cc.o)) was built for newer 'macOS' version (26.0) than being linked (11.2)
ld: warning: object file (/Users/paws/blender-web/build-dawn/probe-build/dawn/src/tint/libtint_lang_core_constant.a[3](eval.cc.o)) was built for newer 'macOS' version (26.0) than being linked (11.2)
ld: warning: object file (/Users/paws/blender-web/build-dawn/probe-build/dawn/src/tint/libtint_lang_core_constant.a[4](invalid.cc.o)) was built for newer 'macOS' version (26.0) than being linked (11.2)
ld: warning: object file (/Users/paws/blender-web/build-dawn/probe-build/dawn/src/tint/libtint_lang_core_constant.a[5](manager.cc.o)) was built for newer 'macOS' version (26.0) than being linked (11.2)
ld: warning: object file (/Users/paws/blender-web/build-dawn/probe-build/dawn/src/tint/libtint_lang_core_constant.a[6](node.cc.o)) was built for newer 'macOS' version (26.0) than being linked (11.2)
ld: warning: object file (/Users/paws/blender-web/build-dawn/probe-build/dawn/src/tint/libtint_lang_core_constant.a[7](scalar.cc.o)) was built for newer 'macOS' version (26.0) than being linked (11.2)
ld: warning: object file (/Users/paws/blender-web/build-dawn/probe-build/dawn/src/tint/libtint_lang_core_constant.a[8](splat.cc.o)) was built for newer 'macOS' version (26.0) than being linked (11.2)
ld: warning: object file (/Users/paws/blender-web/build-dawn/probe-build/dawn/src/tint/libtint_lang_core_constant.a[9](string.cc.o)) was built for newer 'macOS' version (26.0) than being linked (11.2)
ld: warning: object file (/Users/paws/blender-web/build-dawn/probe-build/dawn/src/tint/libtint_lang_core_constant.a[10](value.cc.o)) was built for newer 'macOS' version (26.0) than being linked (11.2)
ld: warning: object file (/Users/paws/blender-web/build-dawn/probe-build/dawn/src/tint/libtint_lang_core_type.a[2](abstract_float.cc.o)) was built for newer 'macOS' version (26.0) than being linked (11.2)
ld: warning: object file (/Users/paws/blender-web/build-dawn/probe-build/dawn/src/tint/libtint_lang_core_type.a[3](abstract_int.cc.o)) was built for newer 'macOS' version (26.0) than being linked (11.2)
ld: warning: object file (/Users/paws/blender-web/build-dawn/probe-build/dawn/src/tint/libtint_lang_core_type.a[4](abstract_numeric.cc.o)) was built for newer 'macOS' version (26.0) than being linked (11.2)
ld: warning: object file (/Users/paws/blender-web/build-dawn/probe-build/dawn/src/tint/libtint_lang_core_type.a[5](array.cc.o)) was built for newer 'macOS' version (26.0) than being linked (11.2)
ld: warning: object file (/Users/paws/blender-web/build-dawn/probe-build/dawn/src/tint/libtint_lang_core_type.a[6](array_count.cc.o)) was built for newer 'macOS' version (26.0) than being linked (11.2)
ld: warning: object file (/Users/paws/blender-web/build-dawn/probe-build/dawn/src/tint/libtint_lang_core_type.a[7](atomic.cc.o)) was built for newer 'macOS' version (26.0) than being linked (11.2)
ld: warning: object file (/Users/paws/blender-web/build-dawn/probe-build/dawn/src/tint/libtint_lang_core_type.a[8](binding_array.cc.o)) was built for newer 'macOS' version (26.0) than being linked (11.2)
ld: warning: object file (/Users/paws/blender-web/build-dawn/probe-build/dawn/src/tint/libtint_lang_core_type.a[9](bool.cc.o)) was built for newer 'macOS' version (26.0) than being linked (11.2)
ld: warning: object file (/Users/paws/blender-web/build-dawn/probe-build/dawn/src/tint/libtint_lang_core_type.a[10](buffer.cc.o)) was built for newer 'macOS' version (26.0) than being linked (11.2)
ld: warning: object file (/Users/paws/blender-web/build-dawn/probe-build/dawn/src/tint/libtint_lang_core_type.a[11](builtin_structs.cc.o)) was built for newer 'macOS' version (26.0) than being linked (11.2)
ld: warning: object file (/Users/paws/blender-web/build-dawn/probe-build/dawn/src/tint/libtint_lang_core_type.a[12](depth_multisampled_texture.cc.o)) was built for newer 'macOS' version (26.0) than being linked (11.2)
ld: warning: object file (/Users/paws/blender-web/build-dawn/probe-build/dawn/src/tint/libtint_lang_core_type.a[13](depth_texture.cc.o)) was built for newer 'macOS' version (26.0) than being linked (11.2)
ld: warning: object file (/Users/paws/blender-web/build-dawn/probe-build/dawn/src/tint/libtint_lang_core_type.a[14](external_texture.cc.o)) was built for newer 'macOS' version (26.0) than being linked (11.2)
ld: warning: object file (/Users/paws/blender-web/build-dawn/probe-build/dawn/src/tint/libtint_lang_core_type.a[15](f16.cc.o)) was built for newer 'macOS' version (26.0) than being linked (11.2)
ld: warning: object file (/Users/paws/blender-web/build-dawn/probe-build/dawn/src/tint/libtint_lang_core_type.a[16](f32.cc.o)) was built for newer 'macOS' version (26.0) than being linked (11.2)
ld: warning: object file (/Users/paws/blender-web/build-dawn/probe-build/dawn/src/tint/libtint_lang_core_type.a[17](function.cc.o)) was built for newer 'macOS' version (26.0) than being linked (11.2)
ld: warning: object file (/Users/paws/blender-web/build-dawn/probe-build/dawn/src/tint/libtint_lang_core_type.a[18](i32.cc.o)) was built for newer 'macOS' version (26.0) than being linked (11.2)
ld: warning: object file (/Users/paws/blender-web/build-dawn/probe-build/dawn/src/tint/libtint_lang_core_type.a[19](i8.cc.o)) was built for newer 'macOS' version (26.0) than being linked (11.2)
ld: warning: object file (/Users/paws/blender-web/build-dawn/probe-build/dawn/src/tint/libtint_lang_core_type.a[20](input_attachment.cc.o)) was built for newer 'macOS' version (26.0) than being linked (11.2)
ld: warning: object file (/Users/paws/blender-web/build-dawn/probe-build/dawn/src/tint/libtint_lang_core_type.a[21](invalid.cc.o)) was built for newer 'macOS' version (26.0) than being linked (11.2)
ld: warning: object file (/Users/paws/blender-web/build-dawn/probe-build/dawn/src/tint/libtint_lang_core_type.a[22](manager.cc.o)) was built for newer 'macOS' version (26.0) than being linked (11.2)
ld: warning: object file (/Users/paws/blender-web/build-dawn/probe-build/dawn/src/tint/libtint_lang_core_type.a[23](matrix.cc.o)) was built for newer 'macOS' version (26.0) than being linked (11.2)
ld: warning: object file (/Users/paws/blender-web/build-dawn/probe-build/dawn/src/tint/libtint_lang_core_type.a[24](memory_view.cc.o)) was built for newer 'macOS' version (26.0) than being linked (11.2)
ld: warning: object file (/Users/paws/blender-web/build-dawn/probe-build/dawn/src/tint/libtint_lang_core_type.a[25](multisampled_texture.cc.o)) was built for newer 'macOS' version (26.0) than being linked (11.2)
ld: warning: object file (/Users/paws/blender-web/build-dawn/probe-build/dawn/src/tint/libtint_lang_core_type.a[26](node.cc.o)) was built for newer 'macOS' version (26.0) than being linked (11.2)
ld: warning: object file (/Users/paws/blender-web/build-dawn/probe-build/dawn/src/tint/libtint_lang_core_type.a[27](numeric_scalar.cc.o)) was built for newer 'macOS' version (26.0) than being linked (11.2)
ld: warning: object file (/Users/paws/blender-web/build-dawn/probe-build/dawn/src/tint/libtint_lang_core_type.a[28](pointer.cc.o)) was built for newer 'macOS' version (26.0) than being linked (11.2)
ld: warning: object file (/Users/paws/blender-web/build-dawn/probe-build/dawn/src/tint/libtint_lang_core_type.a[29](reference.cc.o)) was built for newer 'macOS' version (26.0) than being linked (11.2)
ld: warning: object file (/Users/paws/blender-web/build-dawn/probe-build/dawn/src/tint/libtint_lang_core_type.a[31](resource_type.cc.o)) was built for newer 'macOS' version (26.0) than being linked (11.2)
ld: warning: object file (/Users/paws/blender-web/build-dawn/probe-build/dawn/src/tint/libtint_lang_core_type.a[32](sampled_texture.cc.o)) was built for newer 'macOS' version (26.0) than being linked (11.2)
ld: warning: object file (/Users/paws/blender-web/build-dawn/probe-build/dawn/src/tint/libtint_lang_core_type.a[33](sampler.cc.o)) was built for newer 'macOS' version (26.0) than being linked (11.2)
ld: warning: object file (/Users/paws/blender-web/build-dawn/probe-build/dawn/src/tint/libtint_lang_core_type.a[34](sampler_kind.cc.o)) was built for newer 'macOS' version (26.0) than being linked (11.2)
ld: warning: object file (/Users/paws/blender-web/build-dawn/probe-build/dawn/src/tint/libtint_lang_core_type.a[35](scalar.cc.o)) was built for newer 'macOS' version (26.0) than being linked (11.2)
ld: warning: object file (/Users/paws/blender-web/build-dawn/probe-build/dawn/src/tint/libtint_lang_core_type.a[36](storage_texture.cc.o)) was built for newer 'macOS' version (26.0) than being linked (11.2)
ld: warning: object file (/Users/paws/blender-web/build-dawn/probe-build/dawn/src/tint/libtint_lang_core_type.a[37](string.cc.o)) was built for newer 'macOS' version (26.0) than being linked (11.2)
ld: warning: object file (/Users/paws/blender-web/build-dawn/probe-build/dawn/src/tint/libtint_lang_core_type.a[38](struct.cc.o)) was built for newer 'macOS' version (26.0) than being linked (11.2)
ld: warning: object file (/Users/paws/blender-web/build-dawn/probe-build/dawn/src/tint/libtint_lang_core_type.a[39](subgroup_matrix.cc.o)) was built for newer 'macOS' version (26.0) than being linked (11.2)
ld: warning: object file (/Users/paws/blender-web/build-dawn/probe-build/dawn/src/tint/libtint_lang_core_type.a[40](swizzle_view.cc.o)) was built for newer 'macOS' version (26.0) than being linked (11.2)
ld: warning: object file (/Users/paws/blender-web/build-dawn/probe-build/dawn/src/tint/libtint_lang_core_type.a[41](texel_buffer.cc.o)) was built for newer 'macOS' version (26.0) than being linked (11.2)
ld: warning: object file (/Users/paws/blender-web/build-dawn/probe-build/dawn/src/tint/libtint_lang_core_type.a[42](texture.cc.o)) was built for newer 'macOS' version (26.0) than being linked (11.2)
ld: warning: object file (/Users/paws/blender-web/build-dawn/probe-build/dawn/src/tint/libtint_lang_core_type.a[43](texture_dimension.cc.o)) was built for newer 'macOS' version (26.0) than being linked (11.2)
ld: warning: object file (/Users/paws/blender-web/build-dawn/probe-build/dawn/src/tint/libtint_lang_core_type.a[44](type.cc.o)) was built for newer 'macOS' version (26.0) than being linked (11.2)
ld: warning: object file (/Users/paws/blender-web/build-dawn/probe-build/dawn/src/tint/libtint_lang_core_type.a[45](u16.cc.o)) was built for newer 'macOS' version (26.0) than being linked (11.2)
ld: warning: object file (/Users/paws/blender-web/build-dawn/probe-build/dawn/src/tint/libtint_lang_core_type.a[46](u32.cc.o)) was built for newer 'macOS' version (26.0) than being linked (11.2)
ld: warning: object file (/Users/paws/blender-web/build-dawn/probe-build/dawn/src/tint/libtint_lang_core_type.a[47](u64.cc.o)) was built for newer 'macOS' version (26.0) than being linked (11.2)
ld: warning: object file (/Users/paws/blender-web/build-dawn/probe-build/dawn/src/tint/libtint_lang_core_type.a[48](u8.cc.o)) was built for newer 'macOS' version (26.0) than being linked (11.2)
ld: warning: object file (/Users/paws/blender-web/build-dawn/probe-build/dawn/src/tint/libtint_lang_core_type.a[49](unique_node.cc.o)) was built for newer 'macOS' version (26.0) than being linked (11.2)
ld: warning: object file (/Users/paws/blender-web/build-dawn/probe-build/dawn/src/tint/libtint_lang_core_type.a[50](vector.cc.o)) was built for newer 'macOS' version (26.0) than being linked (11.2)
ld: warning: object file (/Users/paws/blender-web/build-dawn/probe-build/dawn/src/tint/libtint_lang_core_type.a[51](void.cc.o)) was built for newer 'macOS' version (26.0) than being linked (11.2)
ld: warning: object file (/Users/paws/blender-web/build-dawn/probe-build/dawn/src/tint/libtint_lang_core.a[2](binary_op.cc.o)) was built for newer 'macOS' version (26.0) than being linked (11.2)
ld: warning: object file (/Users/paws/blender-web/build-dawn/probe-build/dawn/src/tint/libtint_lang_core.a[3](enums.cc.o)) was built for newer 'macOS' version (26.0) than being linked (11.2)
ld: warning: object file (/Users/paws/blender-web/build-dawn/probe-build/dawn/src/tint/libtint_lang_core.a[4](number.cc.o)) was built for newer 'macOS' version (26.0) than being linked (11.2)
ld: warning: object file (/Users/paws/blender-web/build-dawn/probe-build/dawn/src/tint/libtint_lang_core.a[5](unary_op.cc.o)) was built for newer 'macOS' version (26.0) than being linked (11.2)
ld: warning: object file (/Users/paws/blender-web/build-dawn/probe-build/dawn/src/tint/libtint_api_common.a[2](vertex_pulling_config.cc.o)) was built for newer 'macOS' version (26.0) than being linked (11.2)
ld: warning: object file (/Users/paws/blender-web/build-dawn/probe-build/dawn/src/tint/libtint_utils_diagnostic.a[2](diagnostic.cc.o)) was built for newer 'macOS' version (26.0) than being linked (11.2)
ld: warning: object file (/Users/paws/blender-web/build-dawn/probe-build/dawn/src/tint/libtint_utils_diagnostic.a[3](formatter.cc.o)) was built for newer 'macOS' version (26.0) than being linked (11.2)
ld: warning: object file (/Users/paws/blender-web/build-dawn/probe-build/dawn/src/tint/libtint_utils_diagnostic.a[4](source.cc.o)) was built for newer 'macOS' version (26.0) than being linked (11.2)
ld: warning: object file (/Users/paws/blender-web/build-dawn/probe-build/dawn/src/tint/libtint_utils_symbol.a[2](generation_id.cc.o)) was built for newer 'macOS' version (26.0) than being linked (11.2)
ld: warning: object file (/Users/paws/blender-web/build-dawn/probe-build/dawn/src/tint/libtint_utils_symbol.a[3](symbol.cc.o)) was built for newer 'macOS' version (26.0) than being linked (11.2)
ld: warning: object file (/Users/paws/blender-web/build-dawn/probe-build/dawn/src/tint/libtint_utils_symbol.a[4](symbol_table.cc.o)) was built for newer 'macOS' version (26.0) than being linked (11.2)
ld: warning: object file (/Users/paws/blender-web/build-dawn/probe-build/dawn/src/tint/libtint_utils_text.a[4](string.cc.o)) was built for newer 'macOS' version (26.0) than being linked (11.2)
ld: warning: object file (/Users/paws/blender-web/build-dawn/probe-build/dawn/src/tint/libtint_utils_text.a[5](string_stream.cc.o)) was built for newer 'macOS' version (26.0) than being linked (11.2)
ld: warning: object file (/Users/paws/blender-web/build-dawn/probe-build/dawn/src/tint/libtint_utils_text.a[6](styled_text.cc.o)) was built for newer 'macOS' version (26.0) than being linked (11.2)
ld: warning: object file (/Users/paws/blender-web/build-dawn/probe-build/dawn/src/tint/libtint_utils_text.a[7](styled_text_printer.cc.o)) was built for newer 'macOS' version (26.0) than being linked (11.2)
ld: warning: object file (/Users/paws/blender-web/build-dawn/probe-build/dawn/src/tint/libtint_utils_text.a[8](styled_text_printer_ansi.cc.o)) was built for newer 'macOS' version (26.0) than being linked (11.2)
ld: warning: object file (/Users/paws/blender-web/build-dawn/probe-build/dawn/src/tint/libtint_utils_text.a[9](styled_text_theme.cc.o)) was built for newer 'macOS' version (26.0) than being linked (11.2)
ld: warning: object file (/Users/paws/blender-web/build-dawn/probe-build/dawn/src/tint/libtint_utils_text.a[10](unicode.cc.o)) was built for newer 'macOS' version (26.0) than being linked (11.2)
ld: warning: object file (/Users/paws/blender-web/build-dawn/probe-build/dawn/src/tint/libtint_utils_text.a[11](styled_text_printer_posix.cc.o)) was built for newer 'macOS' version (26.0) than being linked (11.2)
ld: warning: object file (/Users/paws/blender-web/build-dawn/probe-build/dawn/src/tint/libtint_utils.a[2](result.cc.o)) was built for newer 'macOS' version (26.0) than being linked (11.2)
ld: warning: object file (/Users/paws/blender-web/build-dawn/probe-build/dawn/src/tint/libtint_utils_system.a[2](env_other.cc.o)) was built for newer 'macOS' version (26.0) than being linked (11.2)
ld: warning: object file (/Users/paws/blender-web/build-dawn/probe-build/dawn/src/tint/libtint_utils_system.a[3](terminal_posix.cc.o)) was built for newer 'macOS' version (26.0) than being linked (11.2)
ld: warning: object file (/Users/paws/blender-web/build-dawn/probe-build/dawn/src/tint/libtint_utils_rtti.a[2](castable.cc.o)) was built for newer 'macOS' version (26.0) than being linked (11.2)
ld: warning: object file (/Users/paws/blender-web/build-dawn/probe-build/dawn/src/tint/libtint_utils_rtti.a[3](switch.cc.o)) was built for newer 'macOS' version (26.0) than being linked (11.2)
ld: warning: object file (/Users/paws/blender-web/build-dawn/probe-build/dawn/src/tint/libtint_utils_ice.a[2](debugger.cc.o)) was built for newer 'macOS' version (26.0) than being linked (11.2)
ld: warning: object file (/Users/paws/blender-web/build-dawn/probe-build/dawn/src/tint/libtint_utils_ice.a[3](ice.cc.o)) was built for newer 'macOS' version (26.0) than being linked (11.2)
ld: warning: object file (/Users/paws/blender-web/build-dawn/probe-build/dawn/src/utils/libdawn_shared_utils.a[3](log.cc.o)) was built for newer 'macOS' version (26.0) than being linked (11.2)
ld: warning: object file (/Users/paws/blender-web/build-dawn/probe-build/dawn/src/dawn/native/libwebgpu_dawn.a[2](webgpu_dawn_native_proc.cpp.o)) was built for newer 'macOS' version (26.0) than being linked (11.2)
ld: warning: object file (/Users/paws/blender-web/build-dawn/probe-build/dawn/src/dawn/native/libwebgpu_dawn.a[3](DawnNative.cpp.o)) was built for newer 'macOS' version (26.0) than being linked (11.2)
ld: warning: object file (/Users/paws/blender-web/build-dawn/probe-build/dawn/src/dawn/native/libwebgpu_dawn.a[6](GPUInfo_autogen.cpp.o)) was built for newer 'macOS' version (26.0) than being linked (11.2)
ld: warning: object file (/Users/paws/blender-web/build-dawn/probe-build/dawn/src/dawn/native/libwebgpu_dawn.a[7](AlignedAlloc.cpp.o)) was built for newer 'macOS' version (26.0) than being linked (11.2)
ld: warning: object file (/Users/paws/blender-web/build-dawn/probe-build/dawn/src/dawn/native/libwebgpu_dawn.a[8](Defer.cpp.o)) was built for newer 'macOS' version (26.0) than being linked (11.2)
ld: warning: object file (/Users/paws/blender-web/build-dawn/probe-build/dawn/src/dawn/native/libwebgpu_dawn.a[10](FutureUtils.cpp.o)) was built for newer 'macOS' version (26.0) than being linked (11.2)
ld: warning: object file (/Users/paws/blender-web/build-dawn/probe-build/dawn/src/dawn/native/libwebgpu_dawn.a[11](GPUInfo.cpp.o)) was built for newer 'macOS' version (26.0) than being linked (11.2)
ld: warning: object file (/Users/paws/blender-web/build-dawn/probe-build/dawn/src/dawn/native/libwebgpu_dawn.a[12](Math.cpp.o)) was built for newer 'macOS' version (26.0) than being linked (11.2)
ld: warning: object file (/Users/paws/blender-web/build-dawn/probe-build/dawn/src/dawn/native/libwebgpu_dawn.a[13](RefCounted.cpp.o)) was built for newer 'macOS' version (26.0) than being linked (11.2)
ld: warning: object file (/Users/paws/blender-web/build-dawn/probe-build/dawn/src/dawn/native/libwebgpu_dawn.a[14](Result.cpp.o)) was built for newer 'macOS' version (26.0) than being linked (11.2)
ld: warning: object file (/Users/paws/blender-web/build-dawn/probe-build/dawn/src/dawn/native/libwebgpu_dawn.a[15](Sha3.cpp.o)) was built for newer 'macOS' version (26.0) than being linked (11.2)
ld: warning: object file (/Users/paws/blender-web/build-dawn/probe-build/dawn/src/dawn/native/libwebgpu_dawn.a[16](SlabAllocator.cpp.o)) was built for newer 'macOS' version (26.0) than being linked (11.2)
ld: warning: object file (/Users/paws/blender-web/build-dawn/probe-build/dawn/src/dawn/native/libwebgpu_dawn.a[17](StringViewUtils.cpp.o)) was built for newer 'macOS' version (26.0) than being linked (11.2)
ld: warning: object file (/Users/paws/blender-web/build-dawn/probe-build/dawn/src/dawn/native/libwebgpu_dawn.a[18](SystemUtils.cpp.o)) was built for newer 'macOS' version (26.0) than being linked (11.2)
ld: warning: object file (/Users/paws/blender-web/build-dawn/probe-build/dawn/src/dawn/native/libwebgpu_dawn.a[19](ThreadLocal.cpp.o)) was built for newer 'macOS' version (26.0) than being linked (11.2)
ld: warning: object file (/Users/paws/blender-web/build-dawn/probe-build/dawn/src/dawn/native/libwebgpu_dawn.a[20](WeakRefSupport.cpp.o)) was built for newer 'macOS' version (26.0) than being linked (11.2)
ld: warning: object file (/Users/paws/blender-web/build-dawn/probe-build/dawn/src/dawn/native/libwebgpu_dawn.a[21](IOSurfaceUtils.cpp.o)) was built for newer 'macOS' version (26.0) than being linked (11.2)
ld: warning: object file (/Users/paws/blender-web/build-dawn/probe-build/dawn/src/dawn/native/libwebgpu_dawn.a[24](WGPUDeviceCallbackInfos.cpp.o)) was built for newer 'macOS' version (26.0) than being linked (11.2)
ld: warning: object file (/Users/paws/blender-web/build-dawn/probe-build/dawn/src/dawn/native/libwebgpu_dawn.a[25](hash.cc.o)) was built for newer 'macOS' version (26.0) than being linked (11.2)
ld: warning: object file (/Users/paws/blender-web/build-dawn/probe-build/dawn/src/dawn/native/libwebgpu_dawn.a[35](city.cc.o)) was built for newer 'macOS' version (26.0) than being linked (11.2)
ld: warning: object file (/Users/paws/blender-web/build-dawn/probe-build/dawn/src/dawn/native/libwebgpu_dawn.a[73](arg.cc.o)) was built for newer 'macOS' version (26.0) than being linked (11.2)
ld: warning: object file (/Users/paws/blender-web/build-dawn/probe-build/dawn/src/dawn/native/libwebgpu_dawn.a[74](bind.cc.o)) was built for newer 'macOS' version (26.0) than being linked (11.2)
ld: warning: object file (/Users/paws/blender-web/build-dawn/probe-build/dawn/src/dawn/native/libwebgpu_dawn.a[75](extension.cc.o)) was built for newer 'macOS' version (26.0) than being linked (11.2)
ld: warning: object file (/Users/paws/blender-web/build-dawn/probe-build/dawn/src/dawn/native/libwebgpu_dawn.a[76](float_conversion.cc.o)) was built for newer 'macOS' version (26.0) than being linked (11.2)
ld: warning: object file (/Users/paws/blender-web/build-dawn/probe-build/dawn/src/dawn/native/libwebgpu_dawn.a[77](output.cc.o)) was built for newer 'macOS' version (26.0) than being linked (11.2)
ld: warning: object file (/Users/paws/blender-web/build-dawn/probe-build/dawn/src/dawn/native/libwebgpu_dawn.a[78](parser.cc.o)) was built for newer 'macOS' version (26.0) than being linked (11.2)
ld: warning: object file (/Users/paws/blender-web/build-dawn/probe-build/dawn/src/dawn/native/libwebgpu_dawn.a[88](create_thread_identity.cc.o)) was built for newer 'macOS' version (26.0) than being linked (11.2)
ld: warning: object file (/Users/paws/blender-web/build-dawn/probe-build/dawn/src/dawn/native/libwebgpu_dawn.a[90](per_thread_sem.cc.o)) was built for newer 'macOS' version (26.0) than being linked (11.2)
ld: warning: object file (/Users/paws/blender-web/build-dawn/probe-build/dawn/src/dawn/native/libwebgpu_dawn.a[91](pthread_waiter.cc.o)) was built for newer 'macOS' version (26.0) than being linked (11.2)
ld: warning: object file (/Users/paws/blender-web/build-dawn/probe-build/dawn/src/dawn/native/libwebgpu_dawn.a[94](waiter_base.cc.o)) was built for newer 'macOS' version (26.0) than being linked (11.2)
ld: warning: object file (/Users/paws/blender-web/build-dawn/probe-build/dawn/src/dawn/native/libwebgpu_dawn.a[97](mutex.cc.o)) was built for newer 'macOS' version (26.0) than being linked (11.2)
ld: warning: object file (/Users/paws/blender-web/build-dawn/probe-build/dawn/src/dawn/native/libwebgpu_dawn.a[99](low_level_alloc.cc.o)) was built for newer 'macOS' version (26.0) than being linked (11.2)
ld: warning: object file (/Users/paws/blender-web/build-dawn/probe-build/dawn/src/dawn/native/libwebgpu_dawn.a[100](kernel_timeout.cc.o)) was built for newer 'macOS' version (26.0) than being linked (11.2)
ld: warning: object file (/Users/paws/blender-web/build-dawn/probe-build/dawn/src/dawn/native/libwebgpu_dawn.a[102](clock.cc.o)) was built for newer 'macOS' version (26.0) than being linked (11.2)
ld: warning: object file (/Users/paws/blender-web/build-dawn/probe-build/dawn/src/dawn/native/libwebgpu_dawn.a[103](duration.cc.o)) was built for newer 'macOS' version (26.0) than being linked (11.2)
ld: warning: object file (/Users/paws/blender-web/build-dawn/probe-build/dawn/src/dawn/native/libwebgpu_dawn.a[105](time.cc.o)) was built for newer 'macOS' version (26.0) than being linked (11.2)
ld: warning: object file (/Users/paws/blender-web/build-dawn/probe-build/dawn/src/dawn/native/libwebgpu_dawn.a[107](time_zone_fixed.cc.o)) was built for newer 'macOS' version (26.0) than being linked (11.2)
ld: warning: object file (/Users/paws/blender-web/build-dawn/probe-build/dawn/src/dawn/native/libwebgpu_dawn.a[109](time_zone_if.cc.o)) was built for newer 'macOS' version (26.0) than being linked (11.2)
ld: warning: object file (/Users/paws/blender-web/build-dawn/probe-build/dawn/src/dawn/native/libwebgpu_dawn.a[110](time_zone_impl.cc.o)) was built for newer 'macOS' version (26.0) than being linked (11.2)
ld: warning: object file (/Users/paws/blender-web/build-dawn/probe-build/dawn/src/dawn/native/libwebgpu_dawn.a[111](time_zone_info.cc.o)) was built for newer 'macOS' version (26.0) than being linked (11.2)
ld: warning: object file (/Users/paws/blender-web/build-dawn/probe-build/dawn/src/dawn/native/libwebgpu_dawn.a[112](time_zone_libc.cc.o)) was built for newer 'macOS' version (26.0) than being linked (11.2)
ld: warning: object file (/Users/paws/blender-web/build-dawn/probe-build/dawn/src/dawn/native/libwebgpu_dawn.a[113](time_zone_lookup.cc.o)) was built for newer 'macOS' version (26.0) than being linked (11.2)
ld: warning: object file (/Users/paws/blender-web/build-dawn/probe-build/dawn/src/dawn/native/libwebgpu_dawn.a[114](time_zone_posix.cc.o)) was built for newer 'macOS' version (26.0) than being linked (11.2)
ld: warning: object file (/Users/paws/blender-web/build-dawn/probe-build/dawn/src/dawn/native/libwebgpu_dawn.a[115](zone_info_source.cc.o)) was built for newer 'macOS' version (26.0) than being linked (11.2)
ld: warning: object file (/Users/paws/blender-web/build-dawn/probe-build/dawn/src/dawn/native/libwebgpu_dawn.a[116](stacktrace.cc.o)) was built for newer 'macOS' version (26.0) than being linked (11.2)
ld: warning: object file (/Users/paws/blender-web/build-dawn/probe-build/dawn/src/dawn/native/libwebgpu_dawn.a[123](raw_hash_set.cc.o)) was built for newer 'macOS' version (26.0) than being linked (11.2)
ld: warning: object file (/Users/paws/blender-web/build-dawn/probe-build/dawn/src/dawn/native/libwebgpu_dawn.a[124](hashtablez_sampler.cc.o)) was built for newer 'macOS' version (26.0) than being linked (11.2)
ld: warning: object file (/Users/paws/blender-web/build-dawn/probe-build/dawn/src/dawn/native/libwebgpu_dawn.a[125](hashtablez_sampler_force_weak_definition.cc.o)) was built for newer 'macOS' version (26.0) than being linked (11.2)
ld: warning: object file (/Users/paws/blender-web/build-dawn/probe-build/dawn/src/dawn/native/libwebgpu_dawn.a[129](DawnPlatform.cpp.o)) was built for newer 'macOS' version (26.0) than being linked (11.2)
ld: warning: object file (/Users/paws/blender-web/build-dawn/probe-build/dawn/src/dawn/native/libwebgpu_dawn.a[130](WorkerThread.cpp.o)) was built for newer 'macOS' version (26.0) than being linked (11.2)
ld: warning: object file (/Users/paws/blender-web/build-dawn/probe-build/dawn/src/dawn/native/libwebgpu_dawn.a[131](HistogramMacros.cpp.o)) was built for newer 'macOS' version (26.0) than being linked (11.2)
ld: warning: object file (/Users/paws/blender-web/build-dawn/probe-build/dawn/src/dawn/native/libwebgpu_dawn.a[132](EventTracer.cpp.o)) was built for newer 'macOS' version (26.0) than being linked (11.2)
ld: warning: object file (/Users/paws/blender-web/build-dawn/probe-build/dawn/src/dawn/native/libwebgpu_dawn.a[133](MultiDrawEncoder.mm.o)) was built for newer 'macOS' version (26.0) than being linked (11.2)
ld: warning: object file (/Users/paws/blender-web/build-dawn/probe-build/dawn/src/dawn/native/libwebgpu_dawn.a[134](ValidationUtils_autogen.cpp.o)) was built for newer 'macOS' version (26.0) than being linked (11.2)
ld: warning: object file (/Users/paws/blender-web/build-dawn/probe-build/dawn/src/dawn/native/libwebgpu_dawn.a[135](wgpu_structs_autogen.cpp.o)) was built for newer 'macOS' version (26.0) than being linked (11.2)
ld: warning: object file (/Users/paws/blender-web/build-dawn/probe-build/dawn/src/dawn/native/libwebgpu_dawn.a[136](ProcTable.cpp.o)) was built for newer 'macOS' version (26.0) than being linked (11.2)
ld: warning: object file (/Users/paws/blender-web/build-dawn/probe-build/dawn/src/dawn/native/libwebgpu_dawn.a[137](ChainUtils_autogen.cpp.o)) was built for newer 'macOS' version (26.0) than being linked (11.2)
ld: warning: object file (/Users/paws/blender-web/build-dawn/probe-build/dawn/src/dawn/native/libwebgpu_dawn.a[138](webgpu_absl_format_autogen.cpp.o)) was built for newer 'macOS' version (26.0) than being linked (11.2)
ld: warning: object file (/Users/paws/blender-web/build-dawn/probe-build/dawn/src/dawn/native/libwebgpu_dawn.a[139](webgpu_StreamImpl_autogen.cpp.o)) was built for newer 'macOS' version (26.0) than being linked (11.2)
ld: warning: object file (/Users/paws/blender-web/build-dawn/probe-build/dawn/src/dawn/native/libwebgpu_dawn.a[140](ObjectType_autogen.cpp.o)) was built for newer 'macOS' version (26.0) than being linked (11.2)
ld: warning: object file (/Users/paws/blender-web/build-dawn/probe-build/dawn/src/dawn/native/libwebgpu_dawn.a[141](Adapter.cpp.o)) was built for newer 'macOS' version (26.0) than being linked (11.2)
ld: warning: object file (/Users/paws/blender-web/build-dawn/probe-build/dawn/src/dawn/native/libwebgpu_dawn.a[142](ApplyClearColorValueWithDrawHelper.cpp.o)) was built for newer 'macOS' version (26.0) than being linked (11.2)
ld: warning: object file (/Users/paws/blender-web/build-dawn/probe-build/dawn/src/dawn/native/libwebgpu_dawn.a[143](AsyncTask.cpp.o)) was built for newer 'macOS' version (26.0) than being linked (11.2)
ld: warning: object file (/Users/paws/blender-web/build-dawn/probe-build/dawn/src/dawn/native/libwebgpu_dawn.a[144](AttachmentState.cpp.o)) was built for newer 'macOS' version (26.0) than being linked (11.2)
ld: warning: object file (/Users/paws/blender-web/build-dawn/probe-build/dawn/src/dawn/native/libwebgpu_dawn.a[145](BackendConnection.cpp.o)) was built for newer 'macOS' version (26.0) than being linked (11.2)
ld: warning: object file (/Users/paws/blender-web/build-dawn/probe-build/dawn/src/dawn/native/libwebgpu_dawn.a[146](BindGroup.cpp.o)) was built for newer 'macOS' version (26.0) than being linked (11.2)
ld: warning: object file (/Users/paws/blender-web/build-dawn/probe-build/dawn/src/dawn/native/libwebgpu_dawn.a[147](BindGroupLayout.cpp.o)) was built for newer 'macOS' version (26.0) than being linked (11.2)
ld: warning: object file (/Users/paws/blender-web/build-dawn/probe-build/dawn/src/dawn/native/libwebgpu_dawn.a[148](BindGroupLayoutInternal.cpp.o)) was built for newer 'macOS' version (26.0) than being linked (11.2)
ld: warning: object file (/Users/paws/blender-web/build-dawn/probe-build/dawn/src/dawn/native/libwebgpu_dawn.a[149](BindingInfo.cpp.o)) was built for newer 'macOS' version (26.0) than being linked (11.2)
ld: warning: object file (/Users/paws/blender-web/build-dawn/probe-build/dawn/src/dawn/native/libwebgpu_dawn.a[150](BlitBufferToDepthStencil.cpp.o)) was built for newer 'macOS' version (26.0) than being linked (11.2)
ld: warning: object file (/Users/paws/blender-web/build-dawn/probe-build/dawn/src/dawn/native/libwebgpu_dawn.a[151](BlitBufferToTexture.cpp.o)) was built for newer 'macOS' version (26.0) than being linked (11.2)
ld: warning: object file (/Users/paws/blender-web/build-dawn/probe-build/dawn/src/dawn/native/libwebgpu_dawn.a[152](BlitColorToColorWithDraw.cpp.o)) was built for newer 'macOS' version (26.0) than being linked (11.2)
ld: warning: object file (/Users/paws/blender-web/build-dawn/probe-build/dawn/src/dawn/native/libwebgpu_dawn.a[153](BlitDepthToDepth.cpp.o)) was built for newer 'macOS' version (26.0) than being linked (11.2)
ld: warning: object file (/Users/paws/blender-web/build-dawn/probe-build/dawn/src/dawn/native/libwebgpu_dawn.a[154](BlitTextureToBuffer.cpp.o)) was built for newer 'macOS' version (26.0) than being linked (11.2)
ld: warning: object file (/Users/paws/blender-web/build-dawn/probe-build/dawn/src/dawn/native/libwebgpu_dawn.a[155](Blob.cpp.o)) was built for newer 'macOS' version (26.0) than being linked (11.2)
ld: warning: object file (/Users/paws/blender-web/build-dawn/probe-build/dawn/src/dawn/native/libwebgpu_dawn.a[156](BlobCache.cpp.o)) was built for newer 'macOS' version (26.0) than being linked (11.2)
ld: warning: object file (/Users/paws/blender-web/build-dawn/probe-build/dawn/src/dawn/native/libwebgpu_dawn.a[159](Buffer.cpp.o)) was built for newer 'macOS' version (26.0) than being linked (11.2)
ld: warning: object file (/Users/paws/blender-web/build-dawn/probe-build/dawn/src/dawn/native/libwebgpu_dawn.a[160](CachedObject.cpp.o)) was built for newer 'macOS' version (26.0) than being linked (11.2)
ld: warning: object file (/Users/paws/blender-web/build-dawn/probe-build/dawn/src/dawn/native/libwebgpu_dawn.a[161](CacheKey.cpp.o)) was built for newer 'macOS' version (26.0) than being linked (11.2)
ld: warning: object file (/Users/paws/blender-web/build-dawn/probe-build/dawn/src/dawn/native/libwebgpu_dawn.a[162](CacheRequest.cpp.o)) was built for newer 'macOS' version (26.0) than being linked (11.2)
ld: warning: object file (/Users/paws/blender-web/build-dawn/probe-build/dawn/src/dawn/native/libwebgpu_dawn.a[163](CallbackTaskManager.cpp.o)) was built for newer 'macOS' version (26.0) than being linked (11.2)
ld: warning: object file (/Users/paws/blender-web/build-dawn/probe-build/dawn/src/dawn/native/libwebgpu_dawn.a[164](CommandAllocator.cpp.o)) was built for newer 'macOS' version (26.0) than being linked (11.2)
ld: warning: object file (/Users/paws/blender-web/build-dawn/probe-build/dawn/src/dawn/native/libwebgpu_dawn.a[165](CommandBuffer.cpp.o)) was built for newer 'macOS' version (26.0) than being linked (11.2)
ld: warning: object file (/Users/paws/blender-web/build-dawn/probe-build/dawn/src/dawn/native/libwebgpu_dawn.a[166](CommandBufferStateTracker.cpp.o)) was built for newer 'macOS' version (26.0) than being linked (11.2)
ld: warning: object file (/Users/paws/blender-web/build-dawn/probe-build/dawn/src/dawn/native/libwebgpu_dawn.a[167](CommandEncoder.cpp.o)) was built for newer 'macOS' version (26.0) than being linked (11.2)
ld: warning: object file (/Users/paws/blender-web/build-dawn/probe-build/dawn/src/dawn/native/libwebgpu_dawn.a[168](Commands.cpp.o)) was built for newer 'macOS' version (26.0) than being linked (11.2)
ld: warning: object file (/Users/paws/blender-web/build-dawn/probe-build/dawn/src/dawn/native/libwebgpu_dawn.a[169](CommandValidation.cpp.o)) was built for newer 'macOS' version (26.0) than being linked (11.2)
ld: warning: object file (/Users/paws/blender-web/build-dawn/probe-build/dawn/src/dawn/native/libwebgpu_dawn.a[170](CompilationMessages.cpp.o)) was built for newer 'macOS' version (26.0) than being linked (11.2)
ld: warning: object file (/Users/paws/blender-web/build-dawn/probe-build/dawn/src/dawn/native/libwebgpu_dawn.a[171](ComputePassEncoder.cpp.o)) was built for newer 'macOS' version (26.0) than being linked (11.2)
ld: warning: object file (/Users/paws/blender-web/build-dawn/probe-build/dawn/src/dawn/native/libwebgpu_dawn.a[172](ComputePipeline.cpp.o)) was built for newer 'macOS' version (26.0) than being linked (11.2)
ld: warning: object file (/Users/paws/blender-web/build-dawn/probe-build/dawn/src/dawn/native/libwebgpu_dawn.a[173](CopyTextureForBrowserHelper.cpp.o)) was built for newer 'macOS' version (26.0) than being linked (11.2)
ld: warning: object file (/Users/paws/blender-web/build-dawn/probe-build/dawn/src/dawn/native/libwebgpu_dawn.a[174](CreatePipelineAsyncEvent.cpp.o)) was built for newer 'macOS' version (26.0) than being linked (11.2)
ld: warning: object file (/Users/paws/blender-web/build-dawn/probe-build/dawn/src/dawn/native/libwebgpu_dawn.a[175](dawn_platform.cpp.o)) was built for newer 'macOS' version (26.0) than being linked (11.2)
ld: warning: object file (/Users/paws/blender-web/build-dawn/probe-build/dawn/src/dawn/native/libwebgpu_dawn.a[176](Device.cpp.o)) was built for newer 'macOS' version (26.0) than being linked (11.2)
ld: warning: object file (/Users/paws/blender-web/build-dawn/probe-build/dawn/src/dawn/native/libwebgpu_dawn.a[177](DeviceGuard.cpp.o)) was built for newer 'macOS' version (26.0) than being linked (11.2)
ld: warning: object file (/Users/paws/blender-web/build-dawn/probe-build/dawn/src/dawn/native/libwebgpu_dawn.a[178](DynamicUploader.cpp.o)) was built for newer 'macOS' version (26.0) than being linked (11.2)
ld: warning: object file (/Users/paws/blender-web/build-dawn/probe-build/dawn/src/dawn/native/libwebgpu_dawn.a[179](EncodingContext.cpp.o)) was built for newer 'macOS' version (26.0) than being linked (11.2)
ld: warning: object file (/Users/paws/blender-web/build-dawn/probe-build/dawn/src/dawn/native/libwebgpu_dawn.a[180](Error.cpp.o)) was built for newer 'macOS' version (26.0) than being linked (11.2)
ld: warning: object file (/Users/paws/blender-web/build-dawn/probe-build/dawn/src/dawn/native/libwebgpu_dawn.a[181](ErrorData.cpp.o)) was built for newer 'macOS' version (26.0) than being linked (11.2)
ld: warning: object file (/Users/paws/blender-web/build-dawn/probe-build/dawn/src/dawn/native/libwebgpu_dawn.a[183](ErrorScope.cpp.o)) was built for newer 'macOS' version (26.0) than being linked (11.2)
ld: warning: object file (/Users/paws/blender-web/build-dawn/probe-build/dawn/src/dawn/native/libwebgpu_dawn.a[184](EventManager.cpp.o)) was built for newer 'macOS' version (26.0) than being linked (11.2)
ld: warning: object file (/Users/paws/blender-web/build-dawn/probe-build/dawn/src/dawn/native/libwebgpu_dawn.a[185](ExecutionQueue.cpp.o)) was built for newer 'macOS' version (26.0) than being linked (11.2)
ld: warning: object file (/Users/paws/blender-web/build-dawn/probe-build/dawn/src/dawn/native/libwebgpu_dawn.a[186](ExternalTexture.cpp.o)) was built for newer 'macOS' version (26.0) than being linked (11.2)
ld: warning: object file (/Users/paws/blender-web/build-dawn/probe-build/dawn/src/dawn/native/libwebgpu_dawn.a[187](Features.cpp.o)) was built for newer 'macOS' version (26.0) than being linked (11.2)
ld: warning: object file (/Users/paws/blender-web/build-dawn/probe-build/dawn/src/dawn/native/libwebgpu_dawn.a[188](Format.cpp.o)) was built for newer 'macOS' version (26.0) than being linked (11.2)
ld: warning: object file (/Users/paws/blender-web/build-dawn/probe-build/dawn/src/dawn/native/libwebgpu_dawn.a[189](ImmediatesLayout.cpp.o)) was built for newer 'macOS' version (26.0) than being linked (11.2)
ld: warning: object file (/Users/paws/blender-web/build-dawn/probe-build/dawn/src/dawn/native/libwebgpu_dawn.a[190](IndirectDrawMetadata.cpp.o)) was built for newer 'macOS' version (26.0) than being linked (11.2)
ld: warning: object file (/Users/paws/blender-web/build-dawn/probe-build/dawn/src/dawn/native/libwebgpu_dawn.a[191](IndirectDrawValidationEncoder.cpp.o)) was built for newer 'macOS' version (26.0) than being linked (11.2)
ld: warning: object file (/Users/paws/blender-web/build-dawn/probe-build/dawn/src/dawn/native/libwebgpu_dawn.a[192](Instance.cpp.o)) was built for newer 'macOS' version (26.0) than being linked (11.2)
ld: warning: object file (/Users/paws/blender-web/build-dawn/probe-build/dawn/src/dawn/native/libwebgpu_dawn.a[193](InternalPipelineStore.cpp.o)) was built for newer 'macOS' version (26.0) than being linked (11.2)
ld: warning: object file (/Users/paws/blender-web/build-dawn/probe-build/dawn/src/dawn/native/libwebgpu_dawn.a[194](Limits.cpp.o)) was built for newer 'macOS' version (26.0) than being linked (11.2)
ld: warning: object file (/Users/paws/blender-web/build-dawn/probe-build/dawn/src/dawn/native/libwebgpu_dawn.a[195](MemoryBlockAllocator.cpp.o)) was built for newer 'macOS' version (26.0) than being linked (11.2)
ld: warning: object file (/Users/paws/blender-web/build-dawn/probe-build/dawn/src/dawn/native/libwebgpu_dawn.a[196](ObjectBase.cpp.o)) was built for newer 'macOS' version (26.0) than being linked (11.2)
ld: warning: object file (/Users/paws/blender-web/build-dawn/probe-build/dawn/src/dawn/native/libwebgpu_dawn.a[197](ObjectContentHasher.cpp.o)) was built for newer 'macOS' version (26.0) than being linked (11.2)
ld: warning: object file (/Users/paws/blender-web/build-dawn/probe-build/dawn/src/dawn/native/libwebgpu_dawn.a[199](PassResourceUsageTracker.cpp.o)) was built for newer 'macOS' version (26.0) than being linked (11.2)
ld: warning: object file (/Users/paws/blender-web/build-dawn/probe-build/dawn/src/dawn/native/libwebgpu_dawn.a[200](PerStage.cpp.o)) was built for newer 'macOS' version (26.0) than being linked (11.2)
ld: warning: object file (/Users/paws/blender-web/build-dawn/probe-build/dawn/src/dawn/native/libwebgpu_dawn.a[201](PhysicalDevice.cpp.o)) was built for newer 'macOS' version (26.0) than being linked (11.2)
ld: warning: object file (/Users/paws/blender-web/build-dawn/probe-build/dawn/src/dawn/native/libwebgpu_dawn.a[202](Pipeline.cpp.o)) was built for newer 'macOS' version (26.0) than being linked (11.2)
ld: warning: object file (/Users/paws/blender-web/build-dawn/probe-build/dawn/src/dawn/native/libwebgpu_dawn.a[204](PipelineLayout.cpp.o)) was built for newer 'macOS' version (26.0) than being linked (11.2)
ld: warning: object file (/Users/paws/blender-web/build-dawn/probe-build/dawn/src/dawn/native/libwebgpu_dawn.a[206](ProgrammableEncoder.cpp.o)) was built for newer 'macOS' version (26.0) than being linked (11.2)
ld: warning: object file (/Users/paws/blender-web/build-dawn/probe-build/dawn/src/dawn/native/libwebgpu_dawn.a[207](QueryHelper.cpp.o)) was built for newer 'macOS' version (26.0) than being linked (11.2)
ld: warning: object file (/Users/paws/blender-web/build-dawn/probe-build/dawn/src/dawn/native/libwebgpu_dawn.a[208](QuerySet.cpp.o)) was built for newer 'macOS' version (26.0) than being linked (11.2)
ld: warning: object file (/Users/paws/blender-web/build-dawn/probe-build/dawn/src/dawn/native/libwebgpu_dawn.a[209](Queue.cpp.o)) was built for newer 'macOS' version (26.0) than being linked (11.2)
ld: warning: object file (/Users/paws/blender-web/build-dawn/probe-build/dawn/src/dawn/native/libwebgpu_dawn.a[210](RenderBundle.cpp.o)) was built for newer 'macOS' version (26.0) than being linked (11.2)
ld: warning: object file (/Users/paws/blender-web/build-dawn/probe-build/dawn/src/dawn/native/libwebgpu_dawn.a[211](RenderBundleEncoder.cpp.o)) was built for newer 'macOS' version (26.0) than being linked (11.2)
ld: warning: object file (/Users/paws/blender-web/build-dawn/probe-build/dawn/src/dawn/native/libwebgpu_dawn.a[212](RenderEncoderBase.cpp.o)) was built for newer 'macOS' version (26.0) than being linked (11.2)
ld: warning: object file (/Users/paws/blender-web/build-dawn/probe-build/dawn/src/dawn/native/libwebgpu_dawn.a[213](RenderPassEncoder.cpp.o)) was built for newer 'macOS' version (26.0) than being linked (11.2)
ld: warning: object file (/Users/paws/blender-web/build-dawn/probe-build/dawn/src/dawn/native/libwebgpu_dawn.a[214](RenderPassWorkaroundsHelper.cpp.o)) was built for newer 'macOS' version (26.0) than being linked (11.2)
ld: warning: object file (/Users/paws/blender-web/build-dawn/probe-build/dawn/src/dawn/native/libwebgpu_dawn.a[215](RenderPipeline.cpp.o)) was built for newer 'macOS' version (26.0) than being linked (11.2)
ld: warning: object file (/Users/paws/blender-web/build-dawn/probe-build/dawn/src/dawn/native/libwebgpu_dawn.a[217](ResourceTable.cpp.o)) was built for newer 'macOS' version (26.0) than being linked (11.2)
ld: warning: object file (/Users/paws/blender-web/build-dawn/probe-build/dawn/src/dawn/native/libwebgpu_dawn.a[218](ResourceTableDefaultResources.cpp.o)) was built for newer 'macOS' version (26.0) than being linked (11.2)
ld: warning: object file (/Users/paws/blender-web/build-dawn/probe-build/dawn/src/dawn/native/libwebgpu_dawn.a[219](RingBufferAllocator.cpp.o)) was built for newer 'macOS' version (26.0) than being linked (11.2)
ld: warning: object file (/Users/paws/blender-web/build-dawn/probe-build/dawn/src/dawn/native/libwebgpu_dawn.a[220](Sampler.cpp.o)) was built for newer 'macOS' version (26.0) than being linked (11.2)
ld: warning: object file (/Users/paws/blender-web/build-dawn/probe-build/dawn/src/dawn/native/libwebgpu_dawn.a[221](ScratchBuffer.cpp.o)) was built for newer 'macOS' version (26.0) than being linked (11.2)
ld: warning: object file (/Users/paws/blender-web/build-dawn/probe-build/dawn/src/dawn/native/libwebgpu_dawn.a[222](ShaderModule.cpp.o)) was built for newer 'macOS' version (26.0) than being linked (11.2)
ld: warning: object file (/Users/paws/blender-web/build-dawn/probe-build/dawn/src/dawn/native/libwebgpu_dawn.a[223](ShaderModuleParseRequest.cpp.o)) was built for newer 'macOS' version (26.0) than being linked (11.2)
ld: warning: object file (/Users/paws/blender-web/build-dawn/probe-build/dawn/src/dawn/native/libwebgpu_dawn.a[224](SharedBufferMemory.cpp.o)) was built for newer 'macOS' version (26.0) than being linked (11.2)
ld: warning: object file (/Users/paws/blender-web/build-dawn/probe-build/dawn/src/dawn/native/libwebgpu_dawn.a[225](SharedFence.cpp.o)) was built for newer 'macOS' version (26.0) than being linked (11.2)
ld: warning: object file (/Users/paws/blender-web/build-dawn/probe-build/dawn/src/dawn/native/libwebgpu_dawn.a[226](SharedResourceMemory.cpp.o)) was built for newer 'macOS' version (26.0) than being linked (11.2)
ld: warning: object file (/Users/paws/blender-web/build-dawn/probe-build/dawn/src/dawn/native/libwebgpu_dawn.a[227](SharedTextureMemory.cpp.o)) was built for newer 'macOS' version (26.0) than being linked (11.2)
ld: warning: object file (/Users/paws/blender-web/build-dawn/probe-build/dawn/src/dawn/native/libwebgpu_dawn.a[228](BlobSource.cpp.o)) was built for newer 'macOS' version (26.0) than being linked (11.2)
ld: warning: object file (/Users/paws/blender-web/build-dawn/probe-build/dawn/src/dawn/native/libwebgpu_dawn.a[229](ByteVectorSink.cpp.o)) was built for newer 'macOS' version (26.0) than being linked (11.2)
ld: warning: object file (/Users/paws/blender-web/build-dawn/probe-build/dawn/src/dawn/native/libwebgpu_dawn.a[230](Subresource.cpp.o)) was built for newer 'macOS' version (26.0) than being linked (11.2)
ld: warning: object file (/Users/paws/blender-web/build-dawn/probe-build/dawn/src/dawn/native/libwebgpu_dawn.a[231](Surface.cpp.o)) was built for newer 'macOS' version (26.0) than being linked (11.2)
ld: warning: object file (/Users/paws/blender-web/build-dawn/probe-build/dawn/src/dawn/native/libwebgpu_dawn.a[232](SwapChain.cpp.o)) was built for newer 'macOS' version (26.0) than being linked (11.2)
ld: warning: object file (/Users/paws/blender-web/build-dawn/probe-build/dawn/src/dawn/native/libwebgpu_dawn.a[234](Texture.cpp.o)) was built for newer 'macOS' version (26.0) than being linked (11.2)
ld: warning: object file (/Users/paws/blender-web/build-dawn/probe-build/dawn/src/dawn/native/libwebgpu_dawn.a[235](TexelBufferView.cpp.o)) was built for newer 'macOS' version (26.0) than being linked (11.2)
ld: warning: object file (/Users/paws/blender-web/build-dawn/probe-build/dawn/src/dawn/native/libwebgpu_dawn.a[236](TintUtils.cpp.o)) was built for newer 'macOS' version (26.0) than being linked (11.2)
ld: warning: object file (/Users/paws/blender-web/build-dawn/probe-build/dawn/src/dawn/native/libwebgpu_dawn.a[237](Toggles.cpp.o)) was built for newer 'macOS' version (26.0) than being linked (11.2)
ld: warning: object file (/Users/paws/blender-web/build-dawn/probe-build/dawn/src/dawn/native/libwebgpu_dawn.a[238](WGPUHelpers.cpp.o)) was built for newer 'macOS' version (26.0) than being linked (11.2)
ld: warning: object file (/Users/paws/blender-web/build-dawn/probe-build/dawn/src/dawn/native/libwebgpu_dawn.a[239](ValidationUtils.cpp.o)) was built for newer 'macOS' version (26.0) than being linked (11.2)
ld: warning: object file (/Users/paws/blender-web/build-dawn/probe-build/dawn/src/dawn/native/libwebgpu_dawn.a[241](webgpu_absl_format.cpp.o)) was built for newer 'macOS' version (26.0) than being linked (11.2)
ld: warning: object file (/Users/paws/blender-web/build-dawn/probe-build/dawn/src/dawn/native/libwebgpu_dawn.a[242](BackendMTL.mm.o)) was built for newer 'macOS' version (26.0) than being linked (11.2)
ld: warning: object file (/Users/paws/blender-web/build-dawn/probe-build/dawn/src/dawn/native/libwebgpu_dawn.a[243](BindGroupLayoutMTL.mm.o)) was built for newer 'macOS' version (26.0) than being linked (11.2)
ld: warning: object file (/Users/paws/blender-web/build-dawn/probe-build/dawn/src/dawn/native/libwebgpu_dawn.a[244](BindGroupMTL.mm.o)) was built for newer 'macOS' version (26.0) than being linked (11.2)
ld: warning: object file (/Users/paws/blender-web/build-dawn/probe-build/dawn/src/dawn/native/libwebgpu_dawn.a[245](BufferMTL.mm.o)) was built for newer 'macOS' version (26.0) than being linked (11.2)
ld: warning: object file (/Users/paws/blender-web/build-dawn/probe-build/dawn/src/dawn/native/libwebgpu_dawn.a[246](CommandBufferMTL.mm.o)) was built for newer 'macOS' version (26.0) than being linked (11.2)
ld: warning: object file (/Users/paws/blender-web/build-dawn/probe-build/dawn/src/dawn/native/libwebgpu_dawn.a[247](CommandRecordingContext.mm.o)) was built for newer 'macOS' version (26.0) than being linked (11.2)
ld: warning: object file (/Users/paws/blender-web/build-dawn/probe-build/dawn/src/dawn/native/libwebgpu_dawn.a[248](ComputePipelineMTL.mm.o)) was built for newer 'macOS' version (26.0) than being linked (11.2)
ld: warning: object file (/Users/paws/blender-web/build-dawn/probe-build/dawn/src/dawn/native/libwebgpu_dawn.a[249](DeviceMTL.mm.o)) was built for newer 'macOS' version (26.0) than being linked (11.2)
ld: warning: object file (/Users/paws/blender-web/build-dawn/probe-build/dawn/src/dawn/native/libwebgpu_dawn.a[250](PhysicalDeviceMTL.mm.o)) was built for newer 'macOS' version (26.0) than being linked (11.2)
ld: warning: object file (/Users/paws/blender-web/build-dawn/probe-build/dawn/src/dawn/native/libwebgpu_dawn.a[251](PipelineLayoutMTL.mm.o)) was built for newer 'macOS' version (26.0) than being linked (11.2)
ld: warning: object file (/Users/paws/blender-web/build-dawn/probe-build/dawn/src/dawn/native/libwebgpu_dawn.a[252](QuerySetMTL.mm.o)) was built for newer 'macOS' version (26.0) than being linked (11.2)
ld: warning: object file (/Users/paws/blender-web/build-dawn/probe-build/dawn/src/dawn/native/libwebgpu_dawn.a[253](QueueMTL.mm.o)) was built for newer 'macOS' version (26.0) than being linked (11.2)
ld: warning: object file (/Users/paws/blender-web/build-dawn/probe-build/dawn/src/dawn/native/libwebgpu_dawn.a[254](RenderPipelineMTL.mm.o)) was built for newer 'macOS' version (26.0) than being linked (11.2)
ld: warning: object file (/Users/paws/blender-web/build-dawn/probe-build/dawn/src/dawn/native/libwebgpu_dawn.a[255](SamplerMTL.mm.o)) was built for newer 'macOS' version (26.0) than being linked (11.2)
ld: warning: object file (/Users/paws/blender-web/build-dawn/probe-build/dawn/src/dawn/native/libwebgpu_dawn.a[256](ShaderModuleMTL.mm.o)) was built for newer 'macOS' version (26.0) than being linked (11.2)
ld: warning: object file (/Users/paws/blender-web/build-dawn/probe-build/dawn/src/dawn/native/libwebgpu_dawn.a[257](SharedFenceMTL.mm.o)) was built for newer 'macOS' version (26.0) than being linked (11.2)
ld: warning: object file (/Users/paws/blender-web/build-dawn/probe-build/dawn/src/dawn/native/libwebgpu_dawn.a[258](SharedTextureMemoryMTL.mm.o)) was built for newer 'macOS' version (26.0) than being linked (11.2)
ld: warning: object file (/Users/paws/blender-web/build-dawn/probe-build/dawn/src/dawn/native/libwebgpu_dawn.a[259](SwapChainMTL.mm.o)) was built for newer 'macOS' version (26.0) than being linked (11.2)
ld: warning: object file (/Users/paws/blender-web/build-dawn/probe-build/dawn/src/dawn/native/libwebgpu_dawn.a[260](TextureMTL.mm.o)) was built for newer 'macOS' version (26.0) than being linked (11.2)
ld: warning: object file (/Users/paws/blender-web/build-dawn/probe-build/dawn/src/dawn/native/libwebgpu_dawn.a[261](UtilsMetal.mm.o)) was built for newer 'macOS' version (26.0) than being linked (11.2)
ld: warning: object file (/Users/paws/blender-web/build-dawn/probe-build/dawn/src/dawn/native/libwebgpu_dawn.a[262](Surface_metal.mm.o)) was built for newer 'macOS' version (26.0) than being linked (11.2)
ld: warning: object file (/Users/paws/blender-web/build-dawn/probe-build/dawn/src/dawn/native/libwebgpu_dawn.a[263](DeviceNull.cpp.o)) was built for newer 'macOS' version (26.0) than being linked (11.2)
