+0.13s Failed to load resource: the server responded with a status of 404 (File not found)
+0.59s /Users/paws/blender-web/build-deps/openimageio/OpenImageIO-3.1.13.1/src/libutil/sysutil.cpp:214: physical_memory: Assertion '0 && "Need to implement Sysutil::physical_memory on this platform"' failed.
+0.59s [bw] WM-worker WebGPU device pre-acquired (ADR-007); features=22
+0.62s 00:00.012  system.path      | Env 'BLENDER_USER_RESOURCES' missing: /projects
+0.62s 00:00.012  system.path      | Get path local: folder='portable', subfolder='(null)'
+0.62s 00:00.012  system.path      | Missing '/portable'
+0.62s 00:00.013  system.path      | Get path user: '/home/web_user/.config/blender/5.2', folder='datafiles', subfolder='colormanagement'
+0.62s 00:00.013  system.path      | Missing '/home/web_user/.config/blender/5.2/datafiles/colormanagement'
+0.62s 00:00.013  system.path      | Env 'BLENDER_SYSTEM_DATAFILES' found: /bw/datafiles
+0.62s 00:00.013  system.path      | Found '/bw/datafiles/colormanagement'
+0.84s [bw] M7 store: OPFS mounted at /projects (+/.recovery) - PERSISTENT rc=0 in 64.0 ms
+0.86s 00:00.255  system.path      | Env 'BLENDER_USER_RESOURCES' found: /projects
+0.86s 00:00.255  system.path      | Get path user: '/projects', folder='datafiles', subfolder='locale'
+0.86s 00:00.255  system.path      | Missing '/projects/datafiles/locale'
+0.86s 00:00.255  system.path      | Env 'BLENDER_SYSTEM_DATAFILES' found: /bw/datafiles
+0.86s 00:00.255  system.path      | Found '/bw/datafiles/locale'
+0.86s 00:00.256  system.path      | Env 'BLENDER_USER_RESOURCES' found: /projects
+0.86s 00:00.256  system.path      | Get path user: '/projects', folder='datafiles', subfolder='locale'
+0.86s 00:00.256  system.path      | Missing '/projects/datafiles/locale'
+0.86s 00:00.256  system.path      | Env 'BLENDER_SYSTEM_DATAFILES' found: /bw/datafiles
+0.86s 00:00.256  system.path      | Found '/bw/datafiles/locale'
+0.86s 00:00.257  system.path      | Env 'BLENDER_USER_RESOURCES' found: /projects
+0.86s 00:00.257  system.path      | Get path user: '/projects', folder='datafiles', subfolder='studiolights/studio/'
+0.86s 00:00.257  system.path      | Missing '/projects/datafiles/studiolights/studio/'
+0.86s 00:00.257  system.path      | Env 'BLENDER_USER_RESOURCES' found: /projects
+0.86s 00:00.257  system.path      | Get path user: '/projects', folder='datafiles', subfolder='studiolights/world/'
+0.86s 00:00.258  system.path      | Missing '/projects/datafiles/studiolights/world/'
+0.86s 00:00.258  system.path      | Env 'BLENDER_USER_RESOURCES' found: /projects
+0.86s 00:00.258  system.path      | Get path user: '/projects', folder='datafiles', subfolder='studiolights/matcap/'
+0.86s 00:00.258  system.path      | Missing '/projects/datafiles/studiolights/matcap/'
+0.86s 00:00.258  system.path      | Env 'BLENDER_SYSTEM_DATAFILES' found: /bw/datafiles
+0.86s 00:00.258  system.path      | Found '/bw/datafiles/studiolights/studio/'
+0.87s 00:00.261  system.path      | Env 'BLENDER_SYSTEM_DATAFILES' found: /bw/datafiles
+0.87s 00:00.261  system.path      | Found '/bw/datafiles/studiolights/world/'
+0.87s 00:00.261  system.path      | Env 'BLENDER_SYSTEM_DATAFILES' found: /bw/datafiles
+0.87s 00:00.261  system.path      | Found '/bw/datafiles/studiolights/matcap/'
+0.87s 00:00.262  system.path      | Env 'BLENDER_USER_RESOURCES' found: /projects
+0.87s 00:00.262  system.path      | Get path user: '/projects', folder='config', subfolder='(null)'
+0.87s 00:00.262  system.path      | Missing '/projects/config'
+0.92s 00:00.318  system.path      | Env 'BLENDER_SYSTEM_DATAFILES' found: /bw/datafiles
+0.92s 00:00.318  system.path      | Missing '/bw/datafiles/assets/brushes'
+0.92s 00:00.318  system.path      | Env 'BLENDER_SYSTEM_RESOURCES' found: /bw
+0.92s 00:00.318  system.path      | Get path system: '/bw', folder='datafiles', subfolder='assets/brushes'
+0.92s 00:00.318  system.path      | Missing '/bw/datafiles/assets/brushes'
+0.92s 00:00.318  system.path      | Get path local: folder='datafiles', subfolder='assets/brushes'
+0.92s 00:00.318  system.path      | Missing '/5.2/datafiles/assets/brushes'
+0.93s 00:00.326  system.path      | Env 'BLENDER_USER_RESOURCES' found: /projects
+0.93s 00:00.326  system.path      | Get path user: '/projects', folder='datafiles', subfolder='fonts'
+0.93s 00:00.326  system.path      | Missing '/projects/datafiles/fonts'
+0.93s 00:00.326  system.path      | Env 'BLENDER_SYSTEM_DATAFILES' found: /bw/datafiles
+0.93s 00:00.326  system.path      | Found '/bw/datafiles/fonts'
+0.94s 00:00.338  system.path      | Env 'BLENDER_USER_RESOURCES' found: /projects
+0.94s 00:00.338  system.path      | Get path user: '/projects', folder='datafiles', subfolder='fonts'
+0.94s 00:00.338  system.path      | Missing '/projects/datafiles/fonts'
+0.94s 00:00.338  system.path      | Env 'BLENDER_SYSTEM_DATAFILES' found: /bw/datafiles
+0.94s 00:00.338  system.path      | Found '/bw/datafiles/fonts'
+0.95s 00:00.343  system.path      | Env 'BLENDER_USER_RESOURCES' found: /projects
+0.95s 00:00.343  system.path      | Get path user: '/projects', folder='datafiles', subfolder='fonts'
+0.95s 00:00.343  system.path      | Missing '/projects/datafiles/fonts'
+0.95s 00:00.343  system.path      | Env 'BLENDER_SYSTEM_DATAFILES' found: /bw/datafiles
+0.95s 00:00.343  system.path      | Found '/bw/datafiles/fonts'
+0.95s 00:00.348  system.path      | Env 'BLENDER_USER_RESOURCES' found: /projects
+0.96s 00:00.348  system.path      | Get path user: '/projects', folder='datafiles', subfolder='fonts'
+0.96s 00:00.349  system.path      | Missing '/projects/datafiles/fonts'
+0.96s 00:00.349  system.path      | Env 'BLENDER_SYSTEM_DATAFILES' found: /bw/datafiles
+0.96s 00:00.349  system.path      | Found '/bw/datafiles/fonts'
+0.96s 00:00.349  system.path      | Env 'BLENDER_USER_RESOURCES' found: /projects
+0.96s 00:00.349  system.path      | Get path user: '/projects', folder='datafiles', subfolder='fonts'
+0.96s 00:00.349  system.path      | Missing '/projects/datafiles/fonts'
+0.96s 00:00.349  system.path      | Env 'BLENDER_SYSTEM_DATAFILES' found: /bw/datafiles
+0.96s 00:00.349  system.path      | Found '/bw/datafiles/fonts'
+0.96s 00:00.349  system.path      | Env 'BLENDER_USER_RESOURCES' found: /projects
+0.96s 00:00.349  system.path      | Get path user: '/projects', folder='datafiles', subfolder='fonts/'
+0.96s 00:00.349  system.path      | Missing '/projects/datafiles/fonts/'
+0.96s 00:00.350  system.path      | Env 'BLENDER_SYSTEM_DATAFILES' found: /bw/datafiles
+0.96s 00:00.350  system.path      | Found '/bw/datafiles/fonts/'
+1.02s 00:00.411  gpu.shader       | Compiling Shader "gpu_shader_text"
+1.02s 00:00.412  gpu.shader.deps  | Resolved Source Tree (Mermaid flowchart) gpu_shader_text
+1.02s flowchart LR
+1.02s GPU_shader_shared.hh_13548 --> GPU_shader_shared_utils.hh_933
+1.02s style GPU_shader_shared_utils.hh_933 fill:#0f0
+1.02s gpu_shader_text_infos.hh_455 --> GPU_shader_shared.hh_13548
+1.02s style GPU_shader_shared.hh_13548 fill:#d20
+1.02s gpu_shader_text_infos.hh_455 --> gpu_srgb_to_framebuffer_space_infos.hh_1094
+1.02s style gpu_srgb_to_framebuffer_space_infos.hh_1094 fill:#1e0
+1.02s gpu_shader_text_vert.glsl_1071 --> gpu_shader_text_infos.hh_455
+1.02s style gpu_shader_text_infos.hh_455 fill:#0f0
+1.02s 
+1.02s 00:00.413  gpu.shader.deps  | Resolved Source Tree (Mermaid flowchart) 
+1.02s flowchart LR
+1.02s gpu_shader_compat_glsl.glsl_4944 --> gpu_shader_glsl_extension.glsl_644
+1.02s style gpu_shader_glsl_extension.glsl_644 fill:#0f0
+1.02s 
+1.02s 00:00.416  gpu.shader.deps  | Resolved Source Tree (Mermaid flowchart) gpu_shader_text
+1.02s flowchart LR
+1.02s GPU_shader_shared.hh_13548 --> GPU_shader_shared_utils.hh_933
+1.02s style GPU_shader_shared_utils.hh_933 fill:#0f0
+1.02s gpu_shader_text_infos.hh_455 --> GPU_shader_shared.hh_13548
+1.02s style GPU_shader_shared.hh_13548 fill:#d20
+1.02s gpu_shader_text_infos.hh_455 --> gpu_srgb_to_framebuffer_space_infos.hh_1094
+1.02s style gpu_srgb_to_framebuffer_space_infos.hh_1094 fill:#1e0
+1.02s gpu_shader_text_frag.glsl_5106 --> gpu_shader_text_infos.hh_455
+1.02s style gpu_shader_text_infos.hh_455 fill:#0f0
+1.02s gpu_shader_colorspace_lib.glsl_1229 --> gpu_srgb_to_framebuffer_space_infos.hh_1094
+1.02s style gpu_srgb_to_framebuffer_space_infos.hh_1094 fill:#1e0
+1.02s gpu_shader_text_frag.glsl_5106 --> gpu_shader_colorspace_lib.glsl_1229
+1.02s style gpu_shader_colorspace_lib.glsl_1229 fill:#1e0
+1.02s 
+1.02s 00:00.416  gpu.shader.deps  | Resolved Source Tree (Mermaid flowchart) 
+1.02s flowchart LR
+1.02s gpu_shader_compat_glsl.glsl_4944 --> gpu_shader_glsl_extension.glsl_644
+1.02s style gpu_shader_glsl_extension.glsl_644 fill:#0f0
+1.02s 
+1.35s 00:00.744  gpu.shader       | Compiling Shader "gpu_shader_2D_widget_base"
+1.35s 00:00.744  gpu.shader.deps  | Resolved Source Tree (Mermaid flowchart) gpu_shader_2D_widget_base
+1.36s flowchart LR
+1.36s GPU_shader_shared.hh_13548 --> GPU_shader_shared_utils.hh_933
+1.36s style GPU_shader_shared_utils.hh_933 fill:#0f0
+1.36s gpu_shader_2D_widget_base.bsl.hh_23842 --> GPU_shader_shared.hh_13548
+1.36s style GPU_shader_shared.hh_13548 fill:#d20
+1.36s gpu_shader_2D_widget_base.bsl.hh_23842 --> gpu_interface_infos.hh_75
+1.36s style gpu_interface_infos.hh_75 fill:#0f0
+1.36s gpu_shader_colorspace_lib.glsl_1229 --> gpu_srgb_to_framebuffer_space_infos.hh_1094
+1.36s style gpu_srgb_to_framebuffer_space_infos.hh_1094 fill:#1e0
+1.36s gpu_shader_2D_widget_base.bsl.hh_23842 --> gpu_shader_colorspace_lib.glsl_1229
+1.36s style gpu_shader_colorspace_lib.glsl_1229 fill:#1e0
+1.36s 
+1.36s 00:00.745  gpu.shader.deps  | Resolved Source Tree (Mermaid flowchart) 
+1.36s flowchart LR
+1.36s gpu_shader_compat_glsl.glsl_4944 --> gpu_shader_glsl_extension.glsl_644
+1.36s style gpu_shader_glsl_extension.glsl_644 fill:#0f0
+1.36s 
+1.36s 00:00.748  gpu.shader.deps  | Resolved Source Tree (Mermaid flowchart) gpu_shader_2D_widget_base
+1.36s flowchart LR
+1.36s GPU_shader_shared.hh_13548 --> GPU_shader_shared_utils.hh_933
+1.36s style GPU_shader_shared_utils.hh_933 fill:#0f0
+1.36s gpu_shader_2D_widget_base.bsl.hh_23842 --> GPU_shader_shared.hh_13548
+1.36s style GPU_shader_shared.hh_13548 fill:#d20
+1.36s gpu_shader_2D_widget_base.bsl.hh_23842 --> gpu_interface_infos.hh_75
+1.36s style gpu_interface_infos.hh_75 fill:#0f0
+1.36s gpu_shader_colorspace_lib.glsl_1229 --> gpu_srgb_to_framebuffer_space_infos.hh_1094
+1.36s style gpu_srgb_to_framebuffer_space_infos.hh_1094 fill:#1e0
+1.36s gpu_shader_2D_widget_base.bsl.hh_23842 --> gpu_shader_colorspace_lib.glsl_1229
+1.36s style gpu_shader_colorspace_lib.glsl_1229 fill:#1e0
+1.36s 
+1.36s 00:00.749  gpu.shader.deps  | Resolved Source Tree (Mermaid flowchart) 
+1.36s flowchart LR
+1.36s gpu_shader_compat_glsl.glsl_4944 --> gpu_shader_glsl_extension.glsl_644
+1.36s style gpu_shader_glsl_extension.glsl_644 fill:#0f0
+1.36s 
+1.57s 00:00.966  gpu.shader       | Compiling Shader "gpu_shader_3D_uniform_color"
+1.57s 00:00.966  gpu.shader.deps  | Resolved Source Tree (Mermaid flowchart) gpu_shader_3D_uniform_color
+1.57s flowchart LR
+1.57s GPU_shader_shared.hh_13548 --> GPU_shader_shared_utils.hh_933
+1.57s style GPU_shader_shared_utils.hh_933 fill:#0f0
+1.57s gpu_shader_3D_depth_only_infos.hh_1049 --> GPU_shader_shared.hh_13548
+1.57s style GPU_shader_shared.hh_13548 fill:#d20
+1.57s gpu_clip_planes_infos.hh_526 --> GPU_shader_shared.hh_13548
+1.57s style GPU_shader_shared.hh_13548 fill:#d20
+1.57s gpu_shader_3D_depth_only_infos.hh_1049 --> gpu_clip_planes_infos.hh_526
+1.57s style gpu_clip_planes_infos.hh_526 fill:#0f0
+1.57s gpu_shader_3D_depth_only_infos.hh_1049 --> gpu_interface_infos.hh_75
+1.57s style gpu_interface_infos.hh_75 fill:#0f0
+1.57s gpu_shader_3D_vert.glsl_307 --> gpu_shader_3D_depth_only_infos.hh_1049
+1.57s style gpu_shader_3D_depth_only_infos.hh_1049 fill:#1e0
+1.57s gpu_shader_cfg_world_clip_lib.glsl_650 --> gpu_clip_planes_infos.hh_526
+1.57s style gpu_clip_planes_infos.hh_526 fill:#0f0
+1.57s gpu_shader_3D_vert.glsl_307 --> gpu_shader_cfg_world_clip_lib.glsl_650
+1.57s style gpu_shader_cfg_world_clip_lib.glsl_650 fill:#0f0
+1.57s 
+1.57s 00:00.966  gpu.shader.deps  | Resolved Source Tree (Mermaid flowchart) 
+1.57s flowchart LR
+1.57s gpu_shader_compat_glsl.glsl_4944 --> gpu_shader_glsl_extension.glsl_644
+1.57s style gpu_shader_glsl_extension.glsl_644 fill:#0f0
+1.57s 
+1.57s 00:00.966  gpu.shader.deps  | Resolved Source Tree (Mermaid flowchart) gpu_shader_3D_uniform_color
+1.57s flowchart LR
+1.57s GPU_shader_shared.hh_13548 --> GPU_shader_shared_utils.hh_933
+1.57s style GPU_shader_shared_utils.hh_933 fill:#0f0
+1.57s gpu_shader_3D_uniform_color_infos.hh_1645 --> GPU_shader_shared.hh_13548
+1.57s style GPU_shader_shared.hh_13548 fill:#d20
+1.57s gpu_clip_planes_infos.hh_526 --> GPU_shader_shared.hh_13548
+1.57s style GPU_shader_shared.hh_13548 fill:#d20
+1.57s gpu_shader_3D_uniform_color_infos.hh_1645 --> gpu_clip_planes_infos.hh_526
+1.57s style gpu_clip_planes_infos.hh_526 fill:#0f0
+1.57s gpu_shader_3D_uniform_color_infos.hh_1645 --> gpu_srgb_to_framebuffer_space_infos.hh_1094
+1.57s style gpu_srgb_to_framebuffer_space_infos.hh_1094 fill:#1e0
+1.57s gpu_shader_uniform_color_frag.glsl_193 --> gpu_shader_3D_uniform_color_infos.hh_1645
+1.57s style gpu_shader_3D_uniform_color_infos.hh_1645 fill:#1e0
+1.57s gpu_shader_colorspace_lib.glsl_1229 --> gpu_srgb_to_framebuffer_space_infos.hh_1094
+1.57s style gpu_srgb_to_framebuffer_space_infos.hh_1094 fill:#1e0
+1.57s gpu_shader_uniform_color_frag.glsl_193 --> gpu_shader_colorspace_lib.glsl_1229
+1.57s style gpu_shader_colorspace_lib.glsl_1229 fill:#1e0
+1.57s 
+1.57s 00:00.967  gpu.shader.deps  | Resolved Source Tree (Mermaid flowchart) 
+1.57s flowchart LR
+1.57s gpu_shader_compat_glsl.glsl_4944 --> gpu_shader_glsl_extension.glsl_644
+1.57s style gpu_shader_glsl_extension.glsl_644 fill:#0f0
+1.57s 
+1.73s 00:01.122  gpu.shader       | Compiling Shader "gpu_shader_3D_polyline_uniform_color"
+1.73s 00:01.122  gpu.shader.deps  | Resolved Source Tree (Mermaid flowchart) gpu_shader_3D_polyline_uniform_color
+1.73s flowchart LR
+1.73s GPU_shader_shared.hh_13548 --> GPU_shader_shared_utils.hh_933
+1.73s style GPU_shader_shared_utils.hh_933 fill:#0f0
+1.73s gpu_shader_3D_polyline_infos.hh_2797 --> GPU_shader_shared.hh_13548
+1.73s style GPU_shader_shared.hh_13548 fill:#d20
+1.73s gpu_index_load_infos.hh_567 --> GPU_shader_shared.hh_13548
+1.73s style GPU_shader_shared.hh_13548 fill:#d20
+1.73s gpu_shader_3D_polyline_infos.hh_2797 --> gpu_index_load_infos.hh_567
+1.73s style gpu_index_load_infos.hh_567 fill:#0f0
+1.73s gpu_shader_3D_polyline_infos.hh_2797 --> gpu_srgb_to_framebuffer_space_infos.hh_1094
+1.73s style gpu_srgb_to_framebuffer_space_infos.hh_1094 fill:#1e0
+1.73s gpu_shader_3D_polyline_infos.hh_2797 --> gpu_interface_infos.hh_75
+1.73s style gpu_interface_infos.hh_75 fill:#0f0
+1.73s gpu_shader_3D_polyline_vert.glsl_6496 --> gpu_shader_3D_polyline_infos.hh_2797
+1.73s style gpu_shader_3D_polyline_infos.hh_2797 fill:#2d0
+1.73s gpu_shader_3D_polyline_vert.glsl_6496 --> gpu_shader_attribute_load_lib.glsl_3268
+1.73s style gpu_shader_attribute_load_lib.glsl_3268 fill:#3c0
+1.73s gpu_shader_index_load_lib.glsl_627 --> gpu_index_load_infos.hh_567
+1.73s style gpu_index_load_infos.hh_567 fill:#0f0
+1.73s gpu_shader_3D_polyline_vert.glsl_6496 --> gpu_shader_index_load_lib.glsl_627
+1.73s style gpu_shader_index_load_lib.glsl_627 fill:#0f0
+1.73s gpu_shader_3D_polyline_vert.glsl_6496 --> gpu_shader_math_base_lib.glsl_1464
+1.73s style gpu_shader_math_base_lib.glsl_1464 fill:#1e0
+1.73s gpu_shader_3D_polyline_vert.glsl_6496 --> gpu_shader_utildefines_lib.glsl_3296
+1.73s style gpu_shader_utildefines_lib.glsl_3296 fill:#3c0
+1.73s 
+1.73s 00:01.122  gpu.shader.deps  | Resolved Source Tree (Mermaid flowchart) 
+1.73s flowchart LR
+1.73s gpu_shader_compat_glsl.glsl_4944 --> gpu_shader_glsl_extension.glsl_644
+1.73s style gpu_shader_glsl_extension.glsl_644 fill:#0f0
+1.73s 
+1.73s 00:01.123  gpu.shader.deps  | Resolved Source Tree (Mermaid flowchart) gpu_shader_3D_polyline_uniform_color
+1.73s flowchart LR
+1.73s GPU_shader_shared.hh_13548 --> GPU_shader_shared_utils.hh_933
+1.73s style GPU_shader_shared_utils.hh_933 fill:#0f0
+1.73s gpu_shader_3D_polyline_infos.hh_2797 --> GPU_shader_shared.hh_13548
+1.73s style GPU_shader_shared.hh_13548 fill:#d20
+1.73s gpu_index_load_infos.hh_567 --> GPU_shader_shared.hh_13548
+1.73s style GPU_shader_shared.hh_13548 fill:#d20
+1.73s gpu_shader_3D_polyline_infos.hh_2797 --> gpu_index_load_infos.hh_567
+1.73s style gpu_index_load_infos.hh_567 fill:#0f0
+1.73s gpu_shader_3D_polyline_infos.hh_2797 --> gpu_srgb_to_framebuffer_space_infos.hh_1094
+1.73s style gpu_srgb_to_framebuffer_space_infos.hh_1094 fill:#1e0
+1.73s gpu_shader_3D_polyline_infos.hh_2797 --> gpu_interface_infos.hh_75
+1.73s style gpu_interface_infos.hh_75 fill:#0f0
+1.73s gpu_shader_3D_polyline_frag.glsl_410 --> gpu_shader_3D_polyline_infos.hh_2797
+1.73s style gpu_shader_3D_polyline_infos.hh_2797 fill:#2d0
+1.73s gpu_shader_colorspace_lib.glsl_1229 --> gpu_srgb_to_framebuffer_space_infos.hh_1094
+1.73s style gpu_srgb_to_framebuffer_space_infos.hh_1094 fill:#1e0
+1.73s gpu_shader_3D_polyline_frag.glsl_410 --> gpu_shader_colorspace_lib.glsl_1229
+1.73s style gpu_shader_colorspace_lib.glsl_1229 fill:#1e0
+1.73s 
+1.73s 00:01.123  gpu.shader.deps  | Resolved Source Tree (Mermaid flowchart) 
+1.73s flowchart LR
+1.73s gpu_shader_compat_glsl.glsl_4944 --> gpu_shader_glsl_extension.glsl_644
+1.73s style gpu_shader_glsl_extension.glsl_644 fill:#0f0
+1.73s 
+1.89s 00:01.280  gpu.shader       | Compiling Shader "gpu_shader_3D_image_color"
+1.89s 00:01.280  gpu.shader.deps  | Resolved Source Tree (Mermaid flowchart) gpu_shader_3D_image_color
+1.89s flowchart LR
+1.89s GPU_shader_shared.hh_13548 --> GPU_shader_shared_utils.hh_933
+1.89s style GPU_shader_shared_utils.hh_933 fill:#0f0
+1.89s gpu_shader_3D_image_infos.hh_2487 --> GPU_shader_shared.hh_13548
+1.89s style GPU_shader_shared.hh_13548 fill:#d20
+1.89s gpu_shader_3D_image_infos.hh_2487 --> gpu_srgb_to_framebuffer_space_infos.hh_1094
+1.89s style gpu_srgb_to_framebuffer_space_infos.hh_1094 fill:#1e0
+1.89s gpu_shader_3D_image_infos.hh_2487 --> gpu_interface_infos.hh_75
+1.89s style gpu_interface_infos.hh_75 fill:#0f0
+1.89s gpu_shader_3D_image_vert.glsl_218 --> gpu_shader_3D_image_infos.hh_2487
+1.89s style gpu_shader_3D_image_infos.hh_2487 fill:#2d0
+1.89s 
+1.89s 00:01.280  gpu.shader.deps  | Resolved Source Tree (Mermaid flowchart) 
+1.89s flowchart LR
+1.89s gpu_shader_compat_glsl.glsl_4944 --> gpu_shader_glsl_extension.glsl_644
+1.89s style gpu_shader_glsl_extension.glsl_644 fill:#0f0
+1.89s 
+1.89s 00:01.280  gpu.shader.deps  | Resolved Source Tree (Mermaid flowchart) gpu_shader_3D_image_color
+1.89s flowchart LR
+1.89s GPU_shader_shared.hh_13548 --> GPU_shader_shared_utils.hh_933
+1.89s style GPU_shader_shared_utils.hh_933 fill:#0f0
+1.89s gpu_shader_2D_image_rect_color_infos.hh_590 --> GPU_shader_shared.hh_13548
+1.89s style GPU_shader_shared.hh_13548 fill:#d20
+1.89s gpu_shader_2D_image_rect_color_infos.hh_590 --> gpu_srgb_to_framebuffer_space_infos.hh_1094
+1.89s style gpu_srgb_to_framebuffer_space_infos.hh_1094 fill:#1e0
+1.89s gpu_shader_2D_image_rect_color_infos.hh_590 --> gpu_interface_infos.hh_75
+1.89s style gpu_interface_infos.hh_75 fill:#0f0
+1.89s gpu_shader_image_color_frag.glsl_398 --> gpu_shader_2D_image_rect_color_infos.hh_590
+1.89s style gpu_shader_2D_image_rect_color_infos.hh_590 fill:#0f0
+1.89s gpu_shader_3D_image_infos.hh_2487 --> GPU_shader_shared.hh_13548
+1.89s style GPU_shader_shared.hh_13548 fill:#d20
+1.89s gpu_shader_3D_image_infos.hh_2487 --> gpu_srgb_to_framebuffer_space_infos.hh_1094
+1.89s style gpu_srgb_to_framebuffer_space_infos.hh_1094 fill:#1e0
+1.89s gpu_shader_3D_image_infos.hh_2487 --> gpu_interface_infos.hh_75
+1.89s style gpu_interface_infos.hh_75 fill:#0f0
+1.89s gpu_shader_image_color_frag.glsl_398 --> gpu_shader_3D_image_infos.hh_2487
+1.89s style gpu_shader_3D_image_infos.hh_2487 fill:#2d0
+1.89s gpu_shader_colorspace_lib.glsl_1229 --> gpu_srgb_to_framebuffer_space_infos.hh_1094
+1.89s style gpu_srgb_to_framebuffer_space_infos.hh_1094 fill:#1e0
+1.89s gpu_shader_image_color_frag.glsl_398 --> gpu_shader_colorspace_lib.glsl_1229
+1.89s style gpu_shader_colorspace_lib.glsl_1229 fill:#1e0
+1.89s 
+1.89s 00:01.280  gpu.shader.deps  | Resolved Source Tree (Mermaid flowchart) 
+1.89s flowchart LR
+1.89s gpu_shader_compat_glsl.glsl_4944 --> gpu_shader_glsl_extension.glsl_644
+1.89s style gpu_shader_glsl_extension.glsl_644 fill:#0f0
+1.89s 
+2.03s 00:01.423  gpu.shader       | Compiling Shader "gpu_shader_2D_node_socket"
+2.03s 00:01.423  gpu.shader.deps  | Resolved Source Tree (Mermaid flowchart) gpu_shader_2D_node_socket
+2.03s flowchart LR
+2.03s gpu_shader_2D_node_socket_vert.glsl_1881 --> gpu_shader_2D_node_socket_infos.hh_1679
+2.03s style gpu_shader_2D_node_socket_infos.hh_1679 fill:#1e0
+2.03s gpu_shader_2D_node_socket_vert.glsl_1881 --> gpu_shader_math_base_lib.glsl_1464
+2.03s style gpu_shader_math_base_lib.glsl_1464 fill:#1e0
+2.03s 
+2.03s 00:01.423  gpu.shader.deps  | Resolved Source Tree (Mermaid flowchart) 
+2.03s flowchart LR
+2.03s gpu_shader_compat_glsl.glsl_4944 --> gpu_shader_glsl_extension.glsl_644
+2.03s style gpu_shader_glsl_extension.glsl_644 fill:#0f0
+2.03s 
+2.03s 00:01.424  gpu.shader.deps  | Resolved Source Tree (Mermaid flowchart) gpu_shader_2D_node_socket
+2.03s flowchart LR
+2.03s gpu_shader_2D_node_socket_frag.glsl_4937 --> gpu_shader_2D_node_socket_infos.hh_1679
+2.03s style gpu_shader_2D_node_socket_infos.hh_1679 fill:#1e0
+2.03s gpu_shader_2D_node_socket_frag.glsl_4937 --> gpu_shader_math_constants_lib.glsl_604
+2.03s style gpu_shader_math_constants_lib.glsl_604 fill:#0f0
+2.03s gpu_shader_math_angle_lib.glsl_625 --> gpu_shader_math_constants_lib.glsl_604
+2.03s style gpu_shader_math_constants_lib.glsl_604 fill:#0f0
+2.03s gpu_shader_math_matrix_construct_lib.glsl_5904 --> gpu_shader_math_angle_lib.glsl_625
+2.03s style gpu_shader_math_angle_lib.glsl_625 fill:#0f0
+2.03s gpu_shader_math_matrix_construct_lib.glsl_5904 --> gpu_shader_math_axis_angle_lib.glsl_442
+2.03s style gpu_shader_math_axis_angle_lib.glsl_442 fill:#0f0
+2.03s gpu_shader_math_matrix_construct_lib.glsl_5904 --> gpu_shader_math_base_lib.glsl_1464
+2.03s style gpu_shader_math_base_lib.glsl_1464 fill:#1e0
+2.03s gpu_shader_math_matrix_construct_lib.glsl_5904 --> gpu_shader_math_euler_lib.glsl_722
+2.03s style gpu_shader_math_euler_lib.glsl_722 fill:#0f0
+2.03s gpu_shader_math_matrix_construct_lib.glsl_5904 --> gpu_shader_math_quaternion_lib.glsl_1440
+2.03s style gpu_shader_math_quaternion_lib.glsl_1440 fill:#1e0
+2.03s gpu_shader_2D_node_socket_frag.glsl_4937 --> gpu_shader_math_matrix_construct_lib.glsl_5904
+2.03s style gpu_shader_math_matrix_construct_lib.glsl_5904 fill:#5a0
+2.03s 
+2.03s 00:01.424  gpu.shader.deps  | Resolved Source Tree (Mermaid flowchart) 
+2.03s flowchart LR
+2.03s gpu_shader_compat_glsl.glsl_4944 --> gpu_shader_glsl_extension.glsl_644
+2.03s style gpu_shader_glsl_extension.glsl_644 fill:#0f0
+2.03s 
+2.18s 00:01.570  gpu.shader       | Compiling Shader "gpu_shader_2D_widget_base_inst"
+2.18s 00:01.571  gpu.shader.deps  | Resolved Source Tree (Mermaid flowchart) gpu_shader_2D_widget_base_inst
+2.18s flowchart LR
+2.18s GPU_shader_shared.hh_13548 --> GPU_shader_shared_utils.hh_933
+2.18s style GPU_shader_shared_utils.hh_933 fill:#0f0
+2.18s gpu_shader_2D_widget_base.bsl.hh_23842 --> GPU_shader_shared.hh_13548
+2.18s style GPU_shader_shared.hh_13548 fill:#d20
+2.18s gpu_shader_2D_widget_base.bsl.hh_23842 --> gpu_interface_infos.hh_75
+2.18s style gpu_interface_infos.hh_75 fill:#0f0
+2.18s gpu_shader_colorspace_lib.glsl_1229 --> gpu_srgb_to_framebuffer_space_infos.hh_1094
+2.18s style gpu_srgb_to_framebuffer_space_infos.hh_1094 fill:#1e0
+2.18s gpu_shader_2D_widget_base.bsl.hh_23842 --> gpu_shader_colorspace_lib.glsl_1229
+2.18s style gpu_shader_colorspace_lib.glsl_1229 fill:#1e0
+2.18s 
+2.18s 00:01.571  gpu.shader.deps  | Resolved Source Tree (Mermaid flowchart) 
+2.18s flowchart LR
+2.18s gpu_shader_compat_glsl.glsl_4944 --> gpu_shader_glsl_extension.glsl_644
+2.18s style gpu_shader_glsl_extension.glsl_644 fill:#0f0
+2.18s 
+2.18s 00:01.573  gpu.shader.deps  | Resolved Source Tree (Mermaid flowchart) gpu_shader_2D_widget_base_inst
+2.18s flowchart LR
+2.18s GPU_shader_shared.hh_13548 --> GPU_shader_shared_utils.hh_933
+2.18s style GPU_shader_shared_utils.hh_933 fill:#0f0
+2.18s gpu_shader_2D_widget_base.bsl.hh_23842 --> GPU_shader_shared.hh_13548
+2.18s style GPU_shader_shared.hh_13548 fill:#d20
+2.18s gpu_shader_2D_widget_base.bsl.hh_23842 --> gpu_interface_infos.hh_75
+2.18s style gpu_interface_infos.hh_75 fill:#0f0
+2.18s gpu_shader_colorspace_lib.glsl_1229 --> gpu_srgb_to_framebuffer_space_infos.hh_1094
+2.18s style gpu_srgb_to_framebuffer_space_infos.hh_1094 fill:#1e0
+2.18s gpu_shader_2D_widget_base.bsl.hh_23842 --> gpu_shader_colorspace_lib.glsl_1229
+2.18s style gpu_shader_colorspace_lib.glsl_1229 fill:#1e0
+2.18s 
+2.18s 00:01.573  gpu.shader.deps  | Resolved Source Tree (Mermaid flowchart) 
+2.18s flowchart LR
+2.18s gpu_shader_compat_glsl.glsl_4944 --> gpu_shader_glsl_extension.glsl_644
+2.18s style gpu_shader_glsl_extension.glsl_644 fill:#0f0
+2.18s 
+2.33s 00:01.723  gpu.shader       | Compiling Shader "gpu_shader_3D_line_dashed_uniform_color"
+2.33s 00:01.723  gpu.shader.deps  | Resolved Source Tree (Mermaid flowchart) gpu_shader_3D_line_dashed_uniform_color
+2.33s flowchart LR
+2.33s GPU_shader_shared.hh_13548 --> GPU_shader_shared_utils.hh_933
+2.33s style GPU_shader_shared_utils.hh_933 fill:#0f0
+2.33s gpu_shader_line_dashed_uniform_color_infos.hh_1301 --> GPU_shader_shared.hh_13548
+2.33s style GPU_shader_shared.hh_13548 fill:#d20
+2.33s gpu_clip_planes_infos.hh_526 --> GPU_shader_shared.hh_13548
+2.33s style GPU_shader_shared.hh_13548 fill:#d20
+2.33s gpu_shader_line_dashed_uniform_color_infos.hh_1301 --> gpu_clip_planes_infos.hh_526
+2.33s style gpu_clip_planes_infos.hh_526 fill:#0f0
+2.33s gpu_shader_line_dashed_uniform_color_infos.hh_1301 --> gpu_interface_infos.hh_75
+2.33s style gpu_interface_infos.hh_75 fill:#0f0
+2.33s gpu_shader_3D_line_dashed_uniform_color_vert.glsl_445 --> gpu_shader_line_dashed_uniform_color_infos.hh_1301
+2.33s style gpu_shader_line_dashed_uniform_color_infos.hh_1301 fill:#1e0
+2.33s gpu_shader_cfg_world_clip_lib.glsl_650 --> gpu_clip_planes_infos.hh_526
+2.33s style gpu_clip_planes_infos.hh_526 fill:#0f0
+2.33s gpu_shader_3D_line_dashed_uniform_color_vert.glsl_445 --> gpu_shader_cfg_world_clip_lib.glsl_650
+2.33s style gpu_shader_cfg_world_clip_lib.glsl_650 fill:#0f0
+2.33s 
+2.33s 00:01.723  gpu.shader.deps  | Resolved Source Tree (Mermaid flowchart) 
+2.33s flowchart LR
+2.33s gpu_shader_compat_glsl.glsl_4944 --> gpu_shader_glsl_extension.glsl_644
+2.33s style gpu_shader_glsl_extension.glsl_644 fill:#0f0
+2.33s 
+2.33s 00:01.723  gpu.shader.deps  | Resolved Source Tree (Mermaid flowchart) gpu_shader_3D_line_dashed_uniform_color
+2.33s flowchart LR
+2.33s GPU_shader_shared.hh_13548 --> GPU_shader_shared_utils.hh_933
+2.33s style GPU_shader_shared_utils.hh_933 fill:#0f0
+2.33s gpu_shader_line_dashed_uniform_color_infos.hh_1301 --> GPU_shader_shared.hh_13548
+2.33s style GPU_shader_shared.hh_13548 fill:#d20
+2.33s gpu_clip_planes_infos.hh_526 --> GPU_shader_shared.hh_13548
+2.33s style GPU_shader_shared.hh_13548 fill:#d20
+2.33s gpu_shader_line_dashed_uniform_color_infos.hh_1301 --> gpu_clip_planes_infos.hh_526
+2.33s style gpu_clip_planes_infos.hh_526 fill:#0f0
+2.33s gpu_shader_line_dashed_uniform_color_infos.hh_1301 --> gpu_interface_infos.hh_75
+2.33s style gpu_interface_infos.hh_75 fill:#0f0
+2.33s gpu_shader_2D_line_dashed_frag.glsl_544 --> gpu_shader_line_dashed_uniform_color_infos.hh_1301
+2.33s style gpu_shader_line_dashed_uniform_color_infos.hh_1301 fill:#1e0
+2.33s 
+2.33s 00:01.723  gpu.shader.deps  | Resolved Source Tree (Mermaid flowchart) 
+2.33s flowchart LR
+2.33s gpu_shader_compat_glsl.glsl_4944 --> gpu_shader_glsl_extension.glsl_644
+2.33s style gpu_shader_glsl_extension.glsl_644 fill:#0f0
+2.33s 
+2.47s 00:01.864  gpu.shader       | Compiling Shader "gpu_shader_2D_image_desaturate_color"
+2.47s 00:01.864  gpu.shader.deps  | Resolved Source Tree (Mermaid flowchart) gpu_shader_2D_image_desaturate_color
+2.47s flowchart LR
+2.47s GPU_shader_shared.hh_13548 --> GPU_shader_shared_utils.hh_933
+2.47s style GPU_shader_shared_utils.hh_933 fill:#0f0
+2.47s gpu_shader_2D_image_infos.hh_547 --> GPU_shader_shared.hh_13548
+2.47s style GPU_shader_shared.hh_13548 fill:#d20
+2.47s gpu_shader_2D_image_infos.hh_547 --> gpu_srgb_to_framebuffer_space_infos.hh_1094
+2.47s style gpu_srgb_to_framebuffer_space_infos.hh_1094 fill:#1e0
+2.47s gpu_shader_2D_image_infos.hh_547 --> gpu_interface_infos.hh_75
+2.47s style gpu_interface_infos.hh_75 fill:#0f0
+2.47s gpu_shader_2D_image_vert.glsl_223 --> gpu_shader_2D_image_infos.hh_547
+2.47s style gpu_shader_2D_image_infos.hh_547 fill:#0f0
+2.47s 
+2.47s 00:01.864  gpu.shader.deps  | Resolved Source Tree (Mermaid flowchart) 
+2.47s flowchart LR
+2.47s gpu_shader_compat_glsl.glsl_4944 --> gpu_shader_glsl_extension.glsl_644
+2.47s style gpu_shader_glsl_extension.glsl_644 fill:#0f0
+2.47s 
+2.47s 00:01.866  gpu.shader.deps  | Resolved Source Tree (Mermaid flowchart) gpu_shader_2D_image_desaturate_color
+2.47s flowchart LR
+2.47s GPU_shader_shared.hh_13548 --> GPU_shader_shared_utils.hh_933
+2.47s style GPU_shader_shared_utils.hh_933 fill:#0f0
+2.47s gpu_shader_2D_image_desaturate_color_infos.hh_644 --> GPU_shader_shared.hh_13548
+2.47s style GPU_shader_shared.hh_13548 fill:#d20
+2.47s gpu_shader_2D_image_infos.hh_547 --> GPU_shader_shared.hh_13548
+2.47s style GPU_shader_shared.hh_13548 fill:#d20
+2.47s gpu_shader_2D_image_infos.hh_547 --> gpu_srgb_to_framebuffer_space_infos.hh_1094
+2.47s style gpu_srgb_to_framebuffer_space_infos.hh_1094 fill:#1e0
+2.47s gpu_shader_2D_image_infos.hh_547 --> gpu_interface_infos.hh_75
+2.47s style gpu_interface_infos.hh_75 fill:#0f0
+2.47s gpu_shader_2D_image_desaturate_color_infos.hh_644 --> gpu_shader_2D_image_infos.hh_547
+2.47s style gpu_shader_2D_image_infos.hh_547 fill:#0f0
+2.47s gpu_shader_image_desaturate_frag.glsl_315 --> gpu_shader_2D_image_desaturate_color_infos.hh_644
+2.47s style gpu_shader_2D_image_desaturate_color_infos.hh_644 fill:#0f0
+2.47s 
+2.47s 00:01.866  gpu.shader.deps  | Resolved Source Tree (Mermaid flowchart) 
+2.47s flowchart LR
+2.47s gpu_shader_compat_glsl.glsl_4944 --> gpu_shader_glsl_extension.glsl_644
+2.47s style gpu_shader_glsl_extension.glsl_644 fill:#0f0
+2.47s 
+2.61s 00:02.009  gpu.shader       | Compiling Shader "gpu_shader_3D_polyline_smooth_color"
+2.61s 00:02.009  gpu.shader.deps  | Resolved Source Tree (Mermaid flowchart) gpu_shader_3D_polyline_smooth_color
+2.61s flowchart LR
+2.61s GPU_shader_shared.hh_13548 --> GPU_shader_shared_utils.hh_933
+2.61s style GPU_shader_shared_utils.hh_933 fill:#0f0
+2.61s gpu_shader_3D_polyline_infos.hh_2797 --> GPU_shader_shared.hh_13548
+2.61s style GPU_shader_shared.hh_13548 fill:#d20
+2.62s gpu_index_load_infos.hh_567 --> GPU_shader_shared.hh_13548
+2.62s style GPU_shader_shared.hh_13548 fill:#d20
+2.62s gpu_shader_3D_polyline_infos.hh_2797 --> gpu_index_load_infos.hh_567
+2.62s style gpu_index_load_infos.hh_567 fill:#0f0
+2.62s gpu_shader_3D_polyline_infos.hh_2797 --> gpu_srgb_to_framebuffer_space_infos.hh_1094
+2.62s style gpu_srgb_to_framebuffer_space_infos.hh_1094 fill:#1e0
+2.62s gpu_shader_3D_polyline_infos.hh_2797 --> gpu_interface_infos.hh_75
+2.62s style gpu_interface_infos.hh_75 fill:#0f0
+2.62s gpu_shader_3D_polyline_vert.glsl_6496 --> gpu_shader_3D_polyline_infos.hh_2797
+2.62s style gpu_shader_3D_polyline_infos.hh_2797 fill:#2d0
+2.62s gpu_shader_3D_polyline_vert.glsl_6496 --> gpu_shader_attribute_load_lib.glsl_3268
+2.62s style gpu_shader_attribute_load_lib.glsl_3268 fill:#3c0
+2.62s gpu_shader_index_load_lib.glsl_627 --> gpu_index_load_infos.hh_567
+2.62s style gpu_index_load_infos.hh_567 fill:#0f0
+2.62s gpu_shader_3D_polyline_vert.glsl_6496 --> gpu_shader_index_load_lib.glsl_627
+2.62s style gpu_shader_index_load_lib.glsl_627 fill:#0f0
+2.62s gpu_shader_3D_polyline_vert.glsl_6496 --> gpu_shader_math_base_lib.glsl_1464
+2.62s style gpu_shader_math_base_lib.glsl_1464 fill:#1e0
+2.62s gpu_shader_3D_polyline_vert.glsl_6496 --> gpu_shader_utildefines_lib.glsl_3296
+2.62s style gpu_shader_utildefines_lib.glsl_3296 fill:#3c0
+2.62s 
+2.62s 00:02.009  gpu.shader.deps  | Resolved Source Tree (Mermaid flowchart) 
+2.62s flowchart LR
+2.62s gpu_shader_compat_glsl.glsl_4944 --> gpu_shader_glsl_extension.glsl_644
+2.62s style gpu_shader_glsl_extension.glsl_644 fill:#0f0
+2.62s 
+2.62s 00:02.009  gpu.shader.deps  | Resolved Source Tree (Mermaid flowchart) gpu_shader_3D_polyline_smooth_color
+2.62s flowchart LR
+2.62s GPU_shader_shared.hh_13548 --> GPU_shader_shared_utils.hh_933
+2.62s style GPU_shader_shared_utils.hh_933 fill:#0f0
+2.62s gpu_shader_3D_polyline_infos.hh_2797 --> GPU_shader_shared.hh_13548
+2.62s style GPU_shader_shared.hh_13548 fill:#d20
+2.62s gpu_index_load_infos.hh_567 --> GPU_shader_shared.hh_13548
+2.62s style GPU_shader_shared.hh_13548 fill:#d20
+2.62s gpu_shader_3D_polyline_infos.hh_2797 --> gpu_index_load_infos.hh_567
+2.62s style gpu_index_load_infos.hh_567 fill:#0f0
+2.62s gpu_shader_3D_polyline_infos.hh_2797 --> gpu_srgb_to_framebuffer_space_infos.hh_1094
+2.62s style gpu_srgb_to_framebuffer_space_infos.hh_1094 fill:#1e0
+2.62s gpu_shader_3D_polyline_infos.hh_2797 --> gpu_interface_infos.hh_75
+2.62s style gpu_interface_infos.hh_75 fill:#0f0
+2.62s gpu_shader_3D_polyline_frag.glsl_410 --> gpu_shader_3D_polyline_infos.hh_2797
+2.62s style gpu_shader_3D_polyline_infos.hh_2797 fill:#2d0
+2.62s gpu_shader_colorspace_lib.glsl_1229 --> gpu_srgb_to_framebuffer_space_infos.hh_1094
+2.62s style gpu_srgb_to_framebuffer_space_infos.hh_1094 fill:#1e0
+2.62s gpu_shader_3D_polyline_frag.glsl_410 --> gpu_shader_colorspace_lib.glsl_1229
+2.62s style gpu_shader_colorspace_lib.glsl_1229 fill:#1e0
+2.62s 
+2.62s 00:02.010  gpu.shader.deps  | Resolved Source Tree (Mermaid flowchart) 
+2.62s flowchart LR
+2.62s gpu_shader_compat_glsl.glsl_4944 --> gpu_shader_glsl_extension.glsl_644
+2.62s style gpu_shader_glsl_extension.glsl_644 fill:#0f0
+2.62s 
+2.76s 00:02.155  gpu.shader       | Compiling Shader "gpu_shader_2D_widget_shadow"
+2.76s 00:02.155  gpu.shader.deps  | Resolved Source Tree (Mermaid flowchart) gpu_shader_2D_widget_shadow
+2.76s flowchart LR
+2.76s GPU_shader_shared.hh_13548 --> GPU_shader_shared_utils.hh_933
+2.76s style GPU_shader_shared_utils.hh_933 fill:#0f0
+2.76s gpu_shader_2D_widget_infos.hh_616 --> GPU_shader_shared.hh_13548
+2.76s style GPU_shader_shared.hh_13548 fill:#d20
+2.76s gpu_shader_2D_widget_infos.hh_616 --> gpu_srgb_to_framebuffer_space_infos.hh_1094
+2.76s style gpu_srgb_to_framebuffer_space_infos.hh_1094 fill:#1e0
+2.76s gpu_shader_2D_widget_infos.hh_616 --> gpu_interface_infos.hh_75
+2.76s style gpu_interface_infos.hh_75 fill:#0f0
+2.76s gpu_shader_2D_widget_shadow_vert.glsl_4776 --> gpu_shader_2D_widget_infos.hh_616
+2.76s style gpu_shader_2D_widget_infos.hh_616 fill:#0f0
+2.76s 
+2.76s 00:02.156  gpu.shader.deps  | Resolved Source Tree (Mermaid flowchart) 
+2.76s flowchart LR
+2.76s gpu_shader_compat_glsl.glsl_4944 --> gpu_shader_glsl_extension.glsl_644
+2.76s style gpu_shader_glsl_extension.glsl_644 fill:#0f0
+2.76s 
+2.76s 00:02.156  gpu.shader.deps  | Resolved Source Tree (Mermaid flowchart) gpu_shader_2D_widget_shadow
+2.76s flowchart LR
+2.76s GPU_shader_shared.hh_13548 --> GPU_shader_shared_utils.hh_933
+2.76s style GPU_shader_shared_utils.hh_933 fill:#0f0
+2.76s gpu_shader_2D_widget_infos.hh_616 --> GPU_shader_shared.hh_13548
+2.76s style GPU_shader_shared.hh_13548 fill:#d20
+2.76s gpu_shader_2D_widget_infos.hh_616 --> gpu_srgb_to_framebuffer_space_infos.hh_1094
+2.76s style gpu_srgb_to_framebuffer_space_infos.hh_1094 fill:#1e0
+2.76s gpu_shader_2D_widget_infos.hh_616 --> gpu_interface_infos.hh_75
+2.76s style gpu_interface_infos.hh_75 fill:#0f0
+2.76s gpu_shader_2D_widget_shadow_frag.glsl_362 --> gpu_shader_2D_widget_infos.hh_616
+2.76s style gpu_shader_2D_widget_infos.hh_616 fill:#0f0
+2.76s 
+2.76s 00:02.156  gpu.shader.deps  | Resolved Source Tree (Mermaid flowchart) 
+2.76s flowchart LR
+2.76s gpu_shader_compat_glsl.glsl_4944 --> gpu_shader_glsl_extension.glsl_644
+2.76s style gpu_shader_glsl_extension.glsl_644 fill:#0f0
+2.76s 
+2.91s 00:02.300  gpu.shader       | Compiling Shader "gpu_shader_2D_diag_stripes"
+2.91s 00:02.300  gpu.shader.deps  | Resolved Source Tree (Mermaid flowchart) gpu_shader_2D_diag_stripes
+2.91s flowchart LR
+2.91s GPU_shader_shared.hh_13548 --> GPU_shader_shared_utils.hh_933
+2.91s style GPU_shader_shared_utils.hh_933 fill:#0f0
+2.91s gpu_shader_2D_checker_infos.hh_509 --> GPU_shader_shared.hh_13548
+2.91s style GPU_shader_shared.hh_13548 fill:#d20
+2.91s gpu_shader_2D_vert.glsl_179 --> gpu_shader_2D_checker_infos.hh_509
+2.91s style gpu_shader_2D_checker_infos.hh_509 fill:#0f0
+2.91s 
+2.91s 00:02.300  gpu.shader.deps  | Resolved Source Tree (Mermaid flowchart) 
+2.91s flowchart LR
+2.91s gpu_shader_compat_glsl.glsl_4944 --> gpu_shader_glsl_extension.glsl_644
+2.91s style gpu_shader_glsl_extension.glsl_644 fill:#0f0
+2.91s 
+2.91s 00:02.301  gpu.shader.deps  | Resolved Source Tree (Mermaid flowchart) gpu_shader_2D_diag_stripes
+2.91s flowchart LR
+2.91s GPU_shader_shared.hh_13548 --> GPU_shader_shared_utils.hh_933
+2.91s style GPU_shader_shared_utils.hh_933 fill:#0f0
+2.91s gpu_shader_2D_diag_stripes_infos.hh_554 --> GPU_shader_shared.hh_13548
+2.91s style GPU_shader_shared.hh_13548 fill:#d20
+2.91s gpu_shader_diag_stripes_frag.glsl_294 --> gpu_shader_2D_diag_stripes_infos.hh_554
+2.91s style gpu_shader_2D_diag_stripes_infos.hh_554 fill:#0f0
+2.91s 
+2.91s 00:02.301  gpu.shader.deps  | Resolved Source Tree (Mermaid flowchart) 
+2.91s flowchart LR
+2.91s gpu_shader_compat_glsl.glsl_4944 --> gpu_shader_glsl_extension.glsl_644
+2.91s style gpu_shader_glsl_extension.glsl_644 fill:#0f0
+2.91s 
+3.05s 00:02.441  gpu.shader       | Compiling Shader "gpu_shader_2D_image_rect_color"
+3.05s 00:02.441  gpu.shader.deps  | Resolved Source Tree (Mermaid flowchart) gpu_shader_2D_image_rect_color
+3.05s flowchart LR
+3.05s GPU_shader_shared.hh_13548 --> GPU_shader_shared_utils.hh_933
+3.05s style GPU_shader_shared_utils.hh_933 fill:#0f0
+3.05s gpu_shader_2D_image_rect_color_infos.hh_590 --> GPU_shader_shared.hh_13548
+3.05s style GPU_shader_shared.hh_13548 fill:#d20
+3.05s gpu_shader_2D_image_rect_color_infos.hh_590 --> gpu_srgb_to_framebuffer_space_infos.hh_1094
+3.05s style gpu_srgb_to_framebuffer_space_infos.hh_1094 fill:#1e0
+3.05s gpu_shader_2D_image_rect_color_infos.hh_590 --> gpu_interface_infos.hh_75
+3.05s style gpu_interface_infos.hh_75 fill:#0f0
+3.05s gpu_shader_2D_image_rect_vert.glsl_548 --> gpu_shader_2D_image_rect_color_infos.hh_590
+3.05s style gpu_shader_2D_image_rect_color_infos.hh_590 fill:#0f0
+3.05s 
+3.05s 00:02.441  gpu.shader.deps  | Resolved Source Tree (Mermaid flowchart) 
+3.05s flowchart LR
+3.05s gpu_shader_compat_glsl.glsl_4944 --> gpu_shader_glsl_extension.glsl_644
+3.05s style gpu_shader_glsl_extension.glsl_644 fill:#0f0
+3.05s 
+3.05s 00:02.442  gpu.shader.deps  | Resolved Source Tree (Mermaid flowchart) gpu_shader_2D_image_rect_color
+3.05s flowchart LR
+3.05s GPU_shader_shared.hh_13548 --> GPU_shader_shared_utils.hh_933
+3.05s style GPU_shader_shared_utils.hh_933 fill:#0f0
+3.05s gpu_shader_2D_image_rect_color_infos.hh_590 --> GPU_shader_shared.hh_13548
+3.05s style GPU_shader_shared.hh_13548 fill:#d20
+3.05s gpu_shader_2D_image_rect_color_infos.hh_590 --> gpu_srgb_to_framebuffer_space_infos.hh_1094
+3.05s style gpu_srgb_to_framebuffer_space_infos.hh_1094 fill:#1e0
+3.05s gpu_shader_2D_image_rect_color_infos.hh_590 --> gpu_interface_infos.hh_75
+3.05s style gpu_interface_infos.hh_75 fill:#0f0
+3.05s gpu_shader_image_color_frag.glsl_398 --> gpu_shader_2D_image_rect_color_infos.hh_590
+3.05s style gpu_shader_2D_image_rect_color_infos.hh_590 fill:#0f0
+3.05s gpu_shader_3D_image_infos.hh_2487 --> GPU_shader_shared.hh_13548
+3.05s style GPU_shader_shared.hh_13548 fill:#d20
+3.05s gpu_shader_3D_image_infos.hh_2487 --> gpu_srgb_to_framebuffer_space_infos.hh_1094
+3.05s style gpu_srgb_to_framebuffer_space_infos.hh_1094 fill:#1e0
+3.05s gpu_shader_3D_image_infos.hh_2487 --> gpu_interface_infos.hh_75
+3.05s style gpu_interface_infos.hh_75 fill:#0f0
+3.05s gpu_shader_image_color_frag.glsl_398 --> gpu_shader_3D_image_infos.hh_2487
+3.05s style gpu_shader_3D_image_infos.hh_2487 fill:#2d0
+3.05s gpu_shader_colorspace_lib.glsl_1229 --> gpu_srgb_to_framebuffer_space_infos.hh_1094
+3.05s style gpu_srgb_to_framebuffer_space_infos.hh_1094 fill:#1e0
+3.05s gpu_shader_image_color_frag.glsl_398 --> gpu_shader_colorspace_lib.glsl_1229
+3.05s style gpu_shader_colorspace_lib.glsl_1229 fill:#1e0
+3.05s 
+3.05s 00:02.442  gpu.shader.deps  | Resolved Source Tree (Mermaid flowchart) 
+3.05s flowchart LR
+3.05s gpu_shader_compat_glsl.glsl_4944 --> gpu_shader_glsl_extension.glsl_644
+3.05s style gpu_shader_glsl_extension.glsl_644 fill:#0f0
+3.05s 
+3.18s 00:02.578  gpu.shader       | Compiling Shader "gpu_shader_2D_area_borders"
+3.18s 00:02.578  gpu.shader.deps  | Resolved Source Tree (Mermaid flowchart) gpu_shader_2D_area_borders
+3.18s flowchart LR
+3.18s GPU_shader_shared.hh_13548 --> GPU_shader_shared_utils.hh_933
+3.18s style GPU_shader_shared_utils.hh_933 fill:#0f0
+3.18s gpu_shader_2D_area_borders_infos.hh_554 --> GPU_shader_shared.hh_13548
+3.18s style GPU_shader_shared.hh_13548 fill:#d20
+3.18s gpu_shader_2D_area_borders_vert.glsl_788 --> gpu_shader_2D_area_borders_infos.hh_554
+3.18s style gpu_shader_2D_area_borders_infos.hh_554 fill:#0f0
+3.18s 
+3.19s 00:02.578  gpu.shader.deps  | Resolved Source Tree (Mermaid flowchart) 
+3.19s flowchart LR
+3.19s gpu_shader_compat_glsl.glsl_4944 --> gpu_shader_glsl_extension.glsl_644
+3.19s style gpu_shader_glsl_extension.glsl_644 fill:#0f0
+3.19s 
+3.19s 00:02.579  gpu.shader.deps  | Resolved Source Tree (Mermaid flowchart) gpu_shader_2D_area_borders
+3.19s flowchart LR
+3.19s GPU_shader_shared.hh_13548 --> GPU_shader_shared_utils.hh_933
+3.19s style GPU_shader_shared_utils.hh_933 fill:#0f0
+3.19s gpu_shader_2D_area_borders_infos.hh_554 --> GPU_shader_shared.hh_13548
+3.19s style GPU_shader_shared.hh_13548 fill:#d20
+3.19s gpu_shader_2D_area_borders_frag.glsl_258 --> gpu_shader_2D_area_borders_infos.hh_554
+3.19s style gpu_shader_2D_area_borders_infos.hh_554 fill:#0f0
+3.19s 
+3.19s 00:02.579  gpu.shader.deps  | Resolved Source Tree (Mermaid flowchart) 
+3.19s flowchart LR
+3.19s gpu_shader_compat_glsl.glsl_4944 --> gpu_shader_glsl_extension.glsl_644
+3.19s style gpu_shader_glsl_extension.glsl_644 fill:#0f0
+3.19s 
+3.32s WGPUWeb: presentBackbuffer frame 0 — surface 1600x900 -> canvas (offscreen blit)
+3.32s 00:02.716  system.path      | Env 'BLENDER_USER_RESOURCES' found: /projects
+3.32s 00:02.716  system.path      | Get path user: '/projects', folder='datafiles', subfolder='locale'
+3.32s 00:02.716  system.path      | Missing '/projects/datafiles/locale'
+3.32s 00:02.716  system.path      | Env 'BLENDER_SYSTEM_DATAFILES' found: /bw/datafiles
+3.32s 00:02.716  system.path      | Found '/bw/datafiles/locale'
+3.32s 00:02.716  system.path      | Env 'BLENDER_USER_RESOURCES' found: /projects
+3.32s 00:02.716  system.path      | Get path user: '/projects', folder='config', subfolder='(null)'
+3.32s 00:02.716  system.path      | Missing '/projects/config'
+3.32s 00:02.717  gpu.platform     | Using GPU "  "
+3.32s 00:02.717  gpu.platform     | Using Backend "WebGPU"
+3.33s 00:02.720  system.path      | Env 'BLENDER_SYSTEM_PYTHON' found: /bw/python
+3.33s 00:02.720  system.path      | Missing '/bw/python/bin'
+3.33s 00:02.720  system.path      | Env 'BLENDER_SYSTEM_RESOURCES' found: /bw
+3.33s 00:02.720  system.path      | Get path system: '/bw', folder='python', subfolder='bin'
+3.33s 00:02.720  system.path      | Missing '/bw/python/bin'
+3.33s 00:02.720  system.path      | Get path local: folder='python', subfolder='bin'
+3.33s 00:02.720  system.path      | Missing '/5.2/python/bin'
+3.33s Unable to find the Python binary, the multiprocessing module may not be functional!
+3.33s 00:02.720  system.path      | Env 'BLENDER_SYSTEM_PYTHON' found: /bw/python
+3.33s 00:02.720  system.path      | Found '/bw/python'
+3.38s 00:02.778  system.path      | Env 'BLENDER_SYSTEM_RESOURCES' found: /bw
+3.38s 00:02.778  system.path      | Get path system: '/bw', folder='scripts', subfolder='modules'
+3.38s 00:02.778  system.path      | Found '/bw/scripts/modules'
+3.42s 00:02.809  system.path      | Using env 'BLENDER_USER_RESOURCES' (without test): '/projects'
+3.42s 00:02.809  system.path      | Get path user: '/projects', folder='scripts', subfolder=''
+3.42s 00:02.809  system.path      | Using (without test): '/projects/scripts'
+4.07s 00:03.460  system.path      | Env 'BLENDER_USER_RESOURCES' found: /projects
+4.07s 00:03.460  system.path      | Get path user: '/projects', folder='config', subfolder='(null)'
+4.07s 00:03.460  system.path      | Missing '/projects/config'
+4.07s 00:03.460  system.path      | Env 'BLENDER_USER_RESOURCES' found: /projects
+4.07s 00:03.460  system.path      | Get path user: '/projects', folder='config', subfolder='(null)'
+4.07s 00:03.460  system.path      | Missing '/projects/config'
+4.07s 00:03.460  system.path      | Using env 'BLENDER_USER_RESOURCES' (without test): '/projects'
+4.07s 00:03.460  system.path      | Get path user: '/projects', folder='config', subfolder='(null)'
+4.07s 00:03.460  system.path      | Using (without test): '/projects/config'
+4.07s 00:03.462  system.path      | Env 'BLENDER_SYSTEM_RESOURCES' found: /bw
+4.07s 00:03.462  system.path      | Get path system: '/bw', folder='scripts', subfolder='(null)'
+4.07s 00:03.462  system.path      | Found '/bw/scripts'
+4.07s 00:03.462  system.path      | Env 'BLENDER_USER_RESOURCES' found: /projects
+4.07s 00:03.462  system.path      | Get path user: '/projects', folder='scripts', subfolder='(null)'
+4.07s 00:03.462  system.path      | Missing '/projects/scripts'
+4.07s 00:03.462  system.path      | Env 'BLENDER_SYSTEM_RESOURCES' found: /bw
+4.07s 00:03.462  system.path      | Get path system: '/bw', folder='scripts', subfolder='(null)'
+4.07s 00:03.462  system.path      | Found '/bw/scripts'
+4.07s 00:03.462  system.path      | Env 'BLENDER_USER_RESOURCES' found: /projects
+4.07s 00:03.462  system.path      | Get path user: '/projects', folder='scripts', subfolder='(null)'
+4.07s 00:03.462  system.path      | Missing '/projects/scripts'
+4.15s 00:03.549  system.path      | Using env 'BLENDER_USER_RESOURCES' (without test): '/projects'
+4.16s 00:03.549  system.path      | Get path user: '/projects', folder='scripts', subfolder='startup/bl_app_templates_user'
+4.16s 00:03.549  system.path      | Using (without test): '/projects/scripts/startup/bl_app_templates_user'
+4.16s 00:03.551  system.path      | Env 'BLENDER_SYSTEM_RESOURCES' found: /bw
+4.16s 00:03.551  system.path      | Get path system: '/bw', folder='scripts', subfolder='(null)'
+4.16s 00:03.551  system.path      | Found '/bw/scripts'
+4.16s 00:03.551  system.path      | Env 'BLENDER_USER_RESOURCES' found: /projects
+4.16s 00:03.551  system.path      | Get path user: '/projects', folder='scripts', subfolder='(null)'
+4.16s 00:03.551  system.path      | Missing '/projects/scripts'
+4.16s 00:03.551  system.path      | Using env 'BLENDER_USER_RESOURCES' (without test): '/projects'
+4.16s 00:03.551  system.path      | Get path user: '/projects', folder='config', subfolder=''
+4.16s 00:03.551  system.path      | Using (without test): '/projects/config'
+4.16s 00:03.553  system.path      | Using env 'BLENDER_USER_RESOURCES' (without test): '/projects'
+4.16s 00:03.553  system.path      | Get path user: '/projects', folder='extensions', subfolder=''
+4.16s 00:03.553  system.path      | Using (without test): '/projects/extensions'
+4.16s 00:03.553  system.path      | Using env 'BLENDER_USER_RESOURCES' (without test): '/projects'
+4.16s 00:03.553  system.path      | Get path user: '/projects', folder='extensions', subfolder='(null)'
+4.16s 00:03.553  system.path      | Using (without test): '/projects/extensions'
+4.16s 00:03.553  system.path      | Using env 'BLENDER_USER_RESOURCES' (without test): '/projects'
+4.16s 00:03.553  system.path      | Get path user: '/projects', folder='extensions', subfolder='(null)'
+4.16s 00:03.553  system.path      | Using (without test): '/projects/extensions'
+4.16s 00:03.553  system.path      | Using env 'BLENDER_USER_RESOURCES' (without test): '/projects'
+4.16s 00:03.553  system.path      | Get path user: '/projects', folder='extensions', subfolder='(null)'
+4.16s 00:03.553  system.path      | Using (without test): '/projects/extensions'
+4.16s 00:03.553  system.path      | Using env 'BLENDER_USER_RESOURCES' (without test): '/projects'
+4.16s 00:03.553  system.path      | Get path user: '/projects', folder='extensions', subfolder='(null)'
+4.16s 00:03.553  system.path      | Using (without test): '/projects/extensions'
+4.16s 00:03.553  system.path      | Env 'BLENDER_SYSTEM_RESOURCES' found: /bw
+4.16s 00:03.553  system.path      | Get path system: '/bw', folder='extensions', subfolder='(null)'
+4.16s 00:03.553  system.path      | Missing '/bw/extensions'
+4.16s 00:03.553  system.path      | Get path local: folder='extensions', subfolder='(null)'
+4.16s 00:03.553  system.path      | Missing '/5.2/extensions'
+4.16s 00:03.553  system.path      | Env 'BLENDER_SYSTEM_RESOURCES' found: /bw
+4.16s 00:03.553  system.path      | Get path system: '/bw', folder='extensions', subfolder='(null)'
+4.16s 00:03.553  system.path      | Missing '/bw/extensions'
+4.16s 00:03.553  system.path      | Get path local: folder='extensions', subfolder='(null)'
+4.16s 00:03.553  system.path      | Missing '/5.2/extensions'
+5.04s 00:04.439  system.path      | Env 'BLENDER_USER_RESOURCES' found: /projects
+5.04s 00:04.439  system.path      | Get path user: '/projects', folder='config', subfolder='(null)'
+5.04s 00:04.439  system.path      | Found '/projects/config'
+5.05s 00:04.442  system.path      | Using env 'BLENDER_USER_RESOURCES' (without test): '/projects'
+5.05s 00:04.442  system.path      | Get path user: '/projects', folder='(null)', subfolder='(null)'
+5.05s 00:04.442  system.path      | Using (without test): '/projects'
+5.05s 00:04.442  system.path      | Using env 'BLENDER_USER_RESOURCES' (without test): '/projects'
+5.05s 00:04.442  system.path      | Get path user: '/projects', folder='(null)', subfolder='(null)'
+5.05s 00:04.442  system.path      | Using (without test): '/projects'
+5.05s 00:04.442  system.path      | Using env 'BLENDER_USER_RESOURCES' (without test): '/projects'
+5.05s 00:04.442  system.path      | Get path user: '/projects', folder='(null)', subfolder='(null)'
+5.05s 00:04.442  system.path      | Using (without test): '/projects'
+5.05s 00:04.442  system.path      | Using env 'BLENDER_USER_RESOURCES' (without test): '/projects'
+5.05s 00:04.442  system.path      | Get path user: '/projects', folder='(null)', subfolder='(null)'
+5.05s 00:04.442  system.path      | Using (without test): '/projects'
+5.05s 00:04.442  system.path      | Using env 'BLENDER_USER_RESOURCES' (without test): '/projects'
+5.05s 00:04.442  system.path      | Get path user: '/projects', folder='config', subfolder=''
+5.05s 00:04.442  system.path      | Using (without test): '/projects/config'
+5.06s 00:04.454  system.path      | Using env 'BLENDER_USER_RESOURCES' (without test): '/projects'
+5.06s 00:04.454  system.path      | Get path user: '/projects', folder='extensions', subfolder='(null)'
+5.06s 00:04.454  system.path      | Using (without test): '/projects/extensions'
+5.06s 00:04.454  system.path      | Using env 'BLENDER_USER_RESOURCES' (without test): '/projects'
+5.06s 00:04.454  system.path      | Get path user: '/projects', folder='extensions', subfolder='(null)'
+5.06s 00:04.454  system.path      | Using (without test): '/projects/extensions'
+5.11s 00:04.497  system.path      | Using env 'BLENDER_USER_RESOURCES' (without test): '/projects'
+5.11s 00:04.497  system.path      | Get path user: '/projects', folder='extensions', subfolder='(null)'
+5.11s 00:04.497  system.path      | Using (without test): '/projects/extensions'
+5.11s 00:04.497  system.path      | Using env 'BLENDER_USER_RESOURCES' (without test): '/projects'
+5.11s 00:04.497  system.path      | Get path user: '/projects', folder='extensions', subfolder='(null)'
+5.11s 00:04.497  system.path      | Using (without test): '/projects/extensions'
+5.11s 00:04.497  system.path      | Using env 'BLENDER_USER_RESOURCES' (without test): '/projects'
+5.11s 00:04.497  system.path      | Get path user: '/projects', folder='extensions', subfolder='(null)'
+5.11s 00:04.497  system.path      | Using (without test): '/projects/extensions'
+5.11s 00:04.497  system.path      | Using env 'BLENDER_USER_RESOURCES' (without test): '/projects'
+5.11s 00:04.497  system.path      | Get path user: '/projects', folder='extensions', subfolder='(null)'
+5.11s 00:04.497  system.path      | Using (without test): '/projects/extensions'
+5.11s 00:04.497  system.path      | Env 'BLENDER_SYSTEM_RESOURCES' found: /bw
+5.11s 00:04.497  system.path      | Get path system: '/bw', folder='extensions', subfolder='(null)'
+5.11s 00:04.497  system.path      | Missing '/bw/extensions'
+5.11s 00:04.497  system.path      | Get path local: folder='extensions', subfolder='(null)'
+5.11s 00:04.497  system.path      | Missing '/5.2/extensions'
+5.11s 00:04.497  system.path      | Env 'BLENDER_SYSTEM_RESOURCES' found: /bw
+5.11s 00:04.497  system.path      | Get path system: '/bw', folder='extensions', subfolder='(null)'
+5.11s 00:04.497  system.path      | Missing '/bw/extensions'
+5.11s 00:04.497  system.path      | Get path local: folder='extensions', subfolder='(null)'
+5.11s 00:04.497  system.path      | Missing '/5.2/extensions'
+5.11s 00:04.498  system.path      | Using env 'BLENDER_USER_RESOURCES' (without test): '/projects'
+5.11s 00:04.498  system.path      | Get path user: '/projects', folder='extensions', subfolder='(null)'
+5.11s 00:04.498  system.path      | Using (without test): '/projects/extensions'
+5.11s 00:04.498  system.path      | Using env 'BLENDER_USER_RESOURCES' (without test): '/projects'
+5.11s 00:04.498  system.path      | Get path user: '/projects', folder='extensions', subfolder='(null)'
+5.11s 00:04.498  system.path      | Using (without test): '/projects/extensions'
+5.14s 00:04.529  system.path      | Env 'BLENDER_SYSTEM_DATAFILES' found: /bw/datafiles
+5.14s 00:04.529  system.path      | Missing '/bw/datafiles/assets'
+5.14s 00:04.529  system.path      | Env 'BLENDER_SYSTEM_RESOURCES' found: /bw
+5.14s 00:04.529  system.path      | Get path system: '/bw', folder='datafiles', subfolder='assets'
+5.14s 00:04.529  system.path      | Missing '/bw/datafiles/assets'
+5.14s 00:04.529  system.path      | Get path local: folder='datafiles', subfolder='assets'
+5.14s 00:04.529  system.path      | Missing '/5.2/datafiles/assets'
+5.15s 00:04.541  system.path      | Env 'BLENDER_SYSTEM_DATAFILES' found: /bw/datafiles
+5.15s 00:04.541  system.path      | Found '/bw/datafiles/icons'
+5.15s 00:04.543  system.path      | Env 'BLENDER_SYSTEM_DATAFILES' found: /bw/datafiles
+5.15s 00:04.543  system.path      | Found '/bw/datafiles/icons'
+5.15s 00:04.543  system.path      | Env 'BLENDER_SYSTEM_DATAFILES' found: /bw/datafiles
+5.15s 00:04.543  system.path      | Found '/bw/datafiles/icons'
+5.15s 00:04.543  system.path      | Env 'BLENDER_SYSTEM_DATAFILES' found: /bw/datafiles
+5.15s 00:04.543  system.path      | Found '/bw/datafiles/icons'
+5.15s 00:04.543  system.path      | Env 'BLENDER_SYSTEM_DATAFILES' found: /bw/datafiles
+5.15s 00:04.543  system.path      | Found '/bw/datafiles/icons'
+5.15s 00:04.543  system.path      | Env 'BLENDER_SYSTEM_DATAFILES' found: /bw/datafiles
+5.15s 00:04.543  system.path      | Found '/bw/datafiles/icons'
+5.15s 00:04.543  system.path      | Env 'BLENDER_SYSTEM_DATAFILES' found: /bw/datafiles
+5.15s 00:04.543  system.path      | Found '/bw/datafiles/icons'
+5.15s 00:04.543  system.path      | Env 'BLENDER_SYSTEM_DATAFILES' found: /bw/datafiles
+5.15s 00:04.543  system.path      | Found '/bw/datafiles/icons'
+5.15s 00:04.543  system.path      | Env 'BLENDER_SYSTEM_DATAFILES' found: /bw/datafiles
+5.15s 00:04.543  system.path      | Found '/bw/datafiles/icons'
+5.15s 00:04.543  system.path      | Env 'BLENDER_SYSTEM_DATAFILES' found: /bw/datafiles
+5.15s 00:04.543  system.path      | Found '/bw/datafiles/icons'
+5.19s 00:04.585  gpu.shader       | Compiling Shader "overlay_antialiasing_pipeline"
+5.19s 00:04.586  gpu.shader.deps  | Resolved Source Tree (Mermaid flowchart) overlay_antialiasing_pipeline
+5.19s flowchart LR
+5.19s overlay_antialiasing.bsl.hh_8526 --> gpu_shader_fullscreen_lib.glsl_455
+5.19s style gpu_shader_fullscreen_lib.glsl_455 fill:#0f0
+5.19s overlay_shader_shared.hh_16231 --> GPU_shader_shared_utils.hh_933
+5.19s style GPU_shader_shared_utils.hh_933 fill:#0f0
+5.19s overlay_common_infos.hh_1184 --> overlay_shader_shared.hh_16231
+5.19s style overlay_shader_shared.hh_16231 fill:#f00
+5.19s overlay_common_infos.hh_1184 --> select_shader_shared.hh_773
+5.19s style select_shader_shared.hh_773 fill:#0f0
+5.19s overlay_common_infos.hh_1184 --> select_defines.hh_108
+5.19s style select_defines.hh_108 fill:#0f0
+5.19s overlay_antialiasing.bsl.hh_8526 --> overlay_common_infos.hh_1184
+5.19s style overlay_common_infos.hh_1184 fill:#1e0
+5.19s overlay_antialiasing.bsl.hh_8526 --> overlay_shader_shared.hh_16231
+5.19s style overlay_shader_shared.hh_16231 fill:#f00
+5.19s 
+5.19s 00:04.586  gpu.shader.deps  | Resolved Source Tree (Mermaid flowchart) 
+5.19s flowchart LR
+5.19s gpu_shader_compat_glsl.glsl_4944 --> gpu_shader_glsl_extension.glsl_644
+5.19s style gpu_shader_glsl_extension.glsl_644 fill:#0f0
+5.19s 
+5.19s 00:04.586  gpu.shader.deps  | Resolved Source Tree (Mermaid flowchart) overlay_antialiasing_pipeline
+5.19s flowchart LR
+5.19s overlay_antialiasing.bsl.hh_8526 --> gpu_shader_fullscreen_lib.glsl_455
+5.19s style gpu_shader_fullscreen_lib.glsl_455 fill:#0f0
+5.19s overlay_shader_shared.hh_16231 --> GPU_shader_shared_utils.hh_933
+5.19s style GPU_shader_shared_utils.hh_933 fill:#0f0
+5.19s overlay_common_infos.hh_1184 --> overlay_shader_shared.hh_16231
+5.19s style overlay_shader_shared.hh_16231 fill:#f00
+5.19s overlay_common_infos.hh_1184 --> select_shader_shared.hh_773
+5.19s style select_shader_shared.hh_773 fill:#0f0
+5.19s overlay_common_infos.hh_1184 --> select_defines.hh_108
+5.19s style select_defines.hh_108 fill:#0f0
+5.19s overlay_antialiasing.bsl.hh_8526 --> overlay_common_infos.hh_1184
+5.19s style overlay_common_infos.hh_1184 fill:#1e0
+5.19s overlay_antialiasing.bsl.hh_8526 --> overlay_shader_shared.hh_16231
+5.19s style overlay_shader_shared.hh_16231 fill:#f00
+5.19s 
+5.19s 00:04.587  gpu.shader.deps  | Resolved Source Tree (Mermaid flowchart) 
+5.20s flowchart LR
+5.20s gpu_shader_compat_glsl.glsl_4944 --> gpu_shader_glsl_extension.glsl_644
+5.20s style gpu_shader_glsl_extension.glsl_644 fill:#0f0
+5.20s 
+5.34s 00:04.736  gpu.shader       | Compiling Shader "overlay_armature_dof"
+5.34s 00:04.736  gpu.shader.deps  | Resolved Source Tree (Mermaid flowchart) overlay_armature_dof
+5.34s flowchart LR
+5.34s draw_shader_shared.hh_24775 --> GPU_shader_shared_utils.hh_933
+5.34s style GPU_shader_shared_utils.hh_933 fill:#0f0
+5.34s draw_object_infos_infos.hh_3974 --> draw_shader_shared.hh_24775
+5.34s style draw_shader_shared.hh_24775 fill:#f00
+5.34s gpencil_shader_shared.hh_4176 --> GPU_shader_shared_utils.hh_933
+5.34s style GPU_shader_shared_utils.hh_933 fill:#0f0
+5.34s draw_object_infos_infos.hh_3974 --> gpencil_shader_shared.hh_4176
+5.34s style gpencil_shader_shared.hh_4176 fill:#4b0
+5.34s draw_view_infos.hh_5696 --> draw_defines.hh_678
+5.34s style draw_defines.hh_678 fill:#0f0
+5.34s draw_command_shared.hh_1480 --> GPU_shader_shared_utils.hh_933
+5.34s style GPU_shader_shared_utils.hh_933 fill:#0f0
+5.34s draw_view_infos.hh_5696 --> draw_command_shared.hh_1480
+5.34s style draw_command_shared.hh_1480 fill:#1e0
+5.34s draw_view_infos.hh_5696 --> draw_shader_shared.hh_24775
+5.34s style draw_shader_shared.hh_24775 fill:#f00
+5.34s draw_object_infos_infos.hh_3974 --> draw_view_infos.hh_5696
+5.34s style draw_view_infos.hh_5696 fill:#5a0
+5.34s draw_object_infos_infos.hh_3974 --> draw_defines.hh_678
+5.34s style draw_defines.hh_678 fill:#0f0
+5.34s overlay_armature_infos.hh_25338 --> draw_object_infos_infos.hh_3974
+5.34s style draw_object_infos_infos.hh_3974 fill:#3c0
+5.34s overlay_armature_infos.hh_25338 --> draw_view_infos.hh_5696
+5.34s style draw_view_infos.hh_5696 fill:#5a0
+5.34s GPU_shader_shared.hh_13548 --> GPU_shader_shared_utils.hh_933
+5.34s style GPU_shader_shared_utils.hh_933 fill:#0f0
+5.34s gpu_index_load_infos.hh_567 --> GPU_shader_shared.hh_13548
+5.34s style GPU_shader_shared.hh_13548 fill:#d20
+5.34s overlay_armature_infos.hh_25338 --> gpu_index_load_infos.hh_567
+5.34s style gpu_index_load_infos.hh_567 fill:#0f0
+5.34s overlay_shader_shared.hh_16231 --> GPU_shader_shared_utils.hh_933
+5.34s style GPU_shader_shared_utils.hh_933 fill:#0f0
+5.34s overlay_common_infos.hh_1184 --> overlay_shader_shared.hh_16231
+5.34s style overlay_shader_shared.hh_16231 fill:#f00
+5.34s overlay_common_infos.hh_1184 --> select_shader_shared.hh_773
+5.34s style select_shader_shared.hh_773 fill:#0f0
+5.34s overlay_common_infos.hh_1184 --> select_defines.hh_108
+5.34s style select_defines.hh_108 fill:#0f0
+5.34s overlay_armature_infos.hh_25338 --> overlay_common_infos.hh_1184
+5.34s style overlay_common_infos.hh_1184 fill:#1e0
+5.34s overlay_armature_infos.hh_25338 --> overlay_shader_shared.hh_16231
+5.34s style overlay_shader_shared.hh_16231 fill:#f00
+5.34s overlay_armature_dof_vert.glsl_1123 --> overlay_armature_infos.hh_25338
+5.34s style overlay_armature_infos.hh_25338 fill:#f00
+5.34s overlay_armature_dof_vert.glsl_1123 --> draw_view_clipping_lib.glsl_1192
+5.34s style draw_view_clipping_lib.glsl_1192 fill:#1e0
+5.34s draw_view_lib.glsl_3779 --> draw_view_infos.hh_5696
+5.34s style draw_view_infos.hh_5696 fill:#5a0
+5.34s overlay_armature_dof_vert.glsl_1123 --> draw_view_lib.glsl_3779
+5.34s style draw_view_lib.glsl_3779 fill:#3c0
+5.34s 
+5.34s 00:04.736  gpu.shader.deps  | Resolved Source Tree (Mermaid flowchart) 
+5.34s flowchart LR
+5.34s gpu_shader_compat_glsl.glsl_4944 --> gpu_shader_glsl_extension.glsl_644
+5.34s style gpu_shader_glsl_extension.glsl_644 fill:#0f0
+5.34s 
+5.34s 00:04.738  gpu.shader.deps  | Resolved Source Tree (Mermaid flowchart) overlay_armature_dof
+5.34s flowchart LR
+5.34s draw_shader_shared.hh_24775 --> GPU_shader_shared_utils.hh_933
+5.34s style GPU_shader_shared_utils.hh_933 fill:#0f0
+5.34s draw_object_infos_infos.hh_3974 --> draw_shader_shared.hh_24775
+5.34s style draw_shader_shared.hh_24775 fill:#f00
+5.35s gpencil_shader_shared.hh_4176 --> GPU_shader_shared_utils.hh_933
+5.35s style GPU_shader_shared_utils.hh_933 fill:#0f0
+5.35s draw_object_infos_infos.hh_3974 --> gpencil_shader_shared.hh_4176
+5.35s style gpencil_shader_shared.hh_4176 fill:#4b0
+5.35s draw_view_infos.hh_5696 --> draw_defines.hh_678
+5.35s style draw_defines.hh_678 fill:#0f0
+5.35s draw_command_shared.hh_1480 --> GPU_shader_shared_utils.hh_933
+5.35s style GPU_shader_shared_utils.hh_933 fill:#0f0
+5.35s draw_view_infos.hh_5696 --> draw_command_shared.hh_1480
+5.35s style draw_command_shared.hh_1480 fill:#1e0
+5.35s draw_view_infos.hh_5696 --> draw_shader_shared.hh_24775
+5.35s style draw_shader_shared.hh_24775 fill:#f00
+5.35s draw_object_infos_infos.hh_3974 --> draw_view_infos.hh_5696
+5.35s style draw_view_infos.hh_5696 fill:#5a0
+5.35s draw_object_infos_infos.hh_3974 --> draw_defines.hh_678
+5.35s style draw_defines.hh_678 fill:#0f0
+5.35s overlay_armature_infos.hh_25338 --> draw_object_infos_infos.hh_3974
+5.35s style draw_object_infos_infos.hh_3974 fill:#3c0
+5.35s overlay_armature_infos.hh_25338 --> draw_view_infos.hh_5696
+5.35s style draw_view_infos.hh_5696 fill:#5a0
+5.35s GPU_shader_shared.hh_13548 --> GPU_shader_shared_utils.hh_933
+5.35s style GPU_shader_shared_utils.hh_933 fill:#0f0
+5.35s gpu_index_load_infos.hh_567 --> GPU_shader_shared.hh_13548
+5.35s style GPU_shader_shared.hh_13548 fill:#d20
+5.35s overlay_armature_infos.hh_25338 --> gpu_index_load_infos.hh_567
+5.35s style gpu_index_load_infos.hh_567 fill:#0f0
+5.35s overlay_shader_shared.hh_16231 --> GPU_shader_shared_utils.hh_933
+5.35s style GPU_shader_shared_utils.hh_933 fill:#0f0
+5.35s overlay_common_infos.hh_1184 --> overlay_shader_shared.hh_16231
+5.35s style overlay_shader_shared.hh_16231 fill:#f00
+5.35s overlay_common_infos.hh_1184 --> select_shader_shared.hh_773
+5.35s style select_shader_shared.hh_773 fill:#0f0
+5.35s overlay_common_infos.hh_1184 --> select_defines.hh_108
+5.35s style select_defines.hh_108 fill:#0f0
+5.35s overlay_armature_infos.hh_25338 --> overlay_common_infos.hh_1184
+5.35s style overlay_common_infos.hh_1184 fill:#1e0
+5.35s overlay_armature_infos.hh_25338 --> overlay_shader_shared.hh_16231
+5.35s style overlay_shader_shared.hh_16231 fill:#f00
+5.35s overlay_armature_dof_solid_frag.glsl_217 --> overlay_armature_infos.hh_25338
+5.35s style overlay_armature_infos.hh_25338 fill:#f00
+5.35s 
+5.35s 00:04.738  gpu.shader.deps  | Resolved Source Tree (Mermaid flowchart) 
+5.35s flowchart LR
+5.35s gpu_shader_compat_glsl.glsl_4944 --> gpu_shader_glsl_extension.glsl_644
+5.35s style gpu_shader_glsl_extension.glsl_644 fill:#0f0
+5.35s 
+5.48s 00:04.873  gpu.shader       | Compiling Shader "overlay_armature_envelope_solid"
+5.48s 00:04.873  gpu.shader.deps  | Resolved Source Tree (Mermaid flowchart) overlay_armature_envelope_solid
+5.48s flowchart LR
+5.48s draw_shader_shared.hh_24775 --> GPU_shader_shared_utils.hh_933
+5.48s style GPU_shader_shared_utils.hh_933 fill:#0f0
+5.48s draw_object_infos_infos.hh_3974 --> draw_shader_shared.hh_24775
+5.48s style draw_shader_shared.hh_24775 fill:#f00
+5.48s gpencil_shader_shared.hh_4176 --> GPU_shader_shared_utils.hh_933
+5.48s style GPU_shader_shared_utils.hh_933 fill:#0f0
+5.48s draw_object_infos_infos.hh_3974 --> gpencil_shader_shared.hh_4176
+5.48s style gpencil_shader_shared.hh_4176 fill:#4b0
+5.48s draw_view_infos.hh_5696 --> draw_defines.hh_678
+5.48s style draw_defines.hh_678 fill:#0f0
+5.48s draw_command_shared.hh_1480 --> GPU_shader_shared_utils.hh_933
+5.48s style GPU_shader_shared_utils.hh_933 fill:#0f0
+5.48s draw_view_infos.hh_5696 --> draw_command_shared.hh_1480
+5.48s style draw_command_shared.hh_1480 fill:#1e0
+5.48s draw_view_infos.hh_5696 --> draw_shader_shared.hh_24775
+5.48s style draw_shader_shared.hh_24775 fill:#f00
+5.48s draw_object_infos_infos.hh_3974 --> draw_view_infos.hh_5696
+5.48s style draw_view_infos.hh_5696 fill:#5a0
+5.48s draw_object_infos_infos.hh_3974 --> draw_defines.hh_678
+5.48s style draw_defines.hh_678 fill:#0f0
+5.48s overlay_armature_infos.hh_25338 --> draw_object_infos_infos.hh_3974
+5.48s style draw_object_infos_infos.hh_3974 fill:#3c0
+5.48s overlay_armature_infos.hh_25338 --> draw_view_infos.hh_5696
+5.48s style draw_view_infos.hh_5696 fill:#5a0
+5.48s GPU_shader_shared.hh_13548 --> GPU_shader_shared_utils.hh_933
+5.48s style GPU_shader_shared_utils.hh_933 fill:#0f0
+5.48s gpu_index_load_infos.hh_567 --> GPU_shader_shared.hh_13548
+5.48s style GPU_shader_shared.hh_13548 fill:#d20
+5.48s overlay_armature_infos.hh_25338 --> gpu_index_load_infos.hh_567
+5.48s style gpu_index_load_infos.hh_567 fill:#0f0
+5.48s overlay_shader_shared.hh_16231 --> GPU_shader_shared_utils.hh_933
+5.48s style GPU_shader_shared_utils.hh_933 fill:#0f0
+5.48s overlay_common_infos.hh_1184 --> overlay_shader_shared.hh_16231
+5.48s style overlay_shader_shared.hh_16231 fill:#f00
+5.48s overlay_common_infos.hh_1184 --> select_shader_shared.hh_773
+5.48s style select_shader_shared.hh_773 fill:#0f0
+5.48s overlay_common_infos.hh_1184 --> select_defines.hh_108
+5.48s style select_defines.hh_108 fill:#0f0
+5.48s overlay_armature_infos.hh_25338 --> overlay_common_infos.hh_1184
+5.48s style overlay_common_infos.hh_1184 fill:#1e0
+5.48s overlay_armature_infos.hh_25338 --> overlay_shader_shared.hh_16231
+5.48s style overlay_shader_shared.hh_16231 fill:#f00
+5.48s overlay_armature_envelope_solid_vert.glsl_1497 --> overlay_armature_infos.hh_25338
+5.48s style overlay_armature_infos.hh_25338 fill:#f00
+5.48s overlay_armature_envelope_solid_vert.glsl_1497 --> draw_view_clipping_lib.glsl_1192
+5.48s style draw_view_clipping_lib.glsl_1192 fill:#1e0
+5.48s draw_view_lib.glsl_3779 --> draw_view_infos.hh_5696
+5.48s style draw_view_infos.hh_5696 fill:#5a0
+5.48s overlay_armature_envelope_solid_vert.glsl_1497 --> draw_view_lib.glsl_3779
+5.48s style draw_view_lib.glsl_3779 fill:#3c0
+5.48s overlay_armature_envelope_solid_vert.glsl_1497 --> select_lib.glsl_1221
+5.48s style select_lib.glsl_1221 fill:#1e0
+5.48s 
+5.48s 00:04.873  gpu.shader.deps  | Resolved Source Tree (Mermaid flowchart) 
+5.48s flowchart LR
+5.48s gpu_shader_compat_glsl.glsl_4944 --> gpu_shader_glsl_extension.glsl_644
+5.48s style gpu_shader_glsl_extension.glsl_644 fill:#0f0
+5.48s 
+5.48s 00:04.874  gpu.shader.deps  | Resolved Source Tree (Mermaid flowchart) overlay_armature_envelope_solid
+5.48s flowchart LR
+5.48s draw_shader_shared.hh_24775 --> GPU_shader_shared_utils.hh_933
+5.48s style GPU_shader_shared_utils.hh_933 fill:#0f0
+5.48s draw_object_infos_infos.hh_3974 --> draw_shader_shared.hh_24775
+5.48s style draw_shader_shared.hh_24775 fill:#f00
+5.48s gpencil_shader_shared.hh_4176 --> GPU_shader_shared_utils.hh_933
+5.48s style GPU_shader_shared_utils.hh_933 fill:#0f0
+5.48s draw_object_infos_infos.hh_3974 --> gpencil_shader_shared.hh_4176
+5.48s style gpencil_shader_shared.hh_4176 fill:#4b0
+5.48s draw_view_infos.hh_5696 --> draw_defines.hh_678
+5.48s style draw_defines.hh_678 fill:#0f0
+5.48s draw_command_shared.hh_1480 --> GPU_shader_shared_utils.hh_933
+5.48s style GPU_shader_shared_utils.hh_933 fill:#0f0
+5.48s draw_view_infos.hh_5696 --> draw_command_shared.hh_1480
+5.48s style draw_command_shared.hh_1480 fill:#1e0
+5.48s draw_view_infos.hh_5696 --> draw_shader_shared.hh_24775
+5.48s style draw_shader_shared.hh_24775 fill:#f00
+5.48s draw_object_infos_infos.hh_3974 --> draw_view_infos.hh_5696
+5.48s style draw_view_infos.hh_5696 fill:#5a0
+5.48s draw_object_infos_infos.hh_3974 --> draw_defines.hh_678
+5.48s style draw_defines.hh_678 fill:#0f0
+5.48s overlay_armature_infos.hh_25338 --> draw_object_infos_infos.hh_3974
+5.48s style draw_object_infos_infos.hh_3974 fill:#3c0
+5.48s overlay_armature_infos.hh_25338 --> draw_view_infos.hh_5696
+5.48s style draw_view_infos.hh_5696 fill:#5a0
+5.48s GPU_shader_shared.hh_13548 --> GPU_shader_shared_utils.hh_933
+5.48s style GPU_shader_shared_utils.hh_933 fill:#0f0
+5.48s gpu_index_load_infos.hh_567 --> GPU_shader_shared.hh_13548
+5.48s style GPU_shader_shared.hh_13548 fill:#d20
+5.48s overlay_armature_infos.hh_25338 --> gpu_index_load_infos.hh_567
+5.48s style gpu_index_load_infos.hh_567 fill:#0f0
+5.48s overlay_shader_shared.hh_16231 --> GPU_shader_shared_utils.hh_933
+5.48s style GPU_shader_shared_utils.hh_933 fill:#0f0
+5.48s overlay_common_infos.hh_1184 --> overlay_shader_shared.hh_16231
+5.48s style overlay_shader_shared.hh_16231 fill:#f00
+5.48s overlay_common_infos.hh_1184 --> select_shader_shared.hh_773
+5.48s style select_shader_shared.hh_773 fill:#0f0
+5.48s overlay_common_infos.hh_1184 --> select_defines.hh_108
+5.48s style select_defines.hh_108 fill:#0f0
+5.48s overlay_armature_infos.hh_25338 --> overlay_common_infos.hh_1184
+5.48s style overlay_common_infos.hh_1184 fill:#1e0
+5.48s overlay_armature_infos.hh_25338 --> overlay_shader_shared.hh_16231
+5.48s style overlay_shader_shared.hh_16231 fill:#f00
+5.48s overlay_armature_envelope_solid_frag.glsl_574 --> overlay_armature_infos.hh_25338
+5.48s style overlay_armature_infos.hh_25338 fill:#f00
+5.48s overlay_armature_envelope_solid_frag.glsl_574 --> select_lib.glsl_1221
+5.48s style select_lib.glsl_1221 fill:#1e0
+5.48s 
+5.48s 00:04.875  gpu.shader.deps  | Resolved Source Tree (Mermaid flowchart) 
+5.48s flowchart LR
+5.48s gpu_shader_compat_glsl.glsl_4944 --> gpu_shader_glsl_extension.glsl_644
+5.48s style gpu_shader_glsl_extension.glsl_644 fill:#0f0
+5.48s 
+5.62s 00:05.014  gpu.shader       | Compiling Shader "overlay_armature_envelope_outline"
+5.62s 00:05.015  gpu.shader.deps  | Resolved Source Tree (Mermaid flowchart) overlay_armature_envelope_outline
+5.62s flowchart LR
+5.62s draw_shader_shared.hh_24775 --> GPU_shader_shared_utils.hh_933
+5.62s style GPU_shader_shared_utils.hh_933 fill:#0f0
+5.62s draw_object_infos_infos.hh_3974 --> draw_shader_shared.hh_24775
+5.62s style draw_shader_shared.hh_24775 fill:#f00
+5.62s gpencil_shader_shared.hh_4176 --> GPU_shader_shared_utils.hh_933
+5.62s style GPU_shader_shared_utils.hh_933 fill:#0f0
+5.62s draw_object_infos_infos.hh_3974 --> gpencil_shader_shared.hh_4176
+5.62s style gpencil_shader_shared.hh_4176 fill:#4b0
+5.62s draw_view_infos.hh_5696 --> draw_defines.hh_678
+5.62s style draw_defines.hh_678 fill:#0f0
+5.62s draw_command_shared.hh_1480 --> GPU_shader_shared_utils.hh_933
+5.62s style GPU_shader_shared_utils.hh_933 fill:#0f0
+5.62s draw_view_infos.hh_5696 --> draw_command_shared.hh_1480
+5.62s style draw_command_shared.hh_1480 fill:#1e0
+5.62s draw_view_infos.hh_5696 --> draw_shader_shared.hh_24775
+5.62s style draw_shader_shared.hh_24775 fill:#f00
+5.62s draw_object_infos_infos.hh_3974 --> draw_view_infos.hh_5696
+5.62s style draw_view_infos.hh_5696 fill:#5a0
+5.62s draw_object_infos_infos.hh_3974 --> draw_defines.hh_678
+5.62s style draw_defines.hh_678 fill:#0f0
+5.62s overlay_armature_infos.hh_25338 --> draw_object_infos_infos.hh_3974
+5.62s style draw_object_infos_infos.hh_3974 fill:#3c0
+5.62s overlay_armature_infos.hh_25338 --> draw_view_infos.hh_5696
+5.62s style draw_view_infos.hh_5696 fill:#5a0
+5.62s GPU_shader_shared.hh_13548 --> GPU_shader_shared_utils.hh_933
+5.62s style GPU_shader_shared_utils.hh_933 fill:#0f0
+5.62s gpu_index_load_infos.hh_567 --> GPU_shader_shared.hh_13548
+5.62s style GPU_shader_shared.hh_13548 fill:#d20
+5.62s overlay_armature_infos.hh_25338 --> gpu_index_load_infos.hh_567
+5.62s style gpu_index_load_infos.hh_567 fill:#0f0
+5.62s overlay_shader_shared.hh_16231 --> GPU_shader_shared_utils.hh_933
+5.62s style GPU_shader_shared_utils.hh_933 fill:#0f0
+5.62s overlay_common_infos.hh_1184 --> overlay_shader_shared.hh_16231
+5.62s style overlay_shader_shared.hh_16231 fill:#f00
+5.62s overlay_common_infos.hh_1184 --> select_shader_shared.hh_773
+5.62s style select_shader_shared.hh_773 fill:#0f0
+5.62s overlay_common_infos.hh_1184 --> select_defines.hh_108
+5.62s style select_defines.hh_108 fill:#0f0
+5.62s overlay_armature_infos.hh_25338 --> overlay_common_infos.hh_1184
+5.62s style overlay_common_infos.hh_1184 fill:#1e0
+5.62s overlay_armature_infos.hh_25338 --> overlay_shader_shared.hh_16231
+5.62s style overlay_shader_shared.hh_16231 fill:#f00
+5.62s overlay_armature_envelope_outline_vert.glsl_3896 --> overlay_armature_infos.hh_25338
+5.62s style overlay_armature_infos.hh_25338 fill:#f00
+5.62s overlay_armature_envelope_outline_vert.glsl_3896 --> draw_view_clipping_lib.glsl_1192
+5.62s style draw_view_clipping_lib.glsl_1192 fill:#1e0
+5.62s draw_view_lib.glsl_3779 --> draw_view_infos.hh_5696
+5.62s style draw_view_infos.hh_5696 fill:#5a0
+5.62s overlay_armature_envelope_outline_vert.glsl_3896 --> draw_view_lib.glsl_3779
+5.62s style draw_view_lib.glsl_3779 fill:#3c0
+5.62s overlay_armature_envelope_outline_vert.glsl_3896 --> select_lib.glsl_1221
+5.62s style select_lib.glsl_1221 fill:#1e0
+5.62s 
+5.62s 00:05.015  gpu.shader.deps  | Resolved Source Tree (Mermaid flowchart) 
+5.62s flowchart LR
+5.62s gpu_shader_compat_glsl.glsl_4944 --> gpu_shader_glsl_extension.glsl_644
+5.62s style gpu_shader_glsl_extension.glsl_644 fill:#0f0
+5.62s 
+5.62s 00:05.016  gpu.shader.deps  | Resolved Source Tree (Mermaid flowchart) overlay_armature_envelope_outline
+5.62s flowchart LR
+5.62s draw_shader_shared.hh_24775 --> GPU_shader_shared_utils.hh_933
+5.62s style GPU_shader_shared_utils.hh_933 fill:#0f0
+5.62s draw_object_infos_infos.hh_3974 --> draw_shader_shared.hh_24775
+5.62s style draw_shader_shared.hh_24775 fill:#f00
+5.62s gpencil_shader_shared.hh_4176 --> GPU_shader_shared_utils.hh_933
+5.62s style GPU_shader_shared_utils.hh_933 fill:#0f0
+5.62s draw_object_infos_infos.hh_3974 --> gpencil_shader_shared.hh_4176
+5.62s style gpencil_shader_shared.hh_4176 fill:#4b0
+5.62s draw_view_infos.hh_5696 --> draw_defines.hh_678
+5.62s style draw_defines.hh_678 fill:#0f0
+5.62s draw_command_shared.hh_1480 --> GPU_shader_shared_utils.hh_933
+5.62s style GPU_shader_shared_utils.hh_933 fill:#0f0
+5.62s draw_view_infos.hh_5696 --> draw_command_shared.hh_1480
+5.62s style draw_command_shared.hh_1480 fill:#1e0
+5.62s draw_view_infos.hh_5696 --> draw_shader_shared.hh_24775
+5.62s style draw_shader_shared.hh_24775 fill:#f00
+5.62s draw_object_infos_infos.hh_3974 --> draw_view_infos.hh_5696
+5.62s style draw_view_infos.hh_5696 fill:#5a0
+5.62s draw_object_infos_infos.hh_3974 --> draw_defines.hh_678
+5.62s style draw_defines.hh_678 fill:#0f0
+5.62s overlay_armature_infos.hh_25338 --> draw_object_infos_infos.hh_3974
+5.62s style draw_object_infos_infos.hh_3974 fill:#3c0
+5.62s overlay_armature_infos.hh_25338 --> draw_view_infos.hh_5696
+5.62s style draw_view_infos.hh_5696 fill:#5a0
+5.62s GPU_shader_shared.hh_13548 --> GPU_shader_shared_utils.hh_933
+5.62s style GPU_shader_shared_utils.hh_933 fill:#0f0
+5.62s gpu_index_load_infos.hh_567 --> GPU_shader_shared.hh_13548
+5.62s style GPU_shader_shared.hh_13548 fill:#d20
+5.62s overlay_armature_infos.hh_25338 --> gpu_index_load_infos.hh_567
+5.62s style gpu_index_load_infos.hh_567 fill:#0f0
+5.62s overlay_shader_shared.hh_16231 --> GPU_shader_shared_utils.hh_933
+5.62s style GPU_shader_shared_utils.hh_933 fill:#0f0
+5.62s overlay_common_infos.hh_1184 --> overlay_shader_shared.hh_16231
+5.62s style overlay_shader_shared.hh_16231 fill:#f00
+5.62s overlay_common_infos.hh_1184 --> select_shader_shared.hh_773
+5.62s style select_shader_shared.hh_773 fill:#0f0
+5.62s overlay_common_infos.hh_1184 --> select_defines.hh_108
+5.62s style select_defines.hh_108 fill:#0f0
+5.62s overlay_armature_infos.hh_25338 --> overlay_common_infos.hh_1184
+5.62s style overlay_common_infos.hh_1184 fill:#1e0
+5.62s overlay_armature_infos.hh_25338 --> overlay_shader_shared.hh_16231
+5.62s style overlay_shader_shared.hh_16231 fill:#f00
+5.62s overlay_armature_wire_frag.glsl_293 --> overlay_armature_infos.hh_25338
+5.62s style overlay_armature_infos.hh_25338 fill:#f00
+5.62s draw_view_lib.glsl_3779 --> draw_view_infos.hh_5696
+5.62s style draw_view_infos.hh_5696 fill:#5a0
+5.62s overlay_common_lib.glsl_1652 --> draw_view_lib.glsl_3779
+5.62s style draw_view_lib.glsl_3779 fill:#3c0
+5.62s overlay_armature_wire_frag.glsl_293 --> overlay_common_lib.glsl_1652
+5.62s style overlay_common_lib.glsl_1652 fill:#1e0
+5.62s overlay_armature_wire_frag.glsl_293 --> select_lib.glsl_1221
+5.62s style select_lib.glsl_1221 fill:#1e0
+5.62s 
+5.62s 00:05.016  gpu.shader.deps  | Resolved Source Tree (Mermaid flowchart) 
+5.62s flowchart LR
+5.62s gpu_shader_compat_glsl.glsl_4944 --> gpu_shader_glsl_extension.glsl_644
+5.62s style gpu_shader_glsl_extension.glsl_644 fill:#0f0
+5.62s 
+5.76s 00:05.156  gpu.shader       | Compiling Shader "overlay_armature_shape_solid"
+5.76s 00:05.156  gpu.shader.deps  | Resolved Source Tree (Mermaid flowchart) overlay_armature_shape_solid
+5.76s flowchart LR
+5.76s draw_shader_shared.hh_24775 --> GPU_shader_shared_utils.hh_933
+5.76s style GPU_shader_shared_utils.hh_933 fill:#0f0
+5.76s draw_object_infos_infos.hh_3974 --> draw_shader_shared.hh_24775
+5.76s style draw_shader_shared.hh_24775 fill:#f00
+5.76s gpencil_shader_shared.hh_4176 --> GPU_shader_shared_utils.hh_933
+5.76s style GPU_shader_shared_utils.hh_933 fill:#0f0
+5.76s draw_object_infos_infos.hh_3974 --> gpencil_shader_shared.hh_4176
+5.76s style gpencil_shader_shared.hh_4176 fill:#4b0
+5.76s draw_view_infos.hh_5696 --> draw_defines.hh_678
+5.76s style draw_defines.hh_678 fill:#0f0
+5.76s draw_command_shared.hh_1480 --> GPU_shader_shared_utils.hh_933
+5.76s style GPU_shader_shared_utils.hh_933 fill:#0f0
+5.76s draw_view_infos.hh_5696 --> draw_command_shared.hh_1480
+5.76s style draw_command_shared.hh_1480 fill:#1e0
+5.76s draw_view_infos.hh_5696 --> draw_shader_shared.hh_24775
+5.76s style draw_shader_shared.hh_24775 fill:#f00
+5.76s draw_object_infos_infos.hh_3974 --> draw_view_infos.hh_5696
+5.76s style draw_view_infos.hh_5696 fill:#5a0
+5.76s draw_object_infos_infos.hh_3974 --> draw_defines.hh_678
+5.76s style draw_defines.hh_678 fill:#0f0
+5.76s overlay_armature_infos.hh_25338 --> draw_object_infos_infos.hh_3974
+5.76s style draw_object_infos_infos.hh_3974 fill:#3c0
+5.76s overlay_armature_infos.hh_25338 --> draw_view_infos.hh_5696
+5.76s style draw_view_infos.hh_5696 fill:#5a0
+5.76s GPU_shader_shared.hh_13548 --> GPU_shader_shared_utils.hh_933
+5.76s style GPU_shader_shared_utils.hh_933 fill:#0f0
+5.76s gpu_index_load_infos.hh_567 --> GPU_shader_shared.hh_13548
+5.76s style GPU_shader_shared.hh_13548 fill:#d20
+5.76s overlay_armature_infos.hh_25338 --> gpu_index_load_infos.hh_567
+5.76s style gpu_index_load_infos.hh_567 fill:#0f0
+5.76s overlay_shader_shared.hh_16231 --> GPU_shader_shared_utils.hh_933
+5.76s style GPU_shader_shared_utils.hh_933 fill:#0f0
+5.76s overlay_common_infos.hh_1184 --> overlay_shader_shared.hh_16231
+5.76s style overlay_shader_shared.hh_16231 fill:#f00
+5.76s overlay_common_infos.hh_1184 --> select_shader_shared.hh_773
+5.76s style select_shader_shared.hh_773 fill:#0f0
+5.76s overlay_common_infos.hh_1184 --> select_defines.hh_108
+5.76s style select_defines.hh_108 fill:#0f0
+5.76s overlay_armature_infos.hh_25338 --> overlay_common_infos.hh_1184
+5.76s style overlay_common_infos.hh_1184 fill:#1e0
+5.76s overlay_armature_infos.hh_25338 --> overlay_shader_shared.hh_16231
+5.76s style overlay_shader_shared.hh_16231 fill:#f00
+5.76s overlay_armature_shape_solid_vert.glsl_1046 --> overlay_armature_infos.hh_25338
+5.76s style overlay_armature_infos.hh_25338 fill:#f00
+5.76s overlay_armature_shape_solid_vert.glsl_1046 --> draw_view_clipping_lib.glsl_1192
+5.76s style draw_view_clipping_lib.glsl_1192 fill:#1e0
+5.76s draw_view_lib.glsl_3779 --> draw_view_infos.hh_5696
+5.76s style draw_view_infos.hh_5696 fill:#5a0
+5.76s overlay_armature_shape_solid_vert.glsl_1046 --> draw_view_lib.glsl_3779
+5.76s style draw_view_lib.glsl_3779 fill:#3c0
+5.76s overlay_common_lib.glsl_1652 --> draw_view_lib.glsl_3779
+5.76s style draw_view_lib.glsl_3779 fill:#3c0
+5.76s overlay_armature_shape_solid_vert.glsl_1046 --> overlay_common_lib.glsl_1652
+5.76s style overlay_common_lib.glsl_1652 fill:#1e0
+5.76s overlay_armature_shape_solid_vert.glsl_1046 --> select_lib.glsl_1221
+5.76s style select_lib.glsl_1221 fill:#1e0
+5.76s 
+5.76s 00:05.157  gpu.shader.deps  | Resolved Source Tree (Mermaid flowchart) 
+5.76s flowchart LR
+5.76s gpu_shader_compat_glsl.glsl_4944 --> gpu_shader_glsl_extension.glsl_644
+5.76s style gpu_shader_glsl_extension.glsl_644 fill:#0f0
+5.76s 
+5.76s 00:05.158  gpu.shader.deps  | Resolved Source Tree (Mermaid flowchart) overlay_armature_shape_solid
+5.76s flowchart LR
+5.76s draw_shader_shared.hh_24775 --> GPU_shader_shared_utils.hh_933
+5.76s style GPU_shader_shared_utils.hh_933 fill:#0f0
+5.76s draw_object_infos_infos.hh_3974 --> draw_shader_shared.hh_24775
+5.76s style draw_shader_shared.hh_24775 fill:#f00
+5.76s gpencil_shader_shared.hh_4176 --> GPU_shader_shared_utils.hh_933
+5.76s style GPU_shader_shared_utils.hh_933 fill:#0f0
+5.76s draw_object_infos_infos.hh_3974 --> gpencil_shader_shared.hh_4176
+5.76s style gpencil_shader_shared.hh_4176 fill:#4b0
+5.76s draw_view_infos.hh_5696 --> draw_defines.hh_678
+5.77s style draw_defines.hh_678 fill:#0f0
+5.77s draw_command_shared.hh_1480 --> GPU_shader_shared_utils.hh_933
+5.77s style GPU_shader_shared_utils.hh_933 fill:#0f0
+5.77s draw_view_infos.hh_5696 --> draw_command_shared.hh_1480
+5.77s style draw_command_shared.hh_1480 fill:#1e0
+5.77s draw_view_infos.hh_5696 --> draw_shader_shared.hh_24775
+5.77s style draw_shader_shared.hh_24775 fill:#f00
+5.77s draw_object_infos_infos.hh_3974 --> draw_view_infos.hh_5696
+5.77s style draw_view_infos.hh_5696 fill:#5a0
+5.77s draw_object_infos_infos.hh_3974 --> draw_defines.hh_678
+5.77s style draw_defines.hh_678 fill:#0f0
+5.77s overlay_armature_infos.hh_25338 --> draw_object_infos_infos.hh_3974
+5.77s style draw_object_infos_infos.hh_3974 fill:#3c0
+5.77s overlay_armature_infos.hh_25338 --> draw_view_infos.hh_5696
+5.77s style draw_view_infos.hh_5696 fill:#5a0
+5.77s GPU_shader_shared.hh_13548 --> GPU_shader_shared_utils.hh_933
+5.77s style GPU_shader_shared_utils.hh_933 fill:#0f0
+5.77s gpu_index_load_infos.hh_567 --> GPU_shader_shared.hh_13548
+5.77s style GPU_shader_shared.hh_13548 fill:#d20
+5.77s overlay_armature_infos.hh_25338 --> gpu_index_load_infos.hh_567
+5.77s style gpu_index_load_infos.hh_567 fill:#0f0
+5.77s overlay_shader_shared.hh_16231 --> GPU_shader_shared_utils.hh_933
+5.77s style GPU_shader_shared_utils.hh_933 fill:#0f0
+5.77s overlay_common_infos.hh_1184 --> overlay_shader_shared.hh_16231
+5.77s style overlay_shader_shared.hh_16231 fill:#f00
+5.77s overlay_common_infos.hh_1184 --> select_shader_shared.hh_773
+5.77s style select_shader_shared.hh_773 fill:#0f0
+5.77s overlay_common_infos.hh_1184 --> select_defines.hh_108
+5.77s style select_defines.hh_108 fill:#0f0
+5.77s overlay_armature_infos.hh_25338 --> overlay_common_infos.hh_1184
+5.77s style overlay_common_infos.hh_1184 fill:#1e0
+5.77s overlay_armature_infos.hh_25338 --> overlay_shader_shared.hh_16231
+5.77s style overlay_shader_shared.hh_16231 fill:#f00
+5.77s overlay_armature_shape_solid_frag.glsl_346 --> overlay_armature_infos.hh_25338
+5.77s style overlay_armature_infos.hh_25338 fill:#f00
+5.77s overlay_armature_shape_solid_frag.glsl_346 --> select_lib.glsl_1221
+5.77s style select_lib.glsl_1221 fill:#1e0
+5.77s 
+5.77s 00:05.158  gpu.shader.deps  | Resolved Source Tree (Mermaid flowchart) 
+5.77s flowchart LR
+5.77s gpu_shader_compat_glsl.glsl_4944 --> gpu_shader_glsl_extension.glsl_644
+5.77s style gpu_shader_glsl_extension.glsl_644 fill:#0f0
+5.77s 
+5.91s 00:05.298  gpu.shader       | Compiling Shader "overlay_armature_shape_outline"
+5.91s 00:05.299  gpu.shader.deps  | Resolved Source Tree (Mermaid flowchart) overlay_armature_shape_outline
+5.91s flowchart LR
+5.91s draw_shader_shared.hh_24775 --> GPU_shader_shared_utils.hh_933
+5.91s style GPU_shader_shared_utils.hh_933 fill:#0f0
+5.91s draw_object_infos_infos.hh_3974 --> draw_shader_shared.hh_24775
+5.91s style draw_shader_shared.hh_24775 fill:#f00
+5.91s gpencil_shader_shared.hh_4176 --> GPU_shader_shared_utils.hh_933
+5.91s style GPU_shader_shared_utils.hh_933 fill:#0f0
+5.91s draw_object_infos_infos.hh_3974 --> gpencil_shader_shared.hh_4176
+5.91s style gpencil_shader_shared.hh_4176 fill:#4b0
+5.91s draw_view_infos.hh_5696 --> draw_defines.hh_678
+5.91s style draw_defines.hh_678 fill:#0f0
+5.91s draw_command_shared.hh_1480 --> GPU_shader_shared_utils.hh_933
+5.91s style GPU_shader_shared_utils.hh_933 fill:#0f0
+5.91s draw_view_infos.hh_5696 --> draw_command_shared.hh_1480
+5.91s style draw_command_shared.hh_1480 fill:#1e0
+5.91s draw_view_infos.hh_5696 --> draw_shader_shared.hh_24775
+5.91s style draw_shader_shared.hh_24775 fill:#f00
+5.91s draw_object_infos_infos.hh_3974 --> draw_view_infos.hh_5696
+5.91s style draw_view_infos.hh_5696 fill:#5a0
+5.91s draw_object_infos_infos.hh_3974 --> draw_defines.hh_678
+5.91s style draw_defines.hh_678 fill:#0f0
+5.91s overlay_armature_infos.hh_25338 --> draw_object_infos_infos.hh_3974
+5.91s style draw_object_infos_infos.hh_3974 fill:#3c0
+5.91s overlay_armature_infos.hh_25338 --> draw_view_infos.hh_5696
+5.91s style draw_view_infos.hh_5696 fill:#5a0
+5.91s GPU_shader_shared.hh_13548 --> GPU_shader_shared_utils.hh_933
+5.91s style GPU_shader_shared_utils.hh_933 fill:#0f0
+5.91s gpu_index_load_infos.hh_567 --> GPU_shader_shared.hh_13548
+5.91s style GPU_shader_shared.hh_13548 fill:#d20
+5.91s overlay_armature_infos.hh_25338 --> gpu_index_load_infos.hh_567
+5.91s style gpu_index_load_infos.hh_567 fill:#0f0
+5.91s overlay_shader_shared.hh_16231 --> GPU_shader_shared_utils.hh_933
+5.91s style GPU_shader_shared_utils.hh_933 fill:#0f0
+5.91s overlay_common_infos.hh_1184 --> overlay_shader_shared.hh_16231
+5.91s style overlay_shader_shared.hh_16231 fill:#f00
+5.91s overlay_common_infos.hh_1184 --> select_shader_shared.hh_773
+5.91s style select_shader_shared.hh_773 fill:#0f0
+5.91s overlay_common_infos.hh_1184 --> select_defines.hh_108
+5.91s style select_defines.hh_108 fill:#0f0
+5.91s overlay_armature_infos.hh_25338 --> overlay_common_infos.hh_1184
+5.91s style overlay_common_infos.hh_1184 fill:#1e0
+5.91s overlay_armature_infos.hh_25338 --> overlay_shader_shared.hh_16231
+5.91s style overlay_shader_shared.hh_16231 fill:#f00
+5.91s overlay_armature_shape_outline_vert.glsl_6054 --> overlay_armature_infos.hh_25338
+5.91s style overlay_armature_infos.hh_25338 fill:#f00
+5.91s overlay_armature_shape_outline_vert.glsl_6054 --> draw_view_clipping_lib.glsl_1192
+5.91s style draw_view_clipping_lib.glsl_1192 fill:#1e0
+5.91s draw_view_lib.glsl_3779 --> draw_view_infos.hh_5696
+5.91s style draw_view_infos.hh_5696 fill:#5a0
+5.91s overlay_armature_shape_outline_vert.glsl_6054 --> draw_view_lib.glsl_3779
+5.91s style draw_view_lib.glsl_3779 fill:#3c0
+5.91s overlay_armature_shape_outline_vert.glsl_6054 --> gpu_shader_attribute_load_lib.glsl_3268
+5.91s style gpu_shader_attribute_load_lib.glsl_3268 fill:#3c0
+5.91s gpu_shader_index_load_lib.glsl_627 --> gpu_index_load_infos.hh_567
+5.91s style gpu_index_load_infos.hh_567 fill:#0f0
+5.91s overlay_armature_shape_outline_vert.glsl_6054 --> gpu_shader_index_load_lib.glsl_627
+5.91s style gpu_shader_index_load_lib.glsl_627 fill:#0f0
+5.91s overlay_armature_shape_outline_vert.glsl_6054 --> gpu_shader_math_matrix_transform_lib.glsl_833
+5.91s style gpu_shader_math_matrix_transform_lib.glsl_833 fill:#0f0
+5.91s gpu_shader_math_safe_lib.glsl_1274 --> gpu_shader_math_constants_lib.glsl_604
+5.91s style gpu_shader_math_constants_lib.glsl_604 fill:#0f0
+5.91s overlay_armature_shape_outline_vert.glsl_6054 --> gpu_shader_math_safe_lib.glsl_1274
+5.91s style gpu_shader_math_safe_lib.glsl_1274 fill:#1e0
+5.91s overlay_armature_shape_outline_vert.glsl_6054 --> gpu_shader_utildefines_lib.glsl_3296
+5.91s style gpu_shader_utildefines_lib.glsl_3296 fill:#3c0
+5.91s overlay_common_lib.glsl_1652 --> draw_view_lib.glsl_3779
+5.91s style draw_view_lib.glsl_3779 fill:#3c0
+5.91s overlay_armature_shape_outline_vert.glsl_6054 --> overlay_common_lib.glsl_1652
+5.91s style overlay_common_lib.glsl_1652 fill:#1e0
+5.91s overlay_armature_shape_outline_vert.glsl_6054 --> select_lib.glsl_1221
+5.91s style select_lib.glsl_1221 fill:#1e0
+5.91s 
+5.91s 00:05.299  gpu.shader.deps  | Resolved Source Tree (Mermaid flowchart) 
+5.91s flowchart LR
+5.91s gpu_shader_compat_glsl.glsl_4944 --> gpu_shader_glsl_extension.glsl_644
+5.91s style gpu_shader_glsl_extension.glsl_644 fill:#0f0
+5.91s 
+5.91s 00:05.300  gpu.shader.deps  | Resolved Source Tree (Mermaid flowchart) overlay_armature_shape_outline
+5.91s flowchart LR
+5.91s draw_shader_shared.hh_24775 --> GPU_shader_shared_utils.hh_933
+5.91s style GPU_shader_shared_utils.hh_933 fill:#0f0
+5.91s draw_object_infos_infos.hh_3974 --> draw_shader_shared.hh_24775
+5.91s style draw_shader_shared.hh_24775 fill:#f00
+5.91s gpencil_shader_shared.hh_4176 --> GPU_shader_shared_utils.hh_933
+5.91s style GPU_shader_shared_utils.hh_933 fill:#0f0
+5.91s draw_object_infos_infos.hh_3974 --> gpencil_shader_shared.hh_4176
+5.91s style gpencil_shader_shared.hh_4176 fill:#4b0
+5.91s draw_view_infos.hh_5696 --> draw_defines.hh_678
+5.91s style draw_defines.hh_678 fill:#0f0
+5.91s draw_command_shared.hh_1480 --> GPU_shader_shared_utils.hh_933
+5.91s style GPU_shader_shared_utils.hh_933 fill:#0f0
+5.91s draw_view_infos.hh_5696 --> draw_command_shared.hh_1480
+5.91s style draw_command_shared.hh_1480 fill:#1e0
+5.91s draw_view_infos.hh_5696 --> draw_shader_shared.hh_24775
+5.91s style draw_shader_shared.hh_24775 fill:#f00
+5.91s draw_object_infos_infos.hh_3974 --> draw_view_infos.hh_5696
+5.91s style draw_view_infos.hh_5696 fill:#5a0
+5.91s draw_object_infos_infos.hh_3974 --> draw_defines.hh_678
+5.91s style draw_defines.hh_678 fill:#0f0
+5.91s overlay_armature_infos.hh_25338 --> draw_object_infos_infos.hh_3974
+5.91s style draw_object_infos_infos.hh_3974 fill:#3c0
+5.91s overlay_armature_infos.hh_25338 --> draw_view_infos.hh_5696
+5.91s style draw_view_infos.hh_5696 fill:#5a0
+5.91s GPU_shader_shared.hh_13548 --> GPU_shader_shared_utils.hh_933
+5.91s style GPU_shader_shared_utils.hh_933 fill:#0f0
+5.91s gpu_index_load_infos.hh_567 --> GPU_shader_shared.hh_13548
+5.91s style GPU_shader_shared.hh_13548 fill:#d20
+5.91s overlay_armature_infos.hh_25338 --> gpu_index_load_infos.hh_567
+5.91s style gpu_index_load_infos.hh_567 fill:#0f0
+5.91s overlay_shader_shared.hh_16231 --> GPU_shader_shared_utils.hh_933
+5.91s style GPU_shader_shared_utils.hh_933 fill:#0f0
+5.91s overlay_common_infos.hh_1184 --> overlay_shader_shared.hh_16231
+5.91s style overlay_shader_shared.hh_16231 fill:#f00
+5.91s overlay_common_infos.hh_1184 --> select_shader_shared.hh_773
+5.91s style select_shader_shared.hh_773 fill:#0f0
+5.91s overlay_common_infos.hh_1184 --> select_defines.hh_108
+5.91s style select_defines.hh_108 fill:#0f0
+5.91s overlay_armature_infos.hh_25338 --> overlay_common_infos.hh_1184
+5.91s style overlay_common_infos.hh_1184 fill:#1e0
+5.91s overlay_armature_infos.hh_25338 --> overlay_shader_shared.hh_16231
+5.91s style overlay_shader_shared.hh_16231 fill:#f00
+5.91s overlay_armature_wire_frag.glsl_293 --> overlay_armature_infos.hh_25338
+5.91s style overlay_armature_infos.hh_25338 fill:#f00
+5.91s draw_view_lib.glsl_3779 --> draw_view_infos.hh_5696
+5.91s style draw_view_infos.hh_5696 fill:#5a0
+5.91s overlay_common_lib.glsl_1652 --> draw_view_lib.glsl_3779
+5.91s style draw_view_lib.glsl_3779 fill:#3c0
+5.91s overlay_armature_wire_frag.glsl_293 --> overlay_common_lib.glsl_1652
+5.91s style overlay_common_lib.glsl_1652 fill:#1e0
+5.91s overlay_armature_wire_frag.glsl_293 --> select_lib.glsl_1221
+5.91s style select_lib.glsl_1221 fill:#1e0
+5.91s 
+5.91s 00:05.301  gpu.shader.deps  | Resolved Source Tree (Mermaid flowchart) 
+5.91s flowchart LR
+5.91s gpu_shader_compat_glsl.glsl_4944 --> gpu_shader_glsl_extension.glsl_644
+5.91s style gpu_shader_glsl_extension.glsl_644 fill:#0f0
+5.91s 
+6.05s 00:05.442  gpu.shader       | Compiling Shader "overlay_armature_shape_wire_strip"
+6.05s 00:05.442  gpu.shader.deps  | Resolved Source Tree (Mermaid flowchart) overlay_armature_shape_wire_strip
+6.05s flowchart LR
+6.05s draw_shader_shared.hh_24775 --> GPU_shader_shared_utils.hh_933
+6.05s style GPU_shader_shared_utils.hh_933 fill:#0f0
+6.05s draw_object_infos_infos.hh_3974 --> draw_shader_shared.hh_24775
+6.05s style draw_shader_shared.hh_24775 fill:#f00
+6.05s gpencil_shader_shared.hh_4176 --> GPU_shader_shared_utils.hh_933
+6.05s style GPU_shader_shared_utils.hh_933 fill:#0f0
+6.05s draw_object_infos_infos.hh_3974 --> gpencil_shader_shared.hh_4176
+6.05s style gpencil_shader_shared.hh_4176 fill:#4b0
+6.05s draw_view_infos.hh_5696 --> draw_defines.hh_678
+6.05s style draw_defines.hh_678 fill:#0f0
+6.05s draw_command_shared.hh_1480 --> GPU_shader_shared_utils.hh_933
+6.05s style GPU_shader_shared_utils.hh_933 fill:#0f0
+6.05s draw_view_infos.hh_5696 --> draw_command_shared.hh_1480
+6.05s style draw_command_shared.hh_1480 fill:#1e0
+6.05s draw_view_infos.hh_5696 --> draw_shader_shared.hh_24775
+6.05s style draw_shader_shared.hh_24775 fill:#f00
+6.05s draw_object_infos_infos.hh_3974 --> draw_view_infos.hh_5696
+6.05s style draw_view_infos.hh_5696 fill:#5a0
+6.05s draw_object_infos_infos.hh_3974 --> draw_defines.hh_678
+6.05s style draw_defines.hh_678 fill:#0f0
+6.05s overlay_armature_infos.hh_25338 --> draw_object_infos_infos.hh_3974
+6.05s style draw_object_infos_infos.hh_3974 fill:#3c0
+6.05s overlay_armature_infos.hh_25338 --> draw_view_infos.hh_5696
+6.05s style draw_view_infos.hh_5696 fill:#5a0
+6.05s GPU_shader_shared.hh_13548 --> GPU_shader_shared_utils.hh_933
+6.05s style GPU_shader_shared_utils.hh_933 fill:#0f0
+6.05s gpu_index_load_infos.hh_567 --> GPU_shader_shared.hh_13548
+6.05s style GPU_shader_shared.hh_13548 fill:#d20
+6.05s overlay_armature_infos.hh_25338 --> gpu_index_load_infos.hh_567
+6.05s style gpu_index_load_infos.hh_567 fill:#0f0
+6.05s overlay_shader_shared.hh_16231 --> GPU_shader_shared_utils.hh_933
+6.05s style GPU_shader_shared_utils.hh_933 fill:#0f0
+6.05s overlay_common_infos.hh_1184 --> overlay_shader_shared.hh_16231
+6.05s style overlay_shader_shared.hh_16231 fill:#f00
+6.05s overlay_common_infos.hh_1184 --> select_shader_shared.hh_773
+6.05s style select_shader_shared.hh_773 fill:#0f0
+6.05s overlay_common_infos.hh_1184 --> select_defines.hh_108
+6.05s style select_defines.hh_108 fill:#0f0
+6.05s overlay_armature_infos.hh_25338 --> overlay_common_infos.hh_1184
+6.05s style overlay_common_infos.hh_1184 fill:#1e0
+6.05s overlay_armature_infos.hh_25338 --> overlay_shader_shared.hh_16231
+6.05s style overlay_shader_shared.hh_16231 fill:#f00
+6.05s overlay_armature_shape_wire_vert.glsl_6355 --> overlay_armature_infos.hh_25338
+6.05s style overlay_armature_infos.hh_25338 fill:#f00
+6.05s overlay_armature_shape_wire_vert.glsl_6355 --> draw_view_clipping_lib.glsl_1192
+6.05s style draw_view_clipping_lib.glsl_1192 fill:#1e0
+6.05s draw_view_lib.glsl_3779 --> draw_view_infos.hh_5696
+6.05s style draw_view_infos.hh_5696 fill:#5a0
+6.05s overlay_armature_shape_wire_vert.glsl_6355 --> draw_view_lib.glsl_3779
+6.05s style draw_view_lib.glsl_3779 fill:#3c0
+6.05s overlay_armature_shape_wire_vert.glsl_6355 --> gpu_shader_attribute_load_lib.glsl_3268
+6.05s style gpu_shader_attribute_load_lib.glsl_3268 fill:#3c0
+6.05s gpu_shader_index_load_lib.glsl_627 --> gpu_index_load_infos.hh_567
+6.05s style gpu_index_load_infos.hh_567 fill:#0f0
+6.05s overlay_armature_shape_wire_vert.glsl_6355 --> gpu_shader_index_load_lib.glsl_627
+6.05s style gpu_shader_index_load_lib.glsl_627 fill:#0f0
+6.05s overlay_armature_shape_wire_vert.glsl_6355 --> gpu_shader_utildefines_lib.glsl_3296
+6.05s style gpu_shader_utildefines_lib.glsl_3296 fill:#3c0
+6.05s overlay_common_lib.glsl_1652 --> draw_view_lib.glsl_3779
+6.05s style draw_view_lib.glsl_3779 fill:#3c0
+6.05s overlay_armature_shape_wire_vert.glsl_6355 --> overlay_common_lib.glsl_1652
+6.05s style overlay_common_lib.glsl_1652 fill:#1e0
+6.05s overlay_armature_shape_wire_vert.glsl_6355 --> select_lib.glsl_1221
+6.05s style select_lib.glsl_1221 fill:#1e0
+6.05s 
+6.05s 00:05.442  gpu.shader.deps  | Resolved Source Tree (Mermaid flowchart) 
+6.05s flowchart LR
+6.05s gpu_shader_compat_glsl.glsl_4944 --> gpu_shader_glsl_extension.glsl_644
+6.05s style gpu_shader_glsl_extension.glsl_644 fill:#0f0
+6.05s 
+6.05s 00:05.444  gpu.shader.deps  | Resolved Source Tree (Mermaid flowchart) overlay_armature_shape_wire_strip
+6.05s flowchart LR
+6.05s draw_shader_shared.hh_24775 --> GPU_shader_shared_utils.hh_933
+6.05s style GPU_shader_shared_utils.hh_933 fill:#0f0
+6.05s draw_object_infos_infos.hh_3974 --> draw_shader_shared.hh_24775
+6.05s style draw_shader_shared.hh_24775 fill:#f00
+6.05s gpencil_shader_shared.hh_4176 --> GPU_shader_shared_utils.hh_933
+6.05s style GPU_shader_shared_utils.hh_933 fill:#0f0
+6.05s draw_object_infos_infos.hh_3974 --> gpencil_shader_shared.hh_4176
+6.05s style gpencil_shader_shared.hh_4176 fill:#4b0
+6.05s draw_view_infos.hh_5696 --> draw_defines.hh_678
+6.05s style draw_defines.hh_678 fill:#0f0
+6.05s draw_command_shared.hh_1480 --> GPU_shader_shared_utils.hh_933
+6.05s style GPU_shader_shared_utils.hh_933 fill:#0f0
+6.05s draw_view_infos.hh_5696 --> draw_command_shared.hh_1480
+6.05s style draw_command_shared.hh_1480 fill:#1e0
+6.05s draw_view_infos.hh_5696 --> draw_shader_shared.hh_24775
+6.05s style draw_shader_shared.hh_24775 fill:#f00
+6.05s draw_object_infos_infos.hh_3974 --> draw_view_infos.hh_5696
+6.05s style draw_view_infos.hh_5696 fill:#5a0
+6.05s draw_object_infos_infos.hh_3974 --> draw_defines.hh_678
+6.05s style draw_defines.hh_678 fill:#0f0
+6.05s overlay_armature_infos.hh_25338 --> draw_object_infos_infos.hh_3974
+6.05s style draw_object_infos_infos.hh_3974 fill:#3c0
+6.05s overlay_armature_infos.hh_25338 --> draw_view_infos.hh_5696
+6.05s style draw_view_infos.hh_5696 fill:#5a0
+6.05s GPU_shader_shared.hh_13548 --> GPU_shader_shared_utils.hh_933
+6.05s style GPU_shader_shared_utils.hh_933 fill:#0f0
+6.05s gpu_index_load_infos.hh_567 --> GPU_shader_shared.hh_13548
+6.05s style GPU_shader_shared.hh_13548 fill:#d20
+6.05s overlay_armature_infos.hh_25338 --> gpu_index_load_infos.hh_567
+6.05s style gpu_index_load_infos.hh_567 fill:#0f0
+6.05s overlay_shader_shared.hh_16231 --> GPU_shader_shared_utils.hh_933
+6.05s style GPU_shader_shared_utils.hh_933 fill:#0f0
+6.05s overlay_common_infos.hh_1184 --> overlay_shader_shared.hh_16231
+6.05s style overlay_shader_shared.hh_16231 fill:#f00
+6.05s overlay_common_infos.hh_1184 --> select_shader_shared.hh_773
+6.05s style select_shader_shared.hh_773 fill:#0f0
+6.05s overlay_common_infos.hh_1184 --> select_defines.hh_108
+6.05s style select_defines.hh_108 fill:#0f0
+6.05s overlay_armature_infos.hh_25338 --> overlay_common_infos.hh_1184
+6.05s style overlay_common_infos.hh_1184 fill:#1e0
+6.05s overlay_armature_infos.hh_25338 --> overlay_shader_shared.hh_16231
+6.05s style overlay_shader_shared.hh_16231 fill:#f00
+6.05s overlay_armature_shape_wire_frag.glsl_636 --> overlay_armature_infos.hh_25338
+6.05s style overlay_armature_infos.hh_25338 fill:#f00
+6.05s overlay_armature_shape_wire_frag.glsl_636 --> gpu_shader_utildefines_lib.glsl_3296
+6.05s style gpu_shader_utildefines_lib.glsl_3296 fill:#3c0
+6.05s overlay_armature_shape_wire_frag.glsl_636 --> select_lib.glsl_1221
+6.05s style select_lib.glsl_1221 fill:#1e0
+6.05s 
+6.05s 00:05.444  gpu.shader.deps  | Resolved Source Tree (Mermaid flowchart) 
+6.05s flowchart LR
+6.05s gpu_shader_compat_glsl.glsl_4944 --> gpu_shader_glsl_extension.glsl_644
+6.05s style gpu_shader_glsl_extension.glsl_644 fill:#0f0
+6.05s 
+6.19s 00:05.586  gpu.shader       | Compiling Shader "overlay_armature_shape_wire"
+6.19s 00:05.586  gpu.shader.deps  | Resolved Source Tree (Mermaid flowchart) overlay_armature_shape_wire
+6.19s flowchart LR
+6.19s draw_shader_shared.hh_24775 --> GPU_shader_shared_utils.hh_933
+6.19s style GPU_shader_shared_utils.hh_933 fill:#0f0
+6.19s draw_object_infos_infos.hh_3974 --> draw_shader_shared.hh_24775
+6.19s style draw_shader_shared.hh_24775 fill:#f00
+6.19s gpencil_shader_shared.hh_4176 --> GPU_shader_shared_utils.hh_933
+6.19s style GPU_shader_shared_utils.hh_933 fill:#0f0
+6.20s draw_object_infos_infos.hh_3974 --> gpencil_shader_shared.hh_4176
+6.20s style gpencil_shader_shared.hh_4176 fill:#4b0
+6.20s draw_view_infos.hh_5696 --> draw_defines.hh_678
+6.20s style draw_defines.hh_678 fill:#0f0
+6.20s draw_command_shared.hh_1480 --> GPU_shader_shared_utils.hh_933
+6.20s style GPU_shader_shared_utils.hh_933 fill:#0f0
+6.20s draw_view_infos.hh_5696 --> draw_command_shared.hh_1480
+6.20s style draw_command_shared.hh_1480 fill:#1e0
+6.20s draw_view_infos.hh_5696 --> draw_shader_shared.hh_24775
+6.20s style draw_shader_shared.hh_24775 fill:#f00
+6.20s draw_object_infos_infos.hh_3974 --> draw_view_infos.hh_5696
+6.20s style draw_view_infos.hh_5696 fill:#5a0
+6.20s draw_object_infos_infos.hh_3974 --> draw_defines.hh_678
+6.20s style draw_defines.hh_678 fill:#0f0
+6.20s overlay_armature_infos.hh_25338 --> draw_object_infos_infos.hh_3974
+6.20s style draw_object_infos_infos.hh_3974 fill:#3c0
+6.20s overlay_armature_infos.hh_25338 --> draw_view_infos.hh_5696
+6.20s style draw_view_infos.hh_5696 fill:#5a0
+6.20s GPU_shader_shared.hh_13548 --> GPU_shader_shared_utils.hh_933
+6.20s style GPU_shader_shared_utils.hh_933 fill:#0f0
+6.20s gpu_index_load_infos.hh_567 --> GPU_shader_shared.hh_13548
+6.20s style GPU_shader_shared.hh_13548 fill:#d20
+6.20s overlay_armature_infos.hh_25338 --> gpu_index_load_infos.hh_567
+6.20s style gpu_index_load_infos.hh_567 fill:#0f0
+6.20s overlay_shader_shared.hh_16231 --> GPU_shader_shared_utils.hh_933
+6.20s style GPU_shader_shared_utils.hh_933 fill:#0f0
+6.20s overlay_common_infos.hh_1184 --> overlay_shader_shared.hh_16231
+6.20s style overlay_shader_shared.hh_16231 fill:#f00
+6.20s overlay_common_infos.hh_1184 --> select_shader_shared.hh_773
+6.20s style select_shader_shared.hh_773 fill:#0f0
+6.20s overlay_common_infos.hh_1184 --> select_defines.hh_108
+6.20s style select_defines.hh_108 fill:#0f0
+6.20s overlay_armature_infos.hh_25338 --> overlay_common_infos.hh_1184
+6.20s style overlay_common_infos.hh_1184 fill:#1e0
+6.20s overlay_armature_infos.hh_25338 --> overlay_shader_shared.hh_16231
+6.20s style overlay_shader_shared.hh_16231 fill:#f00
+6.20s overlay_armature_shape_wire_vert.glsl_6355 --> overlay_armature_infos.hh_25338
+6.20s style overlay_armature_infos.hh_25338 fill:#f00
+6.20s overlay_armature_shape_wire_vert.glsl_6355 --> draw_view_clipping_lib.glsl_1192
+6.20s style draw_view_clipping_lib.glsl_1192 fill:#1e0
+6.20s draw_view_lib.glsl_3779 --> draw_view_infos.hh_5696
+6.20s style draw_view_infos.hh_5696 fill:#5a0
+6.20s overlay_armature_shape_wire_vert.glsl_6355 --> draw_view_lib.glsl_3779
+6.20s style draw_view_lib.glsl_3779 fill:#3c0
+6.20s overlay_armature_shape_wire_vert.glsl_6355 --> gpu_shader_attribute_load_lib.glsl_3268
+6.20s style gpu_shader_attribute_load_lib.glsl_3268 fill:#3c0
+6.20s gpu_shader_index_load_lib.glsl_627 --> gpu_index_load_infos.hh_567
+6.20s style gpu_index_load_infos.hh_567 fill:#0f0
+6.20s overlay_armature_shape_wire_vert.glsl_6355 --> gpu_shader_index_load_lib.glsl_627
+6.20s style gpu_shader_index_load_lib.glsl_627 fill:#0f0
+6.20s overlay_armature_shape_wire_vert.glsl_6355 --> gpu_shader_utildefines_lib.glsl_3296
+6.20s style gpu_shader_utildefines_lib.glsl_3296 fill:#3c0
+6.20s overlay_common_lib.glsl_1652 --> draw_view_lib.glsl_3779
+6.20s style draw_view_lib.glsl_3779 fill:#3c0
+6.20s overlay_armature_shape_wire_vert.glsl_6355 --> overlay_common_lib.glsl_1652
+6.20s style overlay_common_lib.glsl_1652 fill:#1e0
+6.20s overlay_armature_shape_wire_vert.glsl_6355 --> select_lib.glsl_1221
+6.20s style select_lib.glsl_1221 fill:#1e0
+6.20s 
+6.20s 00:05.586  gpu.shader.deps  | Resolved Source Tree (Mermaid flowchart) 
+6.20s flowchart LR
+6.20s gpu_shader_compat_glsl.glsl_4944 --> gpu_shader_glsl_extension.glsl_644
+6.20s style gpu_shader_glsl_extension.glsl_644 fill:#0f0
+6.20s 
+6.20s 00:05.588  gpu.shader.deps  | Resolved Source Tree (Mermaid flowchart) overlay_armature_shape_wire
+6.20s flowchart LR
+6.20s draw_shader_shared.hh_24775 --> GPU_shader_shared_utils.hh_933
+6.20s style GPU_shader_shared_utils.hh_933 fill:#0f0
+6.20s draw_object_infos_infos.hh_3974 --> draw_shader_shared.hh_24775
+6.20s style draw_shader_shared.hh_24775 fill:#f00
+6.20s gpencil_shader_shared.hh_4176 --> GPU_shader_shared_utils.hh_933
+6.20s style GPU_shader_shared_utils.hh_933 fill:#0f0
+6.20s draw_object_infos_infos.hh_3974 --> gpencil_shader_shared.hh_4176
+6.20s style gpencil_shader_shared.hh_4176 fill:#4b0
+6.20s draw_view_infos.hh_5696 --> draw_defines.hh_678
+6.20s style draw_defines.hh_678 fill:#0f0
+6.20s draw_command_shared.hh_1480 --> GPU_shader_shared_utils.hh_933
+6.20s style GPU_shader_shared_utils.hh_933 fill:#0f0
+6.20s draw_view_infos.hh_5696 --> draw_command_shared.hh_1480
+6.20s style draw_command_shared.hh_1480 fill:#1e0
+6.20s draw_view_infos.hh_5696 --> draw_shader_shared.hh_24775
+6.20s style draw_shader_shared.hh_24775 fill:#f00
+6.20s draw_object_infos_infos.hh_3974 --> draw_view_infos.hh_5696
+6.20s style draw_view_infos.hh_5696 fill:#5a0
+6.20s draw_object_infos_infos.hh_3974 --> draw_defines.hh_678
+6.20s style draw_defines.hh_678 fill:#0f0
+6.20s overlay_armature_infos.hh_25338 --> draw_object_infos_infos.hh_3974
+6.20s style draw_object_infos_infos.hh_3974 fill:#3c0
+6.20s overlay_armature_infos.hh_25338 --> draw_view_infos.hh_5696
+6.20s style draw_view_infos.hh_5696 fill:#5a0
+6.20s GPU_shader_shared.hh_13548 --> GPU_shader_shared_utils.hh_933
+6.20s style GPU_shader_shared_utils.hh_933 fill:#0f0
+6.20s gpu_index_load_infos.hh_567 --> GPU_shader_shared.hh_13548
+6.20s style GPU_shader_shared.hh_13548 fill:#d20
+6.20s overlay_armature_infos.hh_25338 --> gpu_index_load_infos.hh_567
+6.20s style gpu_index_load_infos.hh_567 fill:#0f0
+6.20s overlay_shader_shared.hh_16231 --> GPU_shader_shared_utils.hh_933
+6.20s style GPU_shader_shared_utils.hh_933 fill:#0f0
+6.20s overlay_common_infos.hh_1184 --> overlay_shader_shared.hh_16231
+6.20s style overlay_shader_shared.hh_16231 fill:#f00
+6.20s overlay_common_infos.hh_1184 --> select_shader_shared.hh_773
+6.20s style select_shader_shared.hh_773 fill:#0f0
+6.20s overlay_common_infos.hh_1184 --> select_defines.hh_108
+6.20s style select_defines.hh_108 fill:#0f0
+6.20s overlay_armature_infos.hh_25338 --> overlay_common_infos.hh_1184
+6.20s style overlay_common_infos.hh_1184 fill:#1e0
+6.20s overlay_armature_infos.hh_25338 --> overlay_shader_shared.hh_16231
+6.20s style overlay_shader_shared.hh_16231 fill:#f00
+6.20s overlay_armature_shape_wire_frag.glsl_636 --> overlay_armature_infos.hh_25338
+6.20s style overlay_armature_infos.hh_25338 fill:#f00
+6.20s overlay_armature_shape_wire_frag.glsl_636 --> gpu_shader_utildefines_lib.glsl_3296
+6.20s style gpu_shader_utildefines_lib.glsl_3296 fill:#3c0
+6.20s overlay_armature_shape_wire_frag.glsl_636 --> select_lib.glsl_1221
+6.20s style select_lib.glsl_1221 fill:#1e0
+6.20s 
+6.20s 00:05.588  gpu.shader.deps  | Resolved Source Tree (Mermaid flowchart) 
+6.20s flowchart LR
+6.20s gpu_shader_compat_glsl.glsl_4944 --> gpu_shader_glsl_extension.glsl_644
+6.20s style gpu_shader_glsl_extension.glsl_644 fill:#0f0
+6.20s 
+6.34s 00:05.734  gpu.shader       | Compiling Shader "overlay_armature_sphere_solid"
+6.34s 00:05.734  gpu.shader.deps  | Resolved Source Tree (Mermaid flowchart) overlay_armature_sphere_solid
+6.34s flowchart LR
+6.34s draw_shader_shared.hh_24775 --> GPU_shader_shared_utils.hh_933
+6.34s style GPU_shader_shared_utils.hh_933 fill:#0f0
+6.34s draw_object_infos_infos.hh_3974 --> draw_shader_shared.hh_24775
+6.34s style draw_shader_shared.hh_24775 fill:#f00
+6.34s gpencil_shader_shared.hh_4176 --> GPU_shader_shared_utils.hh_933
+6.34s style GPU_shader_shared_utils.hh_933 fill:#0f0
+6.34s draw_object_infos_infos.hh_3974 --> gpencil_shader_shared.hh_4176
+6.34s style gpencil_shader_shared.hh_4176 fill:#4b0
+6.34s draw_view_infos.hh_5696 --> draw_defines.hh_678
+6.34s style draw_defines.hh_678 fill:#0f0
+6.34s draw_command_shared.hh_1480 --> GPU_shader_shared_utils.hh_933
+6.34s style GPU_shader_shared_utils.hh_933 fill:#0f0
+6.34s draw_view_infos.hh_5696 --> draw_command_shared.hh_1480
+6.34s style draw_command_shared.hh_1480 fill:#1e0
+6.34s draw_view_infos.hh_5696 --> draw_shader_shared.hh_24775
+6.34s style draw_shader_shared.hh_24775 fill:#f00
+6.34s draw_object_infos_infos.hh_3974 --> draw_view_infos.hh_5696
+6.34s style draw_view_infos.hh_5696 fill:#5a0
+6.34s draw_object_infos_infos.hh_3974 --> draw_defines.hh_678
+6.34s style draw_defines.hh_678 fill:#0f0
+6.34s overlay_armature_infos.hh_25338 --> draw_object_infos_infos.hh_3974
+6.34s style draw_object_infos_infos.hh_3974 fill:#3c0
+6.34s overlay_armature_infos.hh_25338 --> draw_view_infos.hh_5696
+6.34s style draw_view_infos.hh_5696 fill:#5a0
+6.34s GPU_shader_shared.hh_13548 --> GPU_shader_shared_utils.hh_933
+6.34s style GPU_shader_shared_utils.hh_933 fill:#0f0
+6.34s gpu_index_load_infos.hh_567 --> GPU_shader_shared.hh_13548
+6.34s style GPU_shader_shared.hh_13548 fill:#d20
+6.34s overlay_armature_infos.hh_25338 --> gpu_index_load_infos.hh_567
+6.34s style gpu_index_load_infos.hh_567 fill:#0f0
+6.34s overlay_shader_shared.hh_16231 --> GPU_shader_shared_utils.hh_933
+6.34s style GPU_shader_shared_utils.hh_933 fill:#0f0
+6.34s overlay_common_infos.hh_1184 --> overlay_shader_shared.hh_16231
+6.34s style overlay_shader_shared.hh_16231 fill:#f00
+6.34s overlay_common_infos.hh_1184 --> select_shader_shared.hh_773
+6.34s style select_shader_shared.hh_773 fill:#0f0
+6.34s overlay_common_infos.hh_1184 --> select_defines.hh_108
+6.34s style select_defines.hh_108 fill:#0f0
+6.34s overlay_armature_infos.hh_25338 --> overlay_common_infos.hh_1184
+6.34s style overlay_common_infos.hh_1184 fill:#1e0
+6.34s overlay_armature_infos.hh_25338 --> overlay_shader_shared.hh_16231
+6.34s style overlay_shader_shared.hh_16231 fill:#f00
+6.34s overlay_armature_sphere_solid_vert.glsl_1915 --> overlay_armature_infos.hh_25338
+6.34s style overlay_armature_infos.hh_25338 fill:#f00
+6.34s overlay_armature_sphere_solid_vert.glsl_1915 --> draw_view_clipping_lib.glsl_1192
+6.34s style draw_view_clipping_lib.glsl_1192 fill:#1e0
+6.34s draw_view_lib.glsl_3779 --> draw_view_infos.hh_5696
+6.34s style draw_view_infos.hh_5696 fill:#5a0
+6.34s overlay_armature_sphere_solid_vert.glsl_1915 --> draw_view_lib.glsl_3779
+6.34s style draw_view_lib.glsl_3779 fill:#3c0
+6.34s overlay_common_lib.glsl_1652 --> draw_view_lib.glsl_3779
+6.34s style draw_view_lib.glsl_3779 fill:#3c0
+6.34s overlay_armature_sphere_solid_vert.glsl_1915 --> overlay_common_lib.glsl_1652
+6.34s style overlay_common_lib.glsl_1652 fill:#1e0
+6.34s overlay_armature_sphere_solid_vert.glsl_1915 --> select_lib.glsl_1221
+6.34s style select_lib.glsl_1221 fill:#1e0
+6.34s 
+6.34s 00:05.734  gpu.shader.deps  | Resolved Source Tree (Mermaid flowchart) 
+6.34s flowchart LR
+6.34s gpu_shader_compat_glsl.glsl_4944 --> gpu_shader_glsl_extension.glsl_644
+6.34s style gpu_shader_glsl_extension.glsl_644 fill:#0f0
+6.34s 
+6.34s 00:05.735  gpu.shader.deps  | Resolved Source Tree (Mermaid flowchart) overlay_armature_sphere_solid
+6.34s flowchart LR
+6.34s draw_shader_shared.hh_24775 --> GPU_shader_shared_utils.hh_933
+6.34s style GPU_shader_shared_utils.hh_933 fill:#0f0
+6.34s draw_object_infos_infos.hh_3974 --> draw_shader_shared.hh_24775
+6.34s style draw_shader_shared.hh_24775 fill:#f00
+6.34s gpencil_shader_shared.hh_4176 --> GPU_shader_shared_utils.hh_933
+6.34s style GPU_shader_shared_utils.hh_933 fill:#0f0
+6.34s draw_object_infos_infos.hh_3974 --> gpencil_shader_shared.hh_4176
+6.34s style gpencil_shader_shared.hh_4176 fill:#4b0
+6.34s draw_view_infos.hh_5696 --> draw_defines.hh_678
+6.34s style draw_defines.hh_678 fill:#0f0
+6.34s draw_command_shared.hh_1480 --> GPU_shader_shared_utils.hh_933
+6.34s style GPU_shader_shared_utils.hh_933 fill:#0f0
+6.34s draw_view_infos.hh_5696 --> draw_command_shared.hh_1480
+6.34s style draw_command_shared.hh_1480 fill:#1e0
+6.34s draw_view_infos.hh_5696 --> draw_shader_shared.hh_24775
+6.34s style draw_shader_shared.hh_24775 fill:#f00
+6.34s draw_object_infos_infos.hh_3974 --> draw_view_infos.hh_5696
+6.34s style draw_view_infos.hh_5696 fill:#5a0
+6.34s draw_object_infos_infos.hh_3974 --> draw_defines.hh_678
+6.34s style draw_defines.hh_678 fill:#0f0
+6.34s overlay_armature_infos.hh_25338 --> draw_object_infos_infos.hh_3974
+6.34s style draw_object_infos_infos.hh_3974 fill:#3c0
+6.34s overlay_armature_infos.hh_25338 --> draw_view_infos.hh_5696
+6.34s style draw_view_infos.hh_5696 fill:#5a0
+6.34s GPU_shader_shared.hh_13548 --> GPU_shader_shared_utils.hh_933
+6.34s style GPU_shader_shared_utils.hh_933 fill:#0f0
+6.34s gpu_index_load_infos.hh_567 --> GPU_shader_shared.hh_13548
+6.34s style GPU_shader_shared.hh_13548 fill:#d20
+6.35s overlay_armature_infos.hh_25338 --> gpu_index_load_infos.hh_567
+6.35s style gpu_index_load_infos.hh_567 fill:#0f0
+6.35s overlay_shader_shared.hh_16231 --> GPU_shader_shared_utils.hh_933
+6.35s style GPU_shader_shared_utils.hh_933 fill:#0f0
+6.35s overlay_common_infos.hh_1184 --> overlay_shader_shared.hh_16231
+6.35s style overlay_shader_shared.hh_16231 fill:#f00
+6.35s overlay_common_infos.hh_1184 --> select_shader_shared.hh_773
+6.35s style select_shader_shared.hh_773 fill:#0f0
+6.35s overlay_common_infos.hh_1184 --> select_defines.hh_108
+6.35s style select_defines.hh_108 fill:#0f0
+6.35s overlay_armature_infos.hh_25338 --> overlay_common_infos.hh_1184
+6.35s style overlay_common_infos.hh_1184 fill:#1e0
+6.35s overlay_armature_infos.hh_25338 --> overlay_shader_shared.hh_16231
+6.35s style overlay_shader_shared.hh_16231 fill:#f00
+6.35s overlay_armature_sphere_solid_frag.glsl_1801 --> overlay_armature_infos.hh_25338
+6.35s style overlay_armature_infos.hh_25338 fill:#f00
+6.35s draw_view_lib.glsl_3779 --> draw_view_infos.hh_5696
+6.35s style draw_view_infos.hh_5696 fill:#5a0
+6.35s overlay_armature_sphere_solid_frag.glsl_1801 --> draw_view_lib.glsl_3779
+6.35s style draw_view_lib.glsl_3779 fill:#3c0
+6.35s overlay_armature_sphere_solid_frag.glsl_1801 --> select_lib.glsl_1221
+6.35s style select_lib.glsl_1221 fill:#1e0
+6.35s 
+6.35s 00:05.735  gpu.shader.deps  | Resolved Source Tree (Mermaid flowchart) 
+6.35s flowchart LR
+6.35s gpu_shader_compat_glsl.glsl_4944 --> gpu_shader_glsl_extension.glsl_644
+6.35s style gpu_shader_glsl_extension.glsl_644 fill:#0f0
+6.35s 
+6.49s 00:05.883  gpu.shader       | Compiling Shader "overlay_armature_sphere_outline"
+6.49s 00:05.883  gpu.shader.deps  | Resolved Source Tree (Mermaid flowchart) overlay_armature_sphere_outline
+6.49s flowchart LR
+6.49s draw_shader_shared.hh_24775 --> GPU_shader_shared_utils.hh_933
+6.49s style GPU_shader_shared_utils.hh_933 fill:#0f0
+6.49s draw_object_infos_infos.hh_3974 --> draw_shader_shared.hh_24775
+6.49s style draw_shader_shared.hh_24775 fill:#f00
+6.49s gpencil_shader_shared.hh_4176 --> GPU_shader_shared_utils.hh_933
+6.49s style GPU_shader_shared_utils.hh_933 fill:#0f0
+6.49s draw_object_infos_infos.hh_3974 --> gpencil_shader_shared.hh_4176
+6.49s style gpencil_shader_shared.hh_4176 fill:#4b0
+6.49s draw_view_infos.hh_5696 --> draw_defines.hh_678
+6.49s style draw_defines.hh_678 fill:#0f0
+6.49s draw_command_shared.hh_1480 --> GPU_shader_shared_utils.hh_933
+6.49s style GPU_shader_shared_utils.hh_933 fill:#0f0
+6.49s draw_view_infos.hh_5696 --> draw_command_shared.hh_1480
+6.49s style draw_command_shared.hh_1480 fill:#1e0
+6.49s draw_view_infos.hh_5696 --> draw_shader_shared.hh_24775
+6.49s style draw_shader_shared.hh_24775 fill:#f00
+6.49s draw_object_infos_infos.hh_3974 --> draw_view_infos.hh_5696
+6.49s style draw_view_infos.hh_5696 fill:#5a0
+6.49s draw_object_infos_infos.hh_3974 --> draw_defines.hh_678
+6.49s style draw_defines.hh_678 fill:#0f0
+6.49s overlay_armature_infos.hh_25338 --> draw_object_infos_infos.hh_3974
+6.49s style draw_object_infos_infos.hh_3974 fill:#3c0
+6.49s overlay_armature_infos.hh_25338 --> draw_view_infos.hh_5696
+6.49s style draw_view_infos.hh_5696 fill:#5a0
+6.49s GPU_shader_shared.hh_13548 --> GPU_shader_shared_utils.hh_933
+6.49s style GPU_shader_shared_utils.hh_933 fill:#0f0
+6.49s gpu_index_load_infos.hh_567 --> GPU_shader_shared.hh_13548
+6.49s style GPU_shader_shared.hh_13548 fill:#d20
+6.49s overlay_armature_infos.hh_25338 --> gpu_index_load_infos.hh_567
+6.49s style gpu_index_load_infos.hh_567 fill:#0f0
+6.49s overlay_shader_shared.hh_16231 --> GPU_shader_shared_utils.hh_933
+6.49s style GPU_shader_shared_utils.hh_933 fill:#0f0
+6.49s overlay_common_infos.hh_1184 --> overlay_shader_shared.hh_16231
+6.49s style overlay_shader_shared.hh_16231 fill:#f00
+6.49s overlay_common_infos.hh_1184 --> select_shader_shared.hh_773
+6.49s style select_shader_shared.hh_773 fill:#0f0
+6.49s overlay_common_infos.hh_1184 --> select_defines.hh_108
+6.49s style select_defines.hh_108 fill:#0f0
+6.49s overlay_armature_infos.hh_25338 --> overlay_common_infos.hh_1184
+6.49s style overlay_common_infos.hh_1184 fill:#1e0
+6.49s overlay_armature_infos.hh_25338 --> overlay_shader_shared.hh_16231
+6.49s style overlay_shader_shared.hh_16231 fill:#f00
+6.49s overlay_armature_sphere_outline_vert.glsl_1929 --> overlay_armature_infos.hh_25338
+6.49s style overlay_armature_infos.hh_25338 fill:#f00
+6.49s overlay_armature_sphere_outline_vert.glsl_1929 --> draw_view_clipping_lib.glsl_1192
+6.49s style draw_view_clipping_lib.glsl_1192 fill:#1e0
+6.49s draw_view_lib.glsl_3779 --> draw_view_infos.hh_5696
+6.49s style draw_view_infos.hh_5696 fill:#5a0
+6.49s overlay_armature_sphere_outline_vert.glsl_1929 --> draw_view_lib.glsl_3779
+6.49s style draw_view_lib.glsl_3779 fill:#3c0
+6.49s overlay_common_lib.glsl_1652 --> draw_view_lib.glsl_3779
+6.49s style draw_view_lib.glsl_3779 fill:#3c0
+6.49s overlay_armature_sphere_outline_vert.glsl_1929 --> overlay_common_lib.glsl_1652
+6.49s style overlay_common_lib.glsl_1652 fill:#1e0
+6.49s overlay_armature_sphere_outline_vert.glsl_1929 --> select_lib.glsl_1221
+6.49s style select_lib.glsl_1221 fill:#1e0
+6.49s 
+6.49s 00:05.883  gpu.shader.deps  | Resolved Source Tree (Mermaid flowchart) 
+6.49s flowchart LR
+6.49s gpu_shader_compat_glsl.glsl_4944 --> gpu_shader_glsl_extension.glsl_644
+6.49s style gpu_shader_glsl_extension.glsl_644 fill:#0f0
+6.49s 
+6.49s 00:05.884  gpu.shader.deps  | Resolved Source Tree (Mermaid flowchart) overlay_armature_sphere_outline
+6.49s flowchart LR
+6.49s draw_shader_shared.hh_24775 --> GPU_shader_shared_utils.hh_933
+6.49s style GPU_shader_shared_utils.hh_933 fill:#0f0
+6.49s draw_object_infos_infos.hh_3974 --> draw_shader_shared.hh_24775
+6.49s style draw_shader_shared.hh_24775 fill:#f00
+6.49s gpencil_shader_shared.hh_4176 --> GPU_shader_shared_utils.hh_933
+6.49s style GPU_shader_shared_utils.hh_933 fill:#0f0
+6.49s draw_object_infos_infos.hh_3974 --> gpencil_shader_shared.hh_4176
+6.49s style gpencil_shader_shared.hh_4176 fill:#4b0
+6.49s draw_view_infos.hh_5696 --> draw_defines.hh_678
+6.49s style draw_defines.hh_678 fill:#0f0
+6.49s draw_command_shared.hh_1480 --> GPU_shader_shared_utils.hh_933
+6.49s style GPU_shader_shared_utils.hh_933 fill:#0f0
+6.49s draw_view_infos.hh_5696 --> draw_command_shared.hh_1480
+6.49s style draw_command_shared.hh_1480 fill:#1e0
+6.49s draw_view_infos.hh_5696 --> draw_shader_shared.hh_24775
+6.49s style draw_shader_shared.hh_24775 fill:#f00
+6.49s draw_object_infos_infos.hh_3974 --> draw_view_infos.hh_5696
+6.49s style draw_view_infos.hh_5696 fill:#5a0
+6.49s draw_object_infos_infos.hh_3974 --> draw_defines.hh_678
+6.49s style draw_defines.hh_678 fill:#0f0
+6.49s overlay_armature_infos.hh_25338 --> draw_object_infos_infos.hh_3974
+6.49s style draw_object_infos_infos.hh_3974 fill:#3c0
+6.49s overlay_armature_infos.hh_25338 --> draw_view_infos.hh_5696
+6.49s style draw_view_infos.hh_5696 fill:#5a0
+6.49s GPU_shader_shared.hh_13548 --> GPU_shader_shared_utils.hh_933
+6.49s style GPU_shader_shared_utils.hh_933 fill:#0f0
+6.49s gpu_index_load_infos.hh_567 --> GPU_shader_shared.hh_13548
+6.49s style GPU_shader_shared.hh_13548 fill:#d20
+6.49s overlay_armature_infos.hh_25338 --> gpu_index_load_infos.hh_567
+6.49s style gpu_index_load_infos.hh_567 fill:#0f0
+6.49s overlay_shader_shared.hh_16231 --> GPU_shader_shared_utils.hh_933
+6.49s style GPU_shader_shared_utils.hh_933 fill:#0f0
+6.49s overlay_common_infos.hh_1184 --> overlay_shader_shared.hh_16231
+6.49s style overlay_shader_shared.hh_16231 fill:#f00
+6.49s overlay_common_infos.hh_1184 --> select_shader_shared.hh_773
+6.49s style select_shader_shared.hh_773 fill:#0f0
+6.49s overlay_common_infos.hh_1184 --> select_defines.hh_108
+6.49s style select_defines.hh_108 fill:#0f0
+6.49s overlay_armature_infos.hh_25338 --> overlay_common_infos.hh_1184
+6.49s style overlay_common_infos.hh_1184 fill:#1e0
+6.49s overlay_armature_infos.hh_25338 --> overlay_shader_shared.hh_16231
+6.49s style overlay_shader_shared.hh_16231 fill:#f00
+6.49s overlay_armature_wire_frag.glsl_293 --> overlay_armature_infos.hh_25338
+6.49s style overlay_armature_infos.hh_25338 fill:#f00
+6.49s draw_view_lib.glsl_3779 --> draw_view_infos.hh_5696
+6.49s style draw_view_infos.hh_5696 fill:#5a0
+6.49s overlay_common_lib.glsl_1652 --> draw_view_lib.glsl_3779
+6.49s style draw_view_lib.glsl_3779 fill:#3c0
+6.49s overlay_armature_wire_frag.glsl_293 --> overlay_common_lib.glsl_1652
+6.49s style overlay_common_lib.glsl_1652 fill:#1e0
+6.49s overlay_armature_wire_frag.glsl_293 --> select_lib.glsl_1221
+6.49s style select_lib.glsl_1221 fill:#1e0
+6.49s 
+6.49s 00:05.885  gpu.shader.deps  | Resolved Source Tree (Mermaid flowchart) 
+6.49s flowchart LR
+6.49s gpu_shader_compat_glsl.glsl_4944 --> gpu_shader_glsl_extension.glsl_644
+6.49s style gpu_shader_glsl_extension.glsl_644 fill:#0f0
+6.49s 
+6.64s 00:06.036  gpu.shader       | Compiling Shader "overlay_armature_stick"
+6.64s 00:06.036  gpu.shader.deps  | Resolved Source Tree (Mermaid flowchart) overlay_armature_stick
+6.64s flowchart LR
+6.64s draw_shader_shared.hh_24775 --> GPU_shader_shared_utils.hh_933
+6.64s style GPU_shader_shared_utils.hh_933 fill:#0f0
+6.64s draw_object_infos_infos.hh_3974 --> draw_shader_shared.hh_24775
+6.64s style draw_shader_shared.hh_24775 fill:#f00
+6.64s gpencil_shader_shared.hh_4176 --> GPU_shader_shared_utils.hh_933
+6.64s style GPU_shader_shared_utils.hh_933 fill:#0f0
+6.65s draw_object_infos_infos.hh_3974 --> gpencil_shader_shared.hh_4176
+6.65s style gpencil_shader_shared.hh_4176 fill:#4b0
+6.65s draw_view_infos.hh_5696 --> draw_defines.hh_678
+6.65s style draw_defines.hh_678 fill:#0f0
+6.65s draw_command_shared.hh_1480 --> GPU_shader_shared_utils.hh_933
+6.65s style GPU_shader_shared_utils.hh_933 fill:#0f0
+6.65s draw_view_infos.hh_5696 --> draw_command_shared.hh_1480
+6.65s style draw_command_shared.hh_1480 fill:#1e0
+6.65s draw_view_infos.hh_5696 --> draw_shader_shared.hh_24775
+6.65s style draw_shader_shared.hh_24775 fill:#f00
+6.65s draw_object_infos_infos.hh_3974 --> draw_view_infos.hh_5696
+6.65s style draw_view_infos.hh_5696 fill:#5a0
+6.65s draw_object_infos_infos.hh_3974 --> draw_defines.hh_678
+6.65s style draw_defines.hh_678 fill:#0f0
+6.65s overlay_armature_infos.hh_25338 --> draw_object_infos_infos.hh_3974
+6.65s style draw_object_infos_infos.hh_3974 fill:#3c0
+6.65s overlay_armature_infos.hh_25338 --> draw_view_infos.hh_5696
+6.65s style draw_view_infos.hh_5696 fill:#5a0
+6.65s GPU_shader_shared.hh_13548 --> GPU_shader_shared_utils.hh_933
+6.65s style GPU_shader_shared_utils.hh_933 fill:#0f0
+6.65s gpu_index_load_infos.hh_567 --> GPU_shader_shared.hh_13548
+6.65s style GPU_shader_shared.hh_13548 fill:#d20
+6.65s overlay_armature_infos.hh_25338 --> gpu_index_load_infos.hh_567
+6.65s style gpu_index_load_infos.hh_567 fill:#0f0
+6.65s overlay_shader_shared.hh_16231 --> GPU_shader_shared_utils.hh_933
+6.65s style GPU_shader_shared_utils.hh_933 fill:#0f0
+6.65s overlay_common_infos.hh_1184 --> overlay_shader_shared.hh_16231
+6.65s style overlay_shader_shared.hh_16231 fill:#f00
+6.65s overlay_common_infos.hh_1184 --> select_shader_shared.hh_773
+6.65s style select_shader_shared.hh_773 fill:#0f0
+6.65s overlay_common_infos.hh_1184 --> select_defines.hh_108
+6.65s style select_defines.hh_108 fill:#0f0
+6.65s overlay_armature_infos.hh_25338 --> overlay_common_infos.hh_1184
+6.65s style overlay_common_infos.hh_1184 fill:#1e0
+6.65s overlay_armature_infos.hh_25338 --> overlay_shader_shared.hh_16231
+6.65s style overlay_shader_shared.hh_16231 fill:#f00
+6.65s overlay_armature_stick_vert.glsl_2499 --> overlay_armature_infos.hh_25338
+6.65s style overlay_armature_infos.hh_25338 fill:#f00
+6.65s draw_model_lib.glsl_2881 --> draw_view_infos.hh_5696
+6.65s style draw_view_infos.hh_5696 fill:#5a0
+6.65s draw_view_lib.glsl_3779 --> draw_view_infos.hh_5696
+6.65s style draw_view_infos.hh_5696 fill:#5a0
+6.65s draw_model_lib.glsl_2881 --> draw_view_lib.glsl_3779
+6.65s style draw_view_lib.glsl_3779 fill:#3c0
+6.65s overlay_armature_stick_vert.glsl_2499 --> draw_model_lib.glsl_2881
+6.65s style draw_model_lib.glsl_2881 fill:#2d0
+6.65s overlay_armature_stick_vert.glsl_2499 --> draw_view_clipping_lib.glsl_1192
+6.65s style draw_view_clipping_lib.glsl_1192 fill:#1e0
+6.65s overlay_armature_stick_vert.glsl_2499 --> draw_view_lib.glsl_3779
+6.65s style draw_view_lib.glsl_3779 fill:#3c0
+6.65s overlay_armature_stick_vert.glsl_2499 --> gpu_shader_utildefines_lib.glsl_3296
+6.65s style gpu_shader_utildefines_lib.glsl_3296 fill:#3c0
+6.65s overlay_armature_stick_vert.glsl_2499 --> select_lib.glsl_1221
+6.65s style select_lib.glsl_1221 fill:#1e0
+6.65s 
+6.65s 00:06.037  gpu.shader.deps  | Resolved Source Tree (Mermaid flowchart) 
+6.65s flowchart LR
+6.65s gpu_shader_compat_glsl.glsl_4944 --> gpu_shader_glsl_extension.glsl_644
+6.65s style gpu_shader_glsl_extension.glsl_644 fill:#0f0
+6.65s 
+6.65s 00:06.038  gpu.shader.deps  | Resolved Source Tree (Mermaid flowchart) overlay_armature_stick
+6.65s flowchart LR
+6.65s draw_shader_shared.hh_24775 --> GPU_shader_shared_utils.hh_933
+6.65s style GPU_shader_shared_utils.hh_933 fill:#0f0
+6.65s draw_object_infos_infos.hh_3974 --> draw_shader_shared.hh_24775
+6.65s style draw_shader_shared.hh_24775 fill:#f00
+6.65s gpencil_shader_shared.hh_4176 --> GPU_shader_shared_utils.hh_933
+6.65s style GPU_shader_shared_utils.hh_933 fill:#0f0
+6.65s draw_object_infos_infos.hh_3974 --> gpencil_shader_shared.hh_4176
+6.65s style gpencil_shader_shared.hh_4176 fill:#4b0
+6.65s draw_view_infos.hh_5696 --> draw_defines.hh_678
+6.65s style draw_defines.hh_678 fill:#0f0
+6.65s draw_command_shared.hh_1480 --> GPU_shader_shared_utils.hh_933
+6.65s style GPU_shader_shared_utils.hh_933 fill:#0f0
+6.65s draw_view_infos.hh_5696 --> draw_command_shared.hh_1480
+6.65s style draw_command_shared.hh_1480 fill:#1e0
+6.65s draw_view_infos.hh_5696 --> draw_shader_shared.hh_24775
+6.65s style draw_shader_shared.hh_24775 fill:#f00
+6.65s draw_object_infos_infos.hh_3974 --> draw_view_infos.hh_5696
+6.65s style draw_view_infos.hh_5696 fill:#5a0
+6.65s draw_object_infos_infos.hh_3974 --> draw_defines.hh_678
+6.65s style draw_defines.hh_678 fill:#0f0
+6.65s overlay_armature_infos.hh_25338 --> draw_object_infos_infos.hh_3974
+6.65s style draw_object_infos_infos.hh_3974 fill:#3c0
+6.65s overlay_armature_infos.hh_25338 --> draw_view_infos.hh_5696
+6.65s style draw_view_infos.hh_5696 fill:#5a0
+6.65s GPU_shader_shared.hh_13548 --> GPU_shader_shared_utils.hh_933
+6.65s style GPU_shader_shared_utils.hh_933 fill:#0f0
+6.65s gpu_index_load_infos.hh_567 --> GPU_shader_shared.hh_13548
+6.65s style GPU_shader_shared.hh_13548 fill:#d20
+6.65s overlay_armature_infos.hh_25338 --> gpu_index_load_infos.hh_567
+6.65s style gpu_index_load_infos.hh_567 fill:#0f0
+6.65s overlay_shader_shared.hh_16231 --> GPU_shader_shared_utils.hh_933
+6.65s style GPU_shader_shared_utils.hh_933 fill:#0f0
+6.65s overlay_common_infos.hh_1184 --> overlay_shader_shared.hh_16231
+6.65s style overlay_shader_shared.hh_16231 fill:#f00
+6.65s overlay_common_infos.hh_1184 --> select_shader_shared.hh_773
+6.65s style select_shader_shared.hh_773 fill:#0f0
+6.65s overlay_common_infos.hh_1184 --> select_defines.hh_108
+6.65s style select_defines.hh_108 fill:#0f0
+6.65s overlay_armature_infos.hh_25338 --> overlay_common_infos.hh_1184
+6.65s style overlay_common_infos.hh_1184 fill:#1e0
+6.65s overlay_armature_infos.hh_25338 --> overlay_shader_shared.hh_16231
+6.65s style overlay_shader_shared.hh_16231 fill:#f00
+6.65s overlay_armature_stick_frag.glsl_338 --> overlay_armature_infos.hh_25338
+6.65s style overlay_armature_infos.hh_25338 fill:#f00
+6.65s overlay_armature_stick_frag.glsl_338 --> select_lib.glsl_1221
+6.65s style select_lib.glsl_1221 fill:#1e0
+6.65s 
+6.65s 00:06.038  gpu.shader.deps  | Resolved Source Tree (Mermaid flowchart) 
+6.65s flowchart LR
+6.65s gpu_shader_compat_glsl.glsl_4944 --> gpu_shader_glsl_extension.glsl_644
+6.65s style gpu_shader_glsl_extension.glsl_644 fill:#0f0
+6.65s 
+6.79s 00:06.186  gpu.shader       | Compiling Shader "overlay_armature_wire"
+6.79s 00:06.187  gpu.shader.deps  | Resolved Source Tree (Mermaid flowchart) overlay_armature_wire
+6.79s flowchart LR
+6.79s draw_shader_shared.hh_24775 --> GPU_shader_shared_utils.hh_933
+6.79s style GPU_shader_shared_utils.hh_933 fill:#0f0
+6.79s draw_object_infos_infos.hh_3974 --> draw_shader_shared.hh_24775
+6.80s style draw_shader_shared.hh_24775 fill:#f00
+6.80s gpencil_shader_shared.hh_4176 --> GPU_shader_shared_utils.hh_933
+6.80s style GPU_shader_shared_utils.hh_933 fill:#0f0
+6.80s draw_object_infos_infos.hh_3974 --> gpencil_shader_shared.hh_4176
+6.80s style gpencil_shader_shared.hh_4176 fill:#4b0
+6.80s draw_view_infos.hh_5696 --> draw_defines.hh_678
+6.80s style draw_defines.hh_678 fill:#0f0
+6.80s draw_command_shared.hh_1480 --> GPU_shader_shared_utils.hh_933
+6.80s style GPU_shader_shared_utils.hh_933 fill:#0f0
+6.80s draw_view_infos.hh_5696 --> draw_command_shared.hh_1480
+6.80s style draw_command_shared.hh_1480 fill:#1e0
+6.80s draw_view_infos.hh_5696 --> draw_shader_shared.hh_24775
+6.80s style draw_shader_shared.hh_24775 fill:#f00
+6.80s draw_object_infos_infos.hh_3974 --> draw_view_infos.hh_5696
+6.80s style draw_view_infos.hh_5696 fill:#5a0
+6.80s draw_object_infos_infos.hh_3974 --> draw_defines.hh_678
+6.80s style draw_defines.hh_678 fill:#0f0
+6.80s overlay_armature_infos.hh_25338 --> draw_object_infos_infos.hh_3974
+6.80s style draw_object_infos_infos.hh_3974 fill:#3c0
+6.80s overlay_armature_infos.hh_25338 --> draw_view_infos.hh_5696
+6.80s style draw_view_infos.hh_5696 fill:#5a0
+6.80s GPU_shader_shared.hh_13548 --> GPU_shader_shared_utils.hh_933
+6.80s style GPU_shader_shared_utils.hh_933 fill:#0f0
+6.80s gpu_index_load_infos.hh_567 --> GPU_shader_shared.hh_13548
+6.80s style GPU_shader_shared.hh_13548 fill:#d20
+6.80s overlay_armature_infos.hh_25338 --> gpu_index_load_infos.hh_567
+6.80s style gpu_index_load_infos.hh_567 fill:#0f0
+6.80s overlay_shader_shared.hh_16231 --> GPU_shader_shared_utils.hh_933
+6.80s style GPU_shader_shared_utils.hh_933 fill:#0f0
+6.80s overlay_common_infos.hh_1184 --> overlay_shader_shared.hh_16231
+6.80s style overlay_shader_shared.hh_16231 fill:#f00
+6.80s overlay_common_infos.hh_1184 --> select_shader_shared.hh_773
+6.80s style select_shader_shared.hh_773 fill:#0f0
+6.80s overlay_common_infos.hh_1184 --> select_defines.hh_108
+6.80s style select_defines.hh_108 fill:#0f0
+6.80s overlay_armature_infos.hh_25338 --> overlay_common_infos.hh_1184
+6.80s style overlay_common_infos.hh_1184 fill:#1e0
+6.80s overlay_armature_infos.hh_25338 --> overlay_shader_shared.hh_16231
+6.80s style overlay_shader_shared.hh_16231 fill:#f00
+6.80s overlay_armature_wire_vert.glsl_536 --> overlay_armature_infos.hh_25338
+6.80s style overlay_armature_infos.hh_25338 fill:#f00
+6.80s draw_model_lib.glsl_2881 --> draw_view_infos.hh_5696
+6.80s style draw_view_infos.hh_5696 fill:#5a0
+6.80s draw_view_lib.glsl_3779 --> draw_view_infos.hh_5696
+6.80s style draw_view_infos.hh_5696 fill:#5a0
+6.80s draw_model_lib.glsl_2881 --> draw_view_lib.glsl_3779
+6.80s style draw_view_lib.glsl_3779 fill:#3c0
+6.80s overlay_armature_wire_vert.glsl_536 --> draw_model_lib.glsl_2881
+6.80s style draw_model_lib.glsl_2881 fill:#2d0
+6.80s overlay_armature_wire_vert.glsl_536 --> draw_view_clipping_lib.glsl_1192
+6.80s style draw_view_clipping_lib.glsl_1192 fill:#1e0
+6.80s overlay_armature_wire_vert.glsl_536 --> draw_view_lib.glsl_3779
+6.80s style draw_view_lib.glsl_3779 fill:#3c0
+6.80s overlay_armature_wire_vert.glsl_536 --> select_lib.glsl_1221
+6.80s style select_lib.glsl_1221 fill:#1e0
+6.80s 
+6.80s 00:06.187  gpu.shader.deps  | Resolved Source Tree (Mermaid flowchart) 
+6.80s flowchart LR
+6.80s gpu_shader_compat_glsl.glsl_4944 --> gpu_shader_glsl_extension.glsl_644
+6.80s style gpu_shader_glsl_extension.glsl_644 fill:#0f0
+6.80s 
+6.80s 00:06.188  gpu.shader.deps  | Resolved Source Tree (Mermaid flowchart) overlay_armature_wire
+6.80s flowchart LR
+6.80s draw_shader_shared.hh_24775 --> GPU_shader_shared_utils.hh_933
+6.80s style GPU_shader_shared_utils.hh_933 fill:#0f0
+6.80s draw_object_infos_infos.hh_3974 --> draw_shader_shared.hh_24775
+6.80s style draw_shader_shared.hh_24775 fill:#f00
+6.80s gpencil_shader_shared.hh_4176 --> GPU_shader_shared_utils.hh_933
+6.80s style GPU_shader_shared_utils.hh_933 fill:#0f0
+6.80s draw_object_infos_infos.hh_3974 --> gpencil_shader_shared.hh_4176
+6.80s style gpencil_shader_shared.hh_4176 fill:#4b0
+6.80s draw_view_infos.hh_5696 --> draw_defines.hh_678
+6.80s style draw_defines.hh_678 fill:#0f0
+6.80s draw_command_shared.hh_1480 --> GPU_shader_shared_utils.hh_933
+6.80s style GPU_shader_shared_utils.hh_933 fill:#0f0
+6.80s draw_view_infos.hh_5696 --> draw_command_shared.hh_1480
+6.80s style draw_command_shared.hh_1480 fill:#1e0
+6.80s draw_view_infos.hh_5696 --> draw_shader_shared.hh_24775
+6.80s style draw_shader_shared.hh_24775 fill:#f00
+6.80s draw_object_infos_infos.hh_3974 --> draw_view_infos.hh_5696
+6.80s style draw_view_infos.hh_5696 fill:#5a0
+6.80s draw_object_infos_infos.hh_3974 --> draw_defines.hh_678
+6.80s style draw_defines.hh_678 fill:#0f0
+6.80s overlay_armature_infos.hh_25338 --> draw_object_infos_infos.hh_3974
+6.80s style draw_object_infos_infos.hh_3974 fill:#3c0
+6.80s overlay_armature_infos.hh_25338 --> draw_view_infos.hh_5696
+6.80s style draw_view_infos.hh_5696 fill:#5a0
+6.80s GPU_shader_shared.hh_13548 --> GPU_shader_shared_utils.hh_933
+6.80s style GPU_shader_shared_utils.hh_933 fill:#0f0
+6.80s gpu_index_load_infos.hh_567 --> GPU_shader_shared.hh_13548
+6.80s style GPU_shader_shared.hh_13548 fill:#d20
+6.80s overlay_armature_infos.hh_25338 --> gpu_index_load_infos.hh_567
+6.80s style gpu_index_load_infos.hh_567 fill:#0f0
+6.80s overlay_shader_shared.hh_16231 --> GPU_shader_shared_utils.hh_933
+6.80s style GPU_shader_shared_utils.hh_933 fill:#0f0
+6.80s overlay_common_infos.hh_1184 --> overlay_shader_shared.hh_16231
+6.80s style overlay_shader_shared.hh_16231 fill:#f00
+6.80s overlay_common_infos.hh_1184 --> select_shader_shared.hh_773
+6.80s style select_shader_shared.hh_773 fill:#0f0
+6.80s overlay_common_infos.hh_1184 --> select_defines.hh_108
+6.80s style select_defines.hh_108 fill:#0f0
+6.80s overlay_armature_infos.hh_25338 --> overlay_common_infos.hh_1184
+6.80s style overlay_common_infos.hh_1184 fill:#1e0
+6.80s overlay_armature_infos.hh_25338 --> overlay_shader_shared.hh_16231
+6.80s style overlay_shader_shared.hh_16231 fill:#f00
+6.80s overlay_armature_wire_frag.glsl_293 --> overlay_armature_infos.hh_25338
+6.80s style overlay_armature_infos.hh_25338 fill:#f00
+6.80s draw_view_lib.glsl_3779 --> draw_view_infos.hh_5696
+6.80s style draw_view_infos.hh_5696 fill:#5a0
+6.80s overlay_common_lib.glsl_1652 --> draw_view_lib.glsl_3779
+6.80s style draw_view_lib.glsl_3779 fill:#3c0
+6.80s overlay_armature_wire_frag.glsl_293 --> overlay_common_lib.glsl_1652
+6.80s style overlay_common_lib.glsl_1652 fill:#1e0
+6.80s overlay_armature_wire_frag.glsl_293 --> select_lib.glsl_1221
+6.80s style select_lib.glsl_1221 fill:#1e0
+6.80s 
+6.80s 00:06.188  gpu.shader.deps  | Resolved Source Tree (Mermaid flowchart) 
+6.80s flowchart LR
+6.80s gpu_shader_compat_glsl.glsl_4944 --> gpu_shader_glsl_extension.glsl_644
+6.80s style gpu_shader_glsl_extension.glsl_644 fill:#0f0
+6.80s 
+6.94s 00:06.333  gpu.shader       | Compiling Shader "overlay_viewer_attribute_curve"
+6.94s 00:06.333  gpu.shader.deps  | Resolved Source Tree (Mermaid flowchart) overlay_viewer_attribute_curve
+6.94s flowchart LR
+6.94s draw_shader_shared.hh_24775 --> GPU_shader_shared_utils.hh_933
+6.94s style GPU_shader_shared_utils.hh_933 fill:#0f0
+6.94s draw_object_infos_infos.hh_3974 --> draw_shader_shared.hh_24775
+6.94s style draw_shader_shared.hh_24775 fill:#f00
+6.94s gpencil_shader_shared.hh_4176 --> GPU_shader_shared_utils.hh_933
+6.94s style GPU_shader_shared_utils.hh_933 fill:#0f0
+6.94s draw_object_infos_infos.hh_3974 --> gpencil_shader_shared.hh_4176
+6.94s style gpencil_shader_shared.hh_4176 fill:#4b0
+6.94s draw_view_infos.hh_5696 --> draw_defines.hh_678
+6.94s style draw_defines.hh_678 fill:#0f0
+6.94s draw_command_shared.hh_1480 --> GPU_shader_shared_utils.hh_933
+6.94s style GPU_shader_shared_utils.hh_933 fill:#0f0
+6.94s draw_view_infos.hh_5696 --> draw_command_shared.hh_1480
+6.94s style draw_command_shared.hh_1480 fill:#1e0
+6.94s draw_view_infos.hh_5696 --> draw_shader_shared.hh_24775
+6.94s style draw_shader_shared.hh_24775 fill:#f00
+6.94s draw_object_infos_infos.hh_3974 --> draw_view_infos.hh_5696
+6.94s style draw_view_infos.hh_5696 fill:#5a0
+6.94s draw_object_infos_infos.hh_3974 --> draw_defines.hh_678
+6.94s style draw_defines.hh_678 fill:#0f0
+6.94s overlay_viewer_attribute_infos.hh_5047 --> draw_object_infos_infos.hh_3974
+6.94s style draw_object_infos_infos.hh_3974 fill:#3c0
+6.94s overlay_viewer_attribute_infos.hh_5047 --> draw_view_infos.hh_5696
+6.94s style draw_view_infos.hh_5696 fill:#5a0
+6.94s overlay_shader_shared.hh_16231 --> GPU_shader_shared_utils.hh_933
+6.94s style GPU_shader_shared_utils.hh_933 fill:#0f0
+6.94s overlay_common_infos.hh_1184 --> overlay_shader_shared.hh_16231
+6.94s style overlay_shader_shared.hh_16231 fill:#f00
+6.94s overlay_common_infos.hh_1184 --> select_shader_shared.hh_773
+6.94s style select_shader_shared.hh_773 fill:#0f0
+6.94s overlay_common_infos.hh_1184 --> select_defines.hh_108
+6.94s style select_defines.hh_108 fill:#0f0
+6.94s overlay_viewer_attribute_infos.hh_5047 --> overlay_common_infos.hh_1184
+6.94s style overlay_common_infos.hh_1184 fill:#1e0
+6.94s overlay_viewer_attribute_curve_vert.glsl_288 --> overlay_viewer_attribute_infos.hh_5047
+6.94s style overlay_viewer_attribute_infos.hh_5047 fill:#5a0
+6.94s draw_model_lib.glsl_2881 --> draw_view_infos.hh_5696
+6.94s style draw_view_infos.hh_5696 fill:#5a0
+6.94s draw_view_lib.glsl_3779 --> draw_view_infos.hh_5696
+6.94s style draw_view_infos.hh_5696 fill:#5a0
+6.94s draw_model_lib.glsl_2881 --> draw_view_lib.glsl_3779
+6.94s style draw_view_lib.glsl_3779 fill:#3c0
+6.94s overlay_viewer_attribute_curve_vert.glsl_288 --> draw_model_lib.glsl_2881
+6.94s style draw_model_lib.glsl_2881 fill:#2d0
+6.94s overlay_viewer_attribute_curve_vert.glsl_288 --> draw_view_clipping_lib.glsl_1192
+6.94s style draw_view_clipping_lib.glsl_1192 fill:#1e0
+6.94s overlay_viewer_attribute_curve_vert.glsl_288 --> draw_view_lib.glsl_3779
+6.94s style draw_view_lib.glsl_3779 fill:#3c0
+6.94s 
+6.94s 00:06.333  gpu.shader.deps  | Resolved Source Tree (Mermaid flowchart) 
+6.94s flowchart LR
+6.94s gpu_shader_compat_glsl.glsl_4944 --> gpu_shader_glsl_extension.glsl_644
+6.94s style gpu_shader_glsl_extension.glsl_644 fill:#0f0
+6.94s 
+6.94s 00:06.334  gpu.shader.deps  | Resolved Source Tree (Mermaid flowchart) overlay_viewer_attribute_curve
+6.94s flowchart LR
+6.94s draw_shader_shared.hh_24775 --> GPU_shader_shared_utils.hh_933
+6.94s style GPU_shader_shared_utils.hh_933 fill:#0f0
+6.94s draw_object_infos_infos.hh_3974 --> draw_shader_shared.hh_24775
+6.94s style draw_shader_shared.hh_24775 fill:#f00
+6.94s gpencil_shader_shared.hh_4176 --> GPU_shader_shared_utils.hh_933
+6.94s style GPU_shader_shared_utils.hh_933 fill:#0f0
+6.94s draw_object_infos_infos.hh_3974 --> gpencil_shader_shared.hh_4176
+6.94s style gpencil_shader_shared.hh_4176 fill:#4b0
+6.94s draw_view_infos.hh_5696 --> draw_defines.hh_678
+6.94s style draw_defines.hh_678 fill:#0f0
+6.94s draw_command_shared.hh_1480 --> GPU_shader_shared_utils.hh_933
+6.94s style GPU_shader_shared_utils.hh_933 fill:#0f0
+6.94s draw_view_infos.hh_5696 --> draw_command_shared.hh_1480
+6.94s style draw_command_shared.hh_1480 fill:#1e0
+6.94s draw_view_infos.hh_5696 --> draw_shader_shared.hh_24775
+6.94s style draw_shader_shared.hh_24775 fill:#f00
+6.94s draw_object_infos_infos.hh_3974 --> draw_view_infos.hh_5696
+6.94s style draw_view_infos.hh_5696 fill:#5a0
+6.94s draw_object_infos_infos.hh_3974 --> draw_defines.hh_678
+6.94s style draw_defines.hh_678 fill:#0f0
+6.94s overlay_viewer_attribute_infos.hh_5047 --> draw_object_infos_infos.hh_3974
+6.94s style draw_object_infos_infos.hh_3974 fill:#3c0
+6.94s overlay_viewer_attribute_infos.hh_5047 --> draw_view_infos.hh_5696
+6.94s style draw_view_infos.hh_5696 fill:#5a0
+6.94s overlay_shader_shared.hh_16231 --> GPU_shader_shared_utils.hh_933
+6.94s style GPU_shader_shared_utils.hh_933 fill:#0f0
+6.94s overlay_common_infos.hh_1184 --> overlay_shader_shared.hh_16231
+6.94s style overlay_shader_shared.hh_16231 fill:#f00
+6.94s overlay_common_infos.hh_1184 --> select_shader_shared.hh_773
+6.94s style select_shader_shared.hh_773 fill:#0f0
+6.94s overlay_common_infos.hh_1184 --> select_defines.hh_108
+6.94s style select_defines.hh_108 fill:#0f0
+6.94s overlay_viewer_attribute_infos.hh_5047 --> overlay_common_infos.hh_1184
+6.94s style overlay_common_infos.hh_1184 fill:#1e0
+6.94s overlay_viewer_attribute_frag.glsl_221 --> overlay_viewer_attribute_infos.hh_5047
+6.94s style overlay_viewer_attribute_infos.hh_5047 fill:#5a0
+6.94s 
+6.94s 00:06.334  gpu.shader.deps  | Resolved Source Tree (Mermaid flowchart) 
+6.94s flowchart LR
+6.94s gpu_shader_compat_glsl.glsl_4944 --> gpu_shader_glsl_extension.glsl_644
+6.94s style gpu_shader_glsl_extension.glsl_644 fill:#0f0
+6.94s 
+7.08s 00:06.470  gpu.shader       | Compiling Shader "overlay_viewer_attribute_curves"
+7.08s 00:06.470  gpu.shader.deps  | Resolved Source Tree (Mermaid flowchart) overlay_viewer_attribute_curves
+7.08s flowchart LR
+7.08s draw_shader_shared.hh_24775 --> GPU_shader_shared_utils.hh_933
+7.08s style GPU_shader_shared_utils.hh_933 fill:#0f0
+7.08s draw_object_infos_infos.hh_3974 --> draw_shader_shared.hh_24775
+7.08s style draw_shader_shared.hh_24775 fill:#f00
+7.08s gpencil_shader_shared.hh_4176 --> GPU_shader_shared_utils.hh_933
+7.08s style GPU_shader_shared_utils.hh_933 fill:#0f0
+7.08s draw_object_infos_infos.hh_3974 --> gpencil_shader_shared.hh_4176
+7.08s style gpencil_shader_shared.hh_4176 fill:#4b0
+7.08s draw_view_infos.hh_5696 --> draw_defines.hh_678
+7.08s style draw_defines.hh_678 fill:#0f0
+7.08s draw_command_shared.hh_1480 --> GPU_shader_shared_utils.hh_933
+7.08s style GPU_shader_shared_utils.hh_933 fill:#0f0
+7.08s draw_view_infos.hh_5696 --> draw_command_shared.hh_1480
+7.08s style draw_command_shared.hh_1480 fill:#1e0
+7.08s draw_view_infos.hh_5696 --> draw_shader_shared.hh_24775
+7.08s style draw_shader_shared.hh_24775 fill:#f00
+7.08s draw_object_infos_infos.hh_3974 --> draw_view_infos.hh_5696
+7.08s style draw_view_infos.hh_5696 fill:#5a0
+7.08s draw_object_infos_infos.hh_3974 --> draw_defines.hh_678
+7.08s style draw_defines.hh_678 fill:#0f0
+7.08s overlay_viewer_attribute_infos.hh_5047 --> draw_object_infos_infos.hh_3974
+7.08s style draw_object_infos_infos.hh_3974 fill:#3c0
+7.08s overlay_viewer_attribute_infos.hh_5047 --> draw_view_infos.hh_5696
+7.08s style draw_view_infos.hh_5696 fill:#5a0
+7.08s overlay_shader_shared.hh_16231 --> GPU_shader_shared_utils.hh_933
+7.08s style GPU_shader_shared_utils.hh_933 fill:#0f0
+7.08s overlay_common_infos.hh_1184 --> overlay_shader_shared.hh_16231
+7.08s style overlay_shader_shared.hh_16231 fill:#f00
+7.08s overlay_common_infos.hh_1184 --> select_shader_shared.hh_773
+7.08s style select_shader_shared.hh_773 fill:#0f0
+7.08s overlay_common_infos.hh_1184 --> select_defines.hh_108
+7.08s style select_defines.hh_108 fill:#0f0
+7.08s overlay_viewer_attribute_infos.hh_5047 --> overlay_common_infos.hh_1184
+7.08s style overlay_common_infos.hh_1184 fill:#1e0
+7.08s overlay_viewer_attribute_curves_vert.glsl_675 --> overlay_viewer_attribute_infos.hh_5047
+7.08s style overlay_viewer_attribute_infos.hh_5047 fill:#5a0
+7.08s draw_curves_lib.glsl_7890 --> draw_object_infos_infos.hh_3974
+7.08s style draw_object_infos_infos.hh_3974 fill:#3c0
+7.08s draw_curves_lib.glsl_7890 --> gpu_shader_math_constants_lib.glsl_604
+7.08s style gpu_shader_math_constants_lib.glsl_604 fill:#0f0
+7.08s gpu_shader_math_matrix_conversion_lib.glsl_988 --> gpu_shader_math_base_lib.glsl_1464
+7.08s style gpu_shader_math_base_lib.glsl_1464 fill:#1e0
+7.08s gpu_shader_math_matrix_conversion_lib.glsl_988 --> gpu_shader_math_euler_lib.glsl_722
+7.08s style gpu_shader_math_euler_lib.glsl_722 fill:#0f0
+7.08s gpu_shader_math_matrix_compare_lib.glsl_3039 --> gpu_shader_math_vector_compare_lib.glsl_2302
+7.08s style gpu_shader_math_vector_compare_lib.glsl_2302 fill:#2d0
+7.08s gpu_shader_math_matrix_conversion_lib.glsl_988 --> gpu_shader_math_matrix_compare_lib.glsl_3039
+7.08s style gpu_shader_math_matrix_compare_lib.glsl_3039 fill:#3c0
+7.08s gpu_shader_math_matrix_conversion_lib.glsl_988 --> gpu_shader_math_quaternion_lib.glsl_1440
+7.08s style gpu_shader_math_quaternion_lib.glsl_1440 fill:#1e0
+7.08s gpu_shader_math_matrix_conversion_lib.glsl_988 --> gpu_shader_utildefines_lib.glsl_3296
+7.08s style gpu_shader_utildefines_lib.glsl_3296 fill:#3c0
+7.08s draw_curves_lib.glsl_7890 --> gpu_shader_math_matrix_conversion_lib.glsl_988
+7.08s style gpu_shader_math_matrix_conversion_lib.glsl_988 fill:#0f0
+7.08s draw_curves_lib.glsl_7890 --> gpu_shader_math_matrix_transform_lib.glsl_833
+7.08s style gpu_shader_math_matrix_transform_lib.glsl_833 fill:#0f0
+7.08s overlay_viewer_attribute_curves_vert.glsl_675 --> draw_curves_lib.glsl_7890
+7.08s style draw_curves_lib.glsl_7890 fill:#780
+7.08s draw_model_lib.glsl_2881 --> draw_view_infos.hh_5696
+7.08s style draw_view_infos.hh_5696 fill:#5a0
+7.08s draw_view_lib.glsl_3779 --> draw_view_infos.hh_5696
+7.08s style draw_view_infos.hh_5696 fill:#5a0
+7.08s draw_model_lib.glsl_2881 --> draw_view_lib.glsl_3779
+7.08s style draw_view_lib.glsl_3779 fill:#3c0
+7.08s overlay_viewer_attribute_curves_vert.glsl_675 --> draw_model_lib.glsl_2881
+7.08s style draw_model_lib.glsl_2881 fill:#2d0
+7.08s overlay_viewer_attribute_curves_vert.glsl_675 --> draw_view_clipping_lib.glsl_1192
+7.08s style draw_view_clipping_lib.glsl_1192 fill:#1e0
+7.08s overlay_viewer_attribute_curves_vert.glsl_675 --> draw_view_lib.glsl_3779
+7.08s style draw_view_lib.glsl_3779 fill:#3c0
+7.08s 
+7.08s 00:06.470  gpu.shader.deps  | Resolved Source Tree (Mermaid flowchart) 
+7.08s flowchart LR
+7.08s gpu_shader_compat_glsl.glsl_4944 --> gpu_shader_glsl_extension.glsl_644
+7.08s style gpu_shader_glsl_extension.glsl_644 fill:#0f0
+7.08s 
+7.08s 00:06.472  gpu.shader.deps  | Resolved Source Tree (Mermaid flowchart) overlay_viewer_attribute_curves
+7.08s flowchart LR
+7.08s draw_shader_shared.hh_24775 --> GPU_shader_shared_utils.hh_933
+7.08s style GPU_shader_shared_utils.hh_933 fill:#0f0
+7.08s draw_object_infos_infos.hh_3974 --> draw_shader_shared.hh_24775
+7.08s style draw_shader_shared.hh_24775 fill:#f00
+7.08s gpencil_shader_shared.hh_4176 --> GPU_shader_shared_utils.hh_933
+7.08s style GPU_shader_shared_utils.hh_933 fill:#0f0
+7.08s draw_object_infos_infos.hh_3974 --> gpencil_shader_shared.hh_4176
+7.08s style gpencil_shader_shared.hh_4176 fill:#4b0
+7.08s draw_view_infos.hh_5696 --> draw_defines.hh_678
+7.08s style draw_defines.hh_678 fill:#0f0
+7.08s draw_command_shared.hh_1480 --> GPU_shader_shared_utils.hh_933
+7.08s style GPU_shader_shared_utils.hh_933 fill:#0f0
+7.08s draw_view_infos.hh_5696 --> draw_command_shared.hh_1480
+7.08s style draw_command_shared.hh_1480 fill:#1e0
+7.08s draw_view_infos.hh_5696 --> draw_shader_shared.hh_24775
+7.08s style draw_shader_shared.hh_24775 fill:#f00
+7.08s draw_object_infos_infos.hh_3974 --> draw_view_infos.hh_5696
+7.08s style draw_view_infos.hh_5696 fill:#5a0
+7.08s draw_object_infos_infos.hh_3974 --> draw_defines.hh_678
+7.08s style draw_defines.hh_678 fill:#0f0
+7.08s overlay_viewer_attribute_infos.hh_5047 --> draw_object_infos_infos.hh_3974
+7.08s style draw_object_infos_infos.hh_3974 fill:#3c0
+7.08s overlay_viewer_attribute_infos.hh_5047 --> draw_view_infos.hh_5696
+7.08s style draw_view_infos.hh_5696 fill:#5a0
+7.08s overlay_shader_shared.hh_16231 --> GPU_shader_shared_utils.hh_933
+7.08s style GPU_shader_shared_utils.hh_933 fill:#0f0
+7.08s overlay_common_infos.hh_1184 --> overlay_shader_shared.hh_16231
+7.08s style overlay_shader_shared.hh_16231 fill:#f00
+7.08s overlay_common_infos.hh_1184 --> select_shader_shared.hh_773
+7.08s style select_shader_shared.hh_773 fill:#0f0
+7.08s overlay_common_infos.hh_1184 --> select_defines.hh_108
+7.08s style select_defines.hh_108 fill:#0f0
+7.08s overlay_viewer_attribute_infos.hh_5047 --> overlay_common_infos.hh_1184
+7.08s style overlay_common_infos.hh_1184 fill:#1e0
+7.08s overlay_viewer_attribute_frag.glsl_221 --> overlay_viewer_attribute_infos.hh_5047
+7.08s style overlay_viewer_attribute_infos.hh_5047 fill:#5a0
+7.08s 
+7.08s 00:06.472  gpu.shader.deps  | Resolved Source Tree (Mermaid flowchart) 
+7.08s flowchart LR
+7.08s gpu_shader_compat_glsl.glsl_4944 --> gpu_shader_glsl_extension.glsl_644
+7.08s style gpu_shader_glsl_extension.glsl_644 fill:#0f0
+7.08s 
+7.22s 00:06.615  gpu.shader       | Compiling Shader "overlay_viewer_attribute_mesh"
+7.22s 00:06.615  gpu.shader.deps  | Resolved Source Tree (Mermaid flowchart) overlay_viewer_attribute_mesh
+7.22s flowchart LR
+7.22s draw_shader_shared.hh_24775 --> GPU_shader_shared_utils.hh_933
+7.22s style GPU_shader_shared_utils.hh_933 fill:#0f0
+7.22s draw_object_infos_infos.hh_3974 --> draw_shader_shared.hh_24775
+7.22s style draw_shader_shared.hh_24775 fill:#f00
+7.22s gpencil_shader_shared.hh_4176 --> GPU_shader_shared_utils.hh_933
+7.22s style GPU_shader_shared_utils.hh_933 fill:#0f0
+7.22s draw_object_infos_infos.hh_3974 --> gpencil_shader_shared.hh_4176
+7.22s style gpencil_shader_shared.hh_4176 fill:#4b0
+7.22s draw_view_infos.hh_5696 --> draw_defines.hh_678
+7.22s style draw_defines.hh_678 fill:#0f0
+7.22s draw_command_shared.hh_1480 --> GPU_shader_shared_utils.hh_933
+7.22s style GPU_shader_shared_utils.hh_933 fill:#0f0
+7.22s draw_view_infos.hh_5696 --> draw_command_shared.hh_1480
+7.22s style draw_command_shared.hh_1480 fill:#1e0
+7.22s draw_view_infos.hh_5696 --> draw_shader_shared.hh_24775
+7.22s style draw_shader_shared.hh_24775 fill:#f00
+7.22s draw_object_infos_infos.hh_3974 --> draw_view_infos.hh_5696
+7.22s style draw_view_infos.hh_5696 fill:#5a0
+7.22s draw_object_infos_infos.hh_3974 --> draw_defines.hh_678
+7.22s style draw_defines.hh_678 fill:#0f0
+7.22s overlay_viewer_attribute_infos.hh_5047 --> draw_object_infos_infos.hh_3974
+7.22s style draw_object_infos_infos.hh_3974 fill:#3c0
+7.22s overlay_viewer_attribute_infos.hh_5047 --> draw_view_infos.hh_5696
+7.22s style draw_view_infos.hh_5696 fill:#5a0
+7.22s overlay_shader_shared.hh_16231 --> GPU_shader_shared_utils.hh_933
+7.22s style GPU_shader_shared_utils.hh_933 fill:#0f0
+7.22s overlay_common_infos.hh_1184 --> overlay_shader_shared.hh_16231
+7.22s style overlay_shader_shared.hh_16231 fill:#f00
+7.22s overlay_common_infos.hh_1184 --> select_shader_shared.hh_773
+7.22s style select_shader_shared.hh_773 fill:#0f0
+7.22s overlay_common_infos.hh_1184 --> select_defines.hh_108
+7.22s style select_defines.hh_108 fill:#0f0
+7.22s overlay_viewer_attribute_infos.hh_5047 --> overlay_common_infos.hh_1184
+7.22s style overlay_common_infos.hh_1184 fill:#1e0
+7.22s overlay_viewer_attribute_mesh_vert.glsl_286 --> overlay_viewer_attribute_infos.hh_5047
+7.22s style overlay_viewer_attribute_infos.hh_5047 fill:#5a0
+7.22s draw_model_lib.glsl_2881 --> draw_view_infos.hh_5696
+7.22s style draw_view_infos.hh_5696 fill:#5a0
+7.22s draw_view_lib.glsl_3779 --> draw_view_infos.hh_5696
+7.22s style draw_view_infos.hh_5696 fill:#5a0
+7.22s draw_model_lib.glsl_2881 --> draw_view_lib.glsl_3779
+7.22s style draw_view_lib.glsl_3779 fill:#3c0
+7.22s overlay_viewer_attribute_mesh_vert.glsl_286 --> draw_model_lib.glsl_2881
+7.23s style draw_model_lib.glsl_2881 fill:#2d0
+7.23s overlay_viewer_attribute_mesh_vert.glsl_286 --> draw_view_clipping_lib.glsl_1192
+7.23s style draw_view_clipping_lib.glsl_1192 fill:#1e0
+7.23s overlay_viewer_attribute_mesh_vert.glsl_286 --> draw_view_lib.glsl_3779
+7.23s style draw_view_lib.glsl_3779 fill:#3c0
+7.23s 
+7.23s 00:06.616  gpu.shader.deps  | Resolved Source Tree (Mermaid flowchart) 
+7.23s flowchart LR
+7.23s gpu_shader_compat_glsl.glsl_4944 --> gpu_shader_glsl_extension.glsl_644
+7.23s style gpu_shader_glsl_extension.glsl_644 fill:#0f0
+7.23s 
+7.23s 00:06.617  gpu.shader.deps  | Resolved Source Tree (Mermaid flowchart) overlay_viewer_attribute_mesh
+7.23s flowchart LR
+7.23s draw_shader_shared.hh_24775 --> GPU_shader_shared_utils.hh_933
+7.23s style GPU_shader_shared_utils.hh_933 fill:#0f0
+7.23s draw_object_infos_infos.hh_3974 --> draw_shader_shared.hh_24775
+7.23s style draw_shader_shared.hh_24775 fill:#f00
+7.23s gpencil_shader_shared.hh_4176 --> GPU_shader_shared_utils.hh_933
+7.23s style GPU_shader_shared_utils.hh_933 fill:#0f0
+7.23s draw_object_infos_infos.hh_3974 --> gpencil_shader_shared.hh_4176
+7.23s style gpencil_shader_shared.hh_4176 fill:#4b0
+7.23s draw_view_infos.hh_5696 --> draw_defines.hh_678
+7.23s style draw_defines.hh_678 fill:#0f0
+7.23s draw_command_shared.hh_1480 --> GPU_shader_shared_utils.hh_933
+7.23s style GPU_shader_shared_utils.hh_933 fill:#0f0
+7.23s draw_view_infos.hh_5696 --> draw_command_shared.hh_1480
+7.23s style draw_command_shared.hh_1480 fill:#1e0
+7.23s draw_view_infos.hh_5696 --> draw_shader_shared.hh_24775
+7.23s style draw_shader_shared.hh_24775 fill:#f00
+7.23s draw_object_infos_infos.hh_3974 --> draw_view_infos.hh_5696
+7.23s style draw_view_infos.hh_5696 fill:#5a0
+7.23s draw_object_infos_infos.hh_3974 --> draw_defines.hh_678
+7.23s style draw_defines.hh_678 fill:#0f0
+7.23s overlay_viewer_attribute_infos.hh_5047 --> draw_object_infos_infos.hh_3974
+7.23s style draw_object_infos_infos.hh_3974 fill:#3c0
+7.23s overlay_viewer_attribute_infos.hh_5047 --> draw_view_infos.hh_5696
+7.23s style draw_view_infos.hh_5696 fill:#5a0
+7.23s overlay_shader_shared.hh_16231 --> GPU_shader_shared_utils.hh_933
+7.23s style GPU_shader_shared_utils.hh_933 fill:#0f0
+7.23s overlay_common_infos.hh_1184 --> overlay_shader_shared.hh_16231
+7.23s style overlay_shader_shared.hh_16231 fill:#f00
+7.23s overlay_common_infos.hh_1184 --> select_shader_shared.hh_773
+7.23s style select_shader_shared.hh_773 fill:#0f0
+7.23s overlay_common_infos.hh_1184 --> select_defines.hh_108
+7.23s style select_defines.hh_108 fill:#0f0
+7.23s overlay_viewer_attribute_infos.hh_5047 --> overlay_common_infos.hh_1184
+7.23s style overlay_common_infos.hh_1184 fill:#1e0
+7.23s overlay_viewer_attribute_frag.glsl_221 --> overlay_viewer_attribute_infos.hh_5047
+7.23s style overlay_viewer_attribute_infos.hh_5047 fill:#5a0
+7.23s 
+7.23s 00:06.617  gpu.shader.deps  | Resolved Source Tree (Mermaid flowchart) 
+7.23s flowchart LR
+7.23s gpu_shader_compat_glsl.glsl_4944 --> gpu_shader_glsl_extension.glsl_644
+7.23s style gpu_shader_glsl_extension.glsl_644 fill:#0f0
+7.23s 
+7.36s 00:06.755  gpu.shader       | Compiling Shader "overlay_viewer_attribute_pointcloud"
+7.36s 00:06.756  gpu.shader.deps  | Resolved Source Tree (Mermaid flowchart) overlay_viewer_attribute_pointcloud
+7.36s flowchart LR
+7.36s draw_shader_shared.hh_24775 --> GPU_shader_shared_utils.hh_933
+7.36s style GPU_shader_shared_utils.hh_933 fill:#0f0
+7.36s draw_object_infos_infos.hh_3974 --> draw_shader_shared.hh_24775
+7.36s style draw_shader_shared.hh_24775 fill:#f00
+7.36s gpencil_shader_shared.hh_4176 --> GPU_shader_shared_utils.hh_933
+7.36s style GPU_shader_shared_utils.hh_933 fill:#0f0
+7.37s draw_object_infos_infos.hh_3974 --> gpencil_shader_shared.hh_4176
+7.37s style gpencil_shader_shared.hh_4176 fill:#4b0
+7.37s draw_view_infos.hh_5696 --> draw_defines.hh_678
+7.37s style draw_defines.hh_678 fill:#0f0
+7.37s draw_command_shared.hh_1480 --> GPU_shader_shared_utils.hh_933
+7.37s style GPU_shader_shared_utils.hh_933 fill:#0f0
+7.37s draw_view_infos.hh_5696 --> draw_command_shared.hh_1480
+7.37s style draw_command_shared.hh_1480 fill:#1e0
+7.37s draw_view_infos.hh_5696 --> draw_shader_shared.hh_24775
+7.37s style draw_shader_shared.hh_24775 fill:#f00
+7.37s draw_object_infos_infos.hh_3974 --> draw_view_infos.hh_5696
+7.37s style draw_view_infos.hh_5696 fill:#5a0
+7.37s draw_object_infos_infos.hh_3974 --> draw_defines.hh_678
+7.37s style draw_defines.hh_678 fill:#0f0
+7.37s overlay_viewer_attribute_infos.hh_5047 --> draw_object_infos_infos.hh_3974
+7.37s style draw_object_infos_infos.hh_3974 fill:#3c0
+7.37s overlay_viewer_attribute_infos.hh_5047 --> draw_view_infos.hh_5696
+7.37s style draw_view_infos.hh_5696 fill:#5a0
+7.37s overlay_shader_shared.hh_16231 --> GPU_shader_shared_utils.hh_933
+7.37s style GPU_shader_shared_utils.hh_933 fill:#0f0
+7.37s overlay_common_infos.hh_1184 --> overlay_shader_shared.hh_16231
+7.37s style overlay_shader_shared.hh_16231 fill:#f00
+7.37s overlay_common_infos.hh_1184 --> select_shader_shared.hh_773
+7.37s style select_shader_shared.hh_773 fill:#0f0
+7.37s overlay_common_infos.hh_1184 --> select_defines.hh_108
+7.37s style select_defines.hh_108 fill:#0f0
+7.37s overlay_viewer_attribute_infos.hh_5047 --> overlay_common_infos.hh_1184
+7.37s style overlay_common_infos.hh_1184 fill:#1e0
+7.37s overlay_viewer_attribute_pointcloud_vert.glsl_752 --> overlay_viewer_attribute_infos.hh_5047
+7.37s style overlay_viewer_attribute_infos.hh_5047 fill:#5a0
+7.37s draw_model_lib.glsl_2881 --> draw_view_infos.hh_5696
+7.37s style draw_view_infos.hh_5696 fill:#5a0
+7.37s draw_view_lib.glsl_3779 --> draw_view_infos.hh_5696
+7.37s style draw_view_infos.hh_5696 fill:#5a0
+7.37s draw_model_lib.glsl_2881 --> draw_view_lib.glsl_3779
+7.37s style draw_view_lib.glsl_3779 fill:#3c0
+7.37s overlay_viewer_attribute_pointcloud_vert.glsl_752 --> draw_model_lib.glsl_2881
+7.37s style draw_model_lib.glsl_2881 fill:#2d0
+7.37s draw_pointcloud_lib.glsl_3635 --> draw_object_infos_infos.hh_3974
+7.37s style draw_object_infos_infos.hh_3974 fill:#3c0
+7.37s draw_pointcloud_lib.glsl_3635 --> draw_defines.hh_678
+7.37s style draw_defines.hh_678 fill:#0f0
+7.37s draw_pointcloud_lib.glsl_3635 --> gpu_shader_math_constants_lib.glsl_604
+7.37s style gpu_shader_math_constants_lib.glsl_604 fill:#0f0
+7.37s gpu_shader_math_matrix_conversion_lib.glsl_988 --> gpu_shader_math_base_lib.glsl_1464
+7.37s style gpu_shader_math_base_lib.glsl_1464 fill:#1e0
+7.37s gpu_shader_math_matrix_conversion_lib.glsl_988 --> gpu_shader_math_euler_lib.glsl_722
+7.37s style gpu_shader_math_euler_lib.glsl_722 fill:#0f0
+7.37s gpu_shader_math_matrix_compare_lib.glsl_3039 --> gpu_shader_math_vector_compare_lib.glsl_2302
+7.37s style gpu_shader_math_vector_compare_lib.glsl_2302 fill:#2d0
+7.37s gpu_shader_math_matrix_conversion_lib.glsl_988 --> gpu_shader_math_matrix_compare_lib.glsl_3039
+7.37s style gpu_shader_math_matrix_compare_lib.glsl_3039 fill:#3c0
+7.37s gpu_shader_math_matrix_conversion_lib.glsl_988 --> gpu_shader_math_quaternion_lib.glsl_1440
+7.37s style gpu_shader_math_quaternion_lib.glsl_1440 fill:#1e0
+7.37s gpu_shader_math_matrix_conversion_lib.glsl_988 --> gpu_shader_utildefines_lib.glsl_3296
+7.37s style gpu_shader_utildefines_lib.glsl_3296 fill:#3c0
+7.37s draw_pointcloud_lib.glsl_3635 --> gpu_shader_math_matrix_conversion_lib.glsl_988
+7.37s style gpu_shader_math_matrix_conversion_lib.glsl_988 fill:#0f0
+7.37s draw_pointcloud_lib.glsl_3635 --> gpu_shader_math_matrix_transform_lib.glsl_833
+7.37s style gpu_shader_math_matrix_transform_lib.glsl_833 fill:#0f0
+7.37s draw_pointcloud_lib.glsl_3635 --> gpu_shader_utildefines_lib.glsl_3296
+7.37s style gpu_shader_utildefines_lib.glsl_3296 fill:#3c0
+7.37s overlay_viewer_attribute_pointcloud_vert.glsl_752 --> draw_pointcloud_lib.glsl_3635
+7.37s style draw_pointcloud_lib.glsl_3635 fill:#3c0
+7.37s overlay_viewer_attribute_pointcloud_vert.glsl_752 --> draw_view_clipping_lib.glsl_1192
+7.37s style draw_view_clipping_lib.glsl_1192 fill:#1e0
+7.37s overlay_viewer_attribute_pointcloud_vert.glsl_752 --> draw_view_lib.glsl_3779
+7.37s style draw_view_lib.glsl_3779 fill:#3c0
+7.37s 
+7.37s 00:06.756  gpu.shader.deps  | Resolved Source Tree (Mermaid flowchart) 
+7.37s flowchart LR
+7.37s gpu_shader_compat_glsl.glsl_4944 --> gpu_shader_glsl_extension.glsl_644
+7.37s style gpu_shader_glsl_extension.glsl_644 fill:#0f0
+7.37s 
+7.37s 00:06.758  gpu.shader.deps  | Resolved Source Tree (Mermaid flowchart) overlay_viewer_attribute_pointcloud
+7.37s flowchart LR
+7.37s draw_shader_shared.hh_24775 --> GPU_shader_shared_utils.hh_933
+7.37s style GPU_shader_shared_utils.hh_933 fill:#0f0
+7.37s draw_object_infos_infos.hh_3974 --> draw_shader_shared.hh_24775
+7.37s style draw_shader_shared.hh_24775 fill:#f00
+7.37s gpencil_shader_shared.hh_4176 --> GPU_shader_shared_utils.hh_933
+7.37s style GPU_shader_shared_utils.hh_933 fill:#0f0
+7.37s draw_object_infos_infos.hh_3974 --> gpencil_shader_shared.hh_4176
+7.37s style gpencil_shader_shared.hh_4176 fill:#4b0
+7.37s draw_view_infos.hh_5696 --> draw_defines.hh_678
+7.37s style draw_defines.hh_678 fill:#0f0
+7.37s draw_command_shared.hh_1480 --> GPU_shader_shared_utils.hh_933
+7.37s style GPU_shader_shared_utils.hh_933 fill:#0f0
+7.37s draw_view_infos.hh_5696 --> draw_command_shared.hh_1480
+7.37s style draw_command_shared.hh_1480 fill:#1e0
+7.37s draw_view_infos.hh_5696 --> draw_shader_shared.hh_24775
+7.37s style draw_shader_shared.hh_24775 fill:#f00
+7.37s draw_object_infos_infos.hh_3974 --> draw_view_infos.hh_5696
+7.37s style draw_view_infos.hh_5696 fill:#5a0
+7.37s draw_object_infos_infos.hh_3974 --> draw_defines.hh_678
+7.37s style draw_defines.hh_678 fill:#0f0
+7.37s overlay_viewer_attribute_infos.hh_5047 --> draw_object_infos_infos.hh_3974
+7.37s style draw_object_infos_infos.hh_3974 fill:#3c0
+7.37s overlay_viewer_attribute_infos.hh_5047 --> draw_view_infos.hh_5696
+7.37s style draw_view_infos.hh_5696 fill:#5a0
+7.37s overlay_shader_shared.hh_16231 --> GPU_shader_shared_utils.hh_933
+7.37s style GPU_shader_shared_utils.hh_933 fill:#0f0
+7.37s overlay_common_infos.hh_1184 --> overlay_shader_shared.hh_16231
+7.37s style overlay_shader_shared.hh_16231 fill:#f00
+7.37s overlay_common_infos.hh_1184 --> select_shader_shared.hh_773
+7.37s style select_shader_shared.hh_773 fill:#0f0
+7.37s overlay_common_infos.hh_1184 --> select_defines.hh_108
+7.37s style select_defines.hh_108 fill:#0f0
+7.37s overlay_viewer_attribute_infos.hh_5047 --> overlay_common_infos.hh_1184
+7.37s style overlay_common_infos.hh_1184 fill:#1e0
+7.37s overlay_viewer_attribute_frag.glsl_221 --> overlay_viewer_attribute_infos.hh_5047
+7.37s style overlay_viewer_attribute_infos.hh_5047 fill:#5a0
+7.37s 
+7.37s 00:06.758  gpu.shader.deps  | Resolved Source Tree (Mermaid flowchart) 
+7.37s flowchart LR
+7.37s gpu_shader_compat_glsl.glsl_4944 --> gpu_shader_glsl_extension.glsl_644
+7.37s style gpu_shader_glsl_extension.glsl_644 fill:#0f0
+7.37s 
+7.51s 00:06.901  gpu.shader       | Compiling Shader "overlay_background"
+7.51s 00:06.901  gpu.shader.deps  | Resolved Source Tree (Mermaid flowchart) overlay_background
+7.51s flowchart LR
+7.51s overlay_fullscreen_vert.glsl_178 --> overlay_fullscreen_infos.hh_482
+7.51s style overlay_fullscreen_infos.hh_482 fill:#0f0
+7.51s draw_shader_shared.hh_24775 --> GPU_shader_shared_utils.hh_933
+7.51s style GPU_shader_shared_utils.hh_933 fill:#0f0
+7.51s draw_object_infos_infos.hh_3974 --> draw_shader_shared.hh_24775
+7.51s style draw_shader_shared.hh_24775 fill:#f00
+7.51s gpencil_shader_shared.hh_4176 --> GPU_shader_shared_utils.hh_933
+7.51s style GPU_shader_shared_utils.hh_933 fill:#0f0
+7.51s draw_object_infos_infos.hh_3974 --> gpencil_shader_shared.hh_4176
+7.51s style gpencil_shader_shared.hh_4176 fill:#4b0
+7.51s draw_view_infos.hh_5696 --> draw_defines.hh_678
+7.51s style draw_defines.hh_678 fill:#0f0
+7.51s draw_command_shared.hh_1480 --> GPU_shader_shared_utils.hh_933
+7.51s style GPU_shader_shared_utils.hh_933 fill:#0f0
+7.51s draw_view_infos.hh_5696 --> draw_command_shared.hh_1480
+7.52s style draw_command_shared.hh_1480 fill:#1e0
+7.52s draw_view_infos.hh_5696 --> draw_shader_shared.hh_24775
+7.52s style draw_shader_shared.hh_24775 fill:#f00
+7.52s draw_object_infos_infos.hh_3974 --> draw_view_infos.hh_5696
+7.52s style draw_view_infos.hh_5696 fill:#5a0
+7.52s draw_object_infos_infos.hh_3974 --> draw_defines.hh_678
+7.52s style draw_defines.hh_678 fill:#0f0
+7.52s overlay_outline_infos.hh_6420 --> draw_object_infos_infos.hh_3974
+7.52s style draw_object_infos_infos.hh_3974 fill:#3c0
+7.52s overlay_outline_infos.hh_6420 --> draw_view_infos.hh_5696
+7.52s style draw_view_infos.hh_5696 fill:#5a0
+7.52s GPU_shader_shared.hh_13548 --> GPU_shader_shared_utils.hh_933
+7.52s style GPU_shader_shared_utils.hh_933 fill:#0f0
+7.52s gpu_index_load_infos.hh_567 --> GPU_shader_shared.hh_13548
+7.52s style GPU_shader_shared.hh_13548 fill:#d20
+7.52s overlay_outline_infos.hh_6420 --> gpu_index_load_infos.hh_567
+7.52s style gpu_index_load_infos.hh_567 fill:#0f0
+7.52s overlay_outline_infos.hh_6420 --> overlay_fullscreen_infos.hh_482
+7.52s style overlay_fullscreen_infos.hh_482 fill:#0f0
+7.52s overlay_shader_shared.hh_16231 --> GPU_shader_shared_utils.hh_933
+7.52s style GPU_shader_shared_utils.hh_933 fill:#0f0
+7.52s overlay_outline_infos.hh_6420 --> overlay_shader_shared.hh_16231
+7.52s style overlay_shader_shared.hh_16231 fill:#f00
+7.52s overlay_common_infos.hh_1184 --> overlay_shader_shared.hh_16231
+7.52s style overlay_shader_shared.hh_16231 fill:#f00
+7.52s overlay_common_infos.hh_1184 --> select_shader_shared.hh_773
+7.52s style select_shader_shared.hh_773 fill:#0f0
+7.52s overlay_common_infos.hh_1184 --> select_defines.hh_108
+7.52s style select_defines.hh_108 fill:#0f0
+7.52s overlay_outline_infos.hh_6420 --> overlay_common_infos.hh_1184
+7.52s style overlay_common_infos.hh_1184 fill:#1e0
+7.52s overlay_fullscreen_vert.glsl_178 --> overlay_outline_infos.hh_6420
+7.52s style overlay_outline_infos.hh_6420 fill:#690
+7.52s overlay_fullscreen_vert.glsl_178 --> gpu_shader_fullscreen_lib.glsl_455
+7.52s style gpu_shader_fullscreen_lib.glsl_455 fill:#0f0
+7.52s 
+7.52s 00:06.901  gpu.shader.deps  | Resolved Source Tree (Mermaid flowchart) 
+7.52s flowchart LR
+7.52s gpu_shader_compat_glsl.glsl_4944 --> gpu_shader_glsl_extension.glsl_644
+7.52s style gpu_shader_glsl_extension.glsl_644 fill:#0f0
+7.52s 
+7.52s 00:06.902  gpu.shader.deps  | Resolved Source Tree (Mermaid flowchart) overlay_background
+7.52s flowchart LR
+7.52s draw_view_infos.hh_5696 --> draw_defines.hh_678
+7.52s style draw_defines.hh_678 fill:#0f0
+7.52s draw_command_shared.hh_1480 --> GPU_shader_shared_utils.hh_933
+7.52s style GPU_shader_shared_utils.hh_933 fill:#0f0
+7.52s draw_view_infos.hh_5696 --> draw_command_shared.hh_1480
+7.52s style draw_command_shared.hh_1480 fill:#1e0
+7.52s draw_shader_shared.hh_24775 --> GPU_shader_shared_utils.hh_933
+7.52s style GPU_shader_shared_utils.hh_933 fill:#0f0
+7.52s draw_view_infos.hh_5696 --> draw_shader_shared.hh_24775
+7.52s style draw_shader_shared.hh_24775 fill:#f00
+7.52s overlay_background_infos.hh_875 --> draw_view_infos.hh_5696
+7.52s style draw_view_infos.hh_5696 fill:#5a0
+7.52s overlay_shader_shared.hh_16231 --> GPU_shader_shared_utils.hh_933
+7.52s style GPU_shader_shared_utils.hh_933 fill:#0f0
+7.52s overlay_common_infos.hh_1184 --> overlay_shader_shared.hh_16231
+7.52s style overlay_shader_shared.hh_16231 fill:#f00
+7.52s overlay_common_infos.hh_1184 --> select_shader_shared.hh_773
+7.52s style select_shader_shared.hh_773 fill:#0f0
+7.52s overlay_common_infos.hh_1184 --> select_defines.hh_108
+7.52s style select_defines.hh_108 fill:#0f0
+7.52s overlay_background_infos.hh_875 --> overlay_common_infos.hh_1184
+7.52s style overlay_common_infos.hh_1184 fill:#1e0
+7.52s overlay_background_infos.hh_875 --> overlay_fullscreen_infos.hh_482
+7.52s style overlay_fullscreen_infos.hh_482 fill:#0f0
+7.52s overlay_background_infos.hh_875 --> overlay_shader_shared.hh_16231
+7.52s style overlay_shader_shared.hh_16231 fill:#f00
+7.52s overlay_background_frag.glsl_2852 --> overlay_background_infos.hh_875
+7.52s style overlay_background_infos.hh_875 fill:#0f0
+7.52s overlay_background_frag.glsl_2852 --> gpu_shader_math_constants_lib.glsl_604
+7.52s style gpu_shader_math_constants_lib.glsl_604 fill:#0f0
+7.52s 
+7.52s 00:06.903  gpu.shader.deps  | Resolved Source Tree (Mermaid flowchart) 
+7.52s flowchart LR
+7.52s gpu_shader_compat_glsl.glsl_4944 --> gpu_shader_glsl_extension.glsl_644
+7.52s style gpu_shader_glsl_extension.glsl_644 fill:#0f0
+7.52s 
+7.66s 00:07.054  gpu.shader       | Compiling Shader "overlay_edit_curves_handle"
+7.66s 00:07.054  gpu.shader.deps  | Resolved Source Tree (Mermaid flowchart) overlay_edit_curves_handle
+7.66s flowchart LR
+7.66s draw_shader_shared.hh_24775 --> GPU_shader_shared_utils.hh_933
+7.66s style GPU_shader_shared_utils.hh_933 fill:#0f0
+7.66s draw_object_infos_infos.hh_3974 --> draw_shader_shared.hh_24775
+7.66s style draw_shader_shared.hh_24775 fill:#f00
+7.66s gpencil_shader_shared.hh_4176 --> GPU_shader_shared_utils.hh_933
+7.66s style GPU_shader_shared_utils.hh_933 fill:#0f0
+7.66s draw_object_infos_infos.hh_3974 --> gpencil_shader_shared.hh_4176
+7.66s style gpencil_shader_shared.hh_4176 fill:#4b0
+7.66s draw_view_infos.hh_5696 --> draw_defines.hh_678
+7.66s style draw_defines.hh_678 fill:#0f0
+7.66s draw_command_shared.hh_1480 --> GPU_shader_shared_utils.hh_933
+7.66s style GPU_shader_shared_utils.hh_933 fill:#0f0
+7.66s draw_view_infos.hh_5696 --> draw_command_shared.hh_1480
+7.66s style draw_command_shared.hh_1480 fill:#1e0
+7.66s draw_view_infos.hh_5696 --> draw_shader_shared.hh_24775
+7.66s style draw_shader_shared.hh_24775 fill:#f00
+7.66s draw_object_infos_infos.hh_3974 --> draw_view_infos.hh_5696
+7.66s style draw_view_infos.hh_5696 fill:#5a0
+7.66s draw_object_infos_infos.hh_3974 --> draw_defines.hh_678
+7.66s style draw_defines.hh_678 fill:#0f0
+7.66s overlay_edit_mode_infos.hh_43170 --> draw_object_infos_infos.hh_3974
+7.66s style draw_object_infos_infos.hh_3974 fill:#3c0
+7.66s overlay_edit_mode_infos.hh_43170 --> draw_view_infos.hh_5696
+7.66s style draw_view_infos.hh_5696 fill:#5a0
+7.66s GPU_shader_shared.hh_13548 --> GPU_shader_shared_utils.hh_933
+7.66s style GPU_shader_shared_utils.hh_933 fill:#0f0
+7.66s gpu_index_load_infos.hh_567 --> GPU_shader_shared.hh_13548
+7.66s style GPU_shader_shared.hh_13548 fill:#d20
+7.66s overlay_edit_mode_infos.hh_43170 --> gpu_index_load_infos.hh_567
+7.67s style gpu_index_load_infos.hh_567 fill:#0f0
+7.67s overlay_shader_shared.hh_16231 --> GPU_shader_shared_utils.hh_933
+7.67s style GPU_shader_shared_utils.hh_933 fill:#0f0
+7.67s overlay_edit_mode_infos.hh_43170 --> overlay_shader_shared.hh_16231
+7.67s style overlay_shader_shared.hh_16231 fill:#f00
+7.67s overlay_common_infos.hh_1184 --> overlay_shader_shared.hh_16231
+7.67s style overlay_shader_shared.hh_16231 fill:#f00
+7.67s overlay_common_infos.hh_1184 --> select_shader_shared.hh_773
+7.67s style select_shader_shared.hh_773 fill:#0f0
+7.67s overlay_common_infos.hh_1184 --> select_defines.hh_108
+7.67s style select_defines.hh_108 fill:#0f0
+7.67s overlay_edit_mode_infos.hh_43170 --> overlay_common_infos.hh_1184
+7.67s style overlay_common_infos.hh_1184 fill:#1e0
+7.67s overlay_edit_curves_handle_vert.glsl_8005 --> overlay_edit_mode_infos.hh_43170
+7.67s style overlay_edit_mode_infos.hh_43170 fill:#f00
+7.67s draw_model_lib.glsl_2881 --> draw_view_infos.hh_5696
+7.67s style draw_view_infos.hh_5696 fill:#5a0
+7.67s draw_view_lib.glsl_3779 --> draw_view_infos.hh_5696
+7.67s style draw_view_infos.hh_5696 fill:#5a0
+7.67s draw_model_lib.glsl_2881 --> draw_view_lib.glsl_3779
+7.67s style draw_view_lib.glsl_3779 fill:#3c0
+7.67s overlay_edit_curves_handle_vert.glsl_8005 --> draw_model_lib.glsl_2881
+7.67s style draw_model_lib.glsl_2881 fill:#2d0
+7.67s overlay_edit_curves_handle_vert.glsl_8005 --> draw_view_clipping_lib.glsl_1192
+7.67s style draw_view_clipping_lib.glsl_1192 fill:#1e0
+7.67s overlay_edit_curves_handle_vert.glsl_8005 --> draw_view_lib.glsl_3779
+7.67s style draw_view_lib.glsl_3779 fill:#3c0
+7.67s overlay_edit_curves_handle_vert.glsl_8005 --> gpu_shader_attribute_load_lib.glsl_3268
+7.67s style gpu_shader_attribute_load_lib.glsl_3268 fill:#3c0
+7.67s gpu_shader_index_load_lib.glsl_627 --> gpu_index_load_infos.hh_567
+7.67s style gpu_index_load_infos.hh_567 fill:#0f0
+7.67s overlay_edit_curves_handle_vert.glsl_8005 --> gpu_shader_index_load_lib.glsl_627
+7.67s style gpu_shader_index_load_lib.glsl_627 fill:#0f0
+7.67s overlay_edit_curves_handle_vert.glsl_8005 --> gpu_shader_math_constants_lib.glsl_604
+7.67s style gpu_shader_math_constants_lib.glsl_604 fill:#0f0
+7.67s overlay_edit_curves_handle_vert.glsl_8005 --> gpu_shader_utildefines_lib.glsl_3296
+7.67s style gpu_shader_utildefines_lib.glsl_3296 fill:#3c0
+7.67s 
+7.67s 00:07.054  gpu.shader.deps  | Resolved Source Tree (Mermaid flowchart) 
+7.67s flowchart LR
+7.67s gpu_shader_compat_glsl.glsl_4944 --> gpu_shader_glsl_extension.glsl_644
+7.67s style gpu_shader_glsl_extension.glsl_644 fill:#0f0
+7.67s 
+7.67s 00:07.056  gpu.shader.deps  | Resolved Source Tree (Mermaid flowchart) overlay_edit_curves_handle
+7.67s flowchart LR
+7.67s draw_shader_shared.hh_24775 --> GPU_shader_shared_utils.hh_933
+7.67s style GPU_shader_shared_utils.hh_933 fill:#0f0
+7.67s draw_object_infos_infos.hh_3974 --> draw_shader_shared.hh_24775
+7.67s style draw_shader_shared.hh_24775 fill:#f00
+7.67s gpencil_shader_shared.hh_4176 --> GPU_shader_shared_utils.hh_933
+7.67s style GPU_shader_shared_utils.hh_933 fill:#0f0
+7.67s draw_object_infos_infos.hh_3974 --> gpencil_shader_shared.hh_4176
+7.67s style gpencil_shader_shared.hh_4176 fill:#4b0
+7.67s draw_view_infos.hh_5696 --> draw_defines.hh_678
+7.67s style draw_defines.hh_678 fill:#0f0
+7.67s draw_command_shared.hh_1480 --> GPU_shader_shared_utils.hh_933
+7.67s style GPU_shader_shared_utils.hh_933 fill:#0f0
+7.67s draw_view_infos.hh_5696 --> draw_command_shared.hh_1480
+7.67s style draw_command_shared.hh_1480 fill:#1e0
+7.67s draw_view_infos.hh_5696 --> draw_shader_shared.hh_24775
+7.67s style draw_shader_shared.hh_24775 fill:#f00
+7.67s draw_object_infos_infos.hh_3974 --> draw_view_infos.hh_5696
+7.67s style draw_view_infos.hh_5696 fill:#5a0
+7.67s draw_object_infos_infos.hh_3974 --> draw_defines.hh_678
+7.67s style draw_defines.hh_678 fill:#0f0
+7.67s overlay_volume_infos.hh_7542 --> draw_object_infos_infos.hh_3974
+7.67s style draw_object_infos_infos.hh_3974 fill:#3c0
+7.67s overlay_volume_infos.hh_7542 --> draw_view_infos.hh_5696
+7.67s style draw_view_infos.hh_5696 fill:#5a0
+7.67s overlay_shader_shared.hh_16231 --> GPU_shader_shared_utils.hh_933
+7.67s style GPU_shader_shared_utils.hh_933 fill:#0f0
+7.67s overlay_common_infos.hh_1184 --> overlay_shader_shared.hh_16231
+7.67s style overlay_shader_shared.hh_16231 fill:#f00
+7.67s overlay_common_infos.hh_1184 --> select_shader_shared.hh_773
+7.67s style select_shader_shared.hh_773 fill:#0f0
+7.67s overlay_common_infos.hh_1184 --> select_defines.hh_108
+7.67s style select_defines.hh_108 fill:#0f0
+7.67s overlay_volume_infos.hh_7542 --> overlay_common_infos.hh_1184
+7.67s style overlay_common_infos.hh_1184 fill:#1e0
+7.67s overlay_varying_color.glsl_355 --> overlay_volume_infos.hh_7542
+7.67s style overlay_volume_infos.hh_7542 fill:#780
+7.67s draw_view_lib.glsl_3779 --> draw_view_infos.hh_5696
+7.67s style draw_view_infos.hh_5696 fill:#5a0
+7.67s overlay_common_lib.glsl_1652 --> draw_view_lib.glsl_3779
+7.67s style draw_view_lib.glsl_3779 fill:#3c0
+7.67s overlay_varying_color.glsl_355 --> overlay_common_lib.glsl_1652
+7.67s style overlay_common_lib.glsl_1652 fill:#1e0
+7.67s overlay_varying_color.glsl_355 --> select_lib.glsl_1221
+7.67s style select_lib.glsl_1221 fill:#1e0
+7.67s 
+7.67s 00:07.056  gpu.shader.deps  | Resolved Source Tree (Mermaid flowchart) 
+7.67s flowchart LR
+7.67s gpu_shader_compat_glsl.glsl_4944 --> gpu_shader_glsl_extension.glsl_644
+7.67s style gpu_shader_glsl_extension.glsl_644 fill:#0f0
+7.67s 
+7.81s 00:07.205  gpu.shader       | Compiling Shader "overlay_edit_particle_strand"
+7.82s 00:07.206  gpu.shader.deps  | Resolved Source Tree (Mermaid flowchart) overlay_edit_particle_strand
+7.82s flowchart LR
+7.82s draw_shader_shared.hh_24775 --> GPU_shader_shared_utils.hh_933
+7.82s style GPU_shader_shared_utils.hh_933 fill:#0f0
+7.82s draw_object_infos_infos.hh_3974 --> draw_shader_shared.hh_24775
+7.82s style draw_shader_shared.hh_24775 fill:#f00
+7.82s gpencil_shader_shared.hh_4176 --> GPU_shader_shared_utils.hh_933
+7.82s style GPU_shader_shared_utils.hh_933 fill:#0f0
+7.82s draw_object_infos_infos.hh_3974 --> gpencil_shader_shared.hh_4176
+7.82s style gpencil_shader_shared.hh_4176 fill:#4b0
+7.82s draw_view_infos.hh_5696 --> draw_defines.hh_678
+7.82s style draw_defines.hh_678 fill:#0f0
+7.82s draw_command_shared.hh_1480 --> GPU_shader_shared_utils.hh_933
+7.82s style GPU_shader_shared_utils.hh_933 fill:#0f0
+7.82s draw_view_infos.hh_5696 --> draw_command_shared.hh_1480
+7.82s style draw_command_shared.hh_1480 fill:#1e0
+7.82s draw_view_infos.hh_5696 --> draw_shader_shared.hh_24775
+7.82s style draw_shader_shared.hh_24775 fill:#f00
+7.82s draw_object_infos_infos.hh_3974 --> draw_view_infos.hh_5696
+7.82s style draw_view_infos.hh_5696 fill:#5a0
+7.82s draw_object_infos_infos.hh_3974 --> draw_defines.hh_678
+7.82s style draw_defines.hh_678 fill:#0f0
+7.82s overlay_edit_mode_infos.hh_43170 --> draw_object_infos_infos.hh_3974
+7.82s style draw_object_infos_infos.hh_3974 fill:#3c0
+7.82s overlay_edit_mode_infos.hh_43170 --> draw_view_infos.hh_5696
+7.82s style draw_view_infos.hh_5696 fill:#5a0
+7.82s GPU_shader_shared.hh_13548 --> GPU_shader_shared_utils.hh_933
+7.82s style GPU_shader_shared_utils.hh_933 fill:#0f0
+7.82s gpu_index_load_infos.hh_567 --> GPU_shader_shared.hh_13548
+7.82s style GPU_shader_shared.hh_13548 fill:#d20
+7.82s overlay_edit_mode_infos.hh_43170 --> gpu_index_load_infos.hh_567
+7.82s style gpu_index_load_infos.hh_567 fill:#0f0
+7.82s overlay_shader_shared.hh_16231 --> GPU_shader_shared_utils.hh_933
+7.82s style GPU_shader_shared_utils.hh_933 fill:#0f0
+7.82s overlay_edit_mode_infos.hh_43170 --> overlay_shader_shared.hh_16231
+7.82s style overlay_shader_shared.hh_16231 fill:#f00
+7.82s overlay_common_infos.hh_1184 --> overlay_shader_shared.hh_16231
+7.82s style overlay_shader_shared.hh_16231 fill:#f00
+7.82s overlay_common_infos.hh_1184 --> select_shader_shared.hh_773
+7.82s style select_shader_shared.hh_773 fill:#0f0
+7.82s overlay_common_infos.hh_1184 --> select_defines.hh_108
+7.82s style select_defines.hh_108 fill:#0f0
+7.82s overlay_edit_mode_infos.hh_43170 --> overlay_common_infos.hh_1184
+7.82s style overlay_common_infos.hh_1184 fill:#1e0
+7.82s overlay_edit_particle_strand_vert.glsl_1016 --> overlay_edit_mode_infos.hh_43170
+7.82s style overlay_edit_mode_infos.hh_43170 fill:#f00
+7.82s draw_model_lib.glsl_2881 --> draw_view_infos.hh_5696
+7.82s style draw_view_infos.hh_5696 fill:#5a0
+7.82s draw_view_lib.glsl_3779 --> draw_view_infos.hh_5696
+7.82s style draw_view_infos.hh_5696 fill:#5a0
+7.82s draw_model_lib.glsl_2881 --> draw_view_lib.glsl_3779
+7.82s style draw_view_lib.glsl_3779 fill:#3c0
+7.82s overlay_edit_particle_strand_vert.glsl_1016 --> draw_model_lib.glsl_2881
+7.82s style draw_model_lib.glsl_2881 fill:#2d0
+7.82s overlay_edit_particle_strand_vert.glsl_1016 --> draw_view_clipping_lib.glsl_1192
+7.82s style draw_view_clipping_lib.glsl_1192 fill:#1e0
+7.82s overlay_edit_particle_strand_vert.glsl_1016 --> draw_view_lib.glsl_3779
+7.82s style draw_view_lib.glsl_3779 fill:#3c0
+7.82s 
+7.82s 00:07.206  gpu.shader.deps  | Resolved Source Tree (Mermaid flowchart) 
+7.82s flowchart LR
+7.82s gpu_shader_compat_glsl.glsl_4944 --> gpu_shader_glsl_extension.glsl_644
+7.82s style gpu_shader_glsl_extension.glsl_644 fill:#0f0
+7.82s 
+7.82s 00:07.207  gpu.shader.deps  | Resolved Source Tree (Mermaid flowchart) overlay_edit_particle_strand
+7.82s flowchart LR
+7.82s draw_shader_shared.hh_24775 --> GPU_shader_shared_utils.hh_933
+7.82s style GPU_shader_shared_utils.hh_933 fill:#0f0
+7.82s draw_object_infos_infos.hh_3974 --> draw_shader_shared.hh_24775
+7.82s style draw_shader_shared.hh_24775 fill:#f00
+7.82s gpencil_shader_shared.hh_4176 --> GPU_shader_shared_utils.hh_933
+7.82s style GPU_shader_shared_utils.hh_933 fill:#0f0
+7.82s draw_object_infos_infos.hh_3974 --> gpencil_shader_shared.hh_4176
+7.82s style gpencil_shader_shared.hh_4176 fill:#4b0
+7.82s draw_view_infos.hh_5696 --> draw_defines.hh_678
+7.82s style draw_defines.hh_678 fill:#0f0
+7.82s draw_command_shared.hh_1480 --> GPU_shader_shared_utils.hh_933
+7.82s style GPU_shader_shared_utils.hh_933 fill:#0f0
+7.82s draw_view_infos.hh_5696 --> draw_command_shared.hh_1480
+7.82s style draw_command_shared.hh_1480 fill:#1e0
+7.82s draw_view_infos.hh_5696 --> draw_shader_shared.hh_24775
+7.82s style draw_shader_shared.hh_24775 fill:#f00
+7.82s draw_object_infos_infos.hh_3974 --> draw_view_infos.hh_5696
+7.82s style draw_view_infos.hh_5696 fill:#5a0
+7.82s draw_object_infos_infos.hh_3974 --> draw_defines.hh_678
+7.82s style draw_defines.hh_678 fill:#0f0
+7.82s overlay_volume_infos.hh_7542 --> draw_object_infos_infos.hh_3974
+7.82s style draw_object_infos_infos.hh_3974 fill:#3c0
+7.82s overlay_volume_infos.hh_7542 --> draw_view_infos.hh_5696
+7.82s style draw_view_infos.hh_5696 fill:#5a0
+7.82s overlay_shader_shared.hh_16231 --> GPU_shader_shared_utils.hh_933
+7.82s style GPU_shader_shared_utils.hh_933 fill:#0f0
+7.82s overlay_common_infos.hh_1184 --> overlay_shader_shared.hh_16231
+7.82s style overlay_shader_shared.hh_16231 fill:#f00
+7.82s overlay_common_infos.hh_1184 --> select_shader_shared.hh_773
+7.82s style select_shader_shared.hh_773 fill:#0f0
+7.82s overlay_common_infos.hh_1184 --> select_defines.hh_108
+7.82s style select_defines.hh_108 fill:#0f0
+7.82s overlay_volume_infos.hh_7542 --> overlay_common_infos.hh_1184
+7.82s style overlay_common_infos.hh_1184 fill:#1e0
+7.82s overlay_varying_color.glsl_355 --> overlay_volume_infos.hh_7542
+7.82s style overlay_volume_infos.hh_7542 fill:#780
+7.82s draw_view_lib.glsl_3779 --> draw_view_infos.hh_5696
+7.82s style draw_view_infos.hh_5696 fill:#5a0
+7.82s overlay_common_lib.glsl_1652 --> draw_view_lib.glsl_3779
+7.82s style draw_view_lib.glsl_3779 fill:#3c0
+7.82s overlay_varying_color.glsl_355 --> overlay_common_lib.glsl_1652
+7.82s style overlay_common_lib.glsl_1652 fill:#1e0
+7.82s overlay_varying_color.glsl_355 --> select_lib.glsl_1221
+7.82s style select_lib.glsl_1221 fill:#1e0
+7.82s 
+7.82s 00:07.207  gpu.shader.deps  | Resolved Source Tree (Mermaid flowchart) 
+7.82s flowchart LR
+7.82s gpu_shader_compat_glsl.glsl_4944 --> gpu_shader_glsl_extension.glsl_644
+7.82s style gpu_shader_glsl_extension.glsl_644 fill:#0f0
+7.82s 
+7.96s 00:07.352  gpu.shader       | Compiling Shader "overlay_edit_curves_point"
+7.96s 00:07.352  gpu.shader.deps  | Resolved Source Tree (Mermaid flowchart) overlay_edit_curves_point
+7.96s flowchart LR
+7.96s draw_shader_shared.hh_24775 --> GPU_shader_shared_utils.hh_933
+7.96s style GPU_shader_shared_utils.hh_933 fill:#0f0
+7.96s draw_object_infos_infos.hh_3974 --> draw_shader_shared.hh_24775
+7.96s style draw_shader_shared.hh_24775 fill:#f00
+7.96s gpencil_shader_shared.hh_4176 --> GPU_shader_shared_utils.hh_933
+7.96s style GPU_shader_shared_utils.hh_933 fill:#0f0
+7.96s draw_object_infos_infos.hh_3974 --> gpencil_shader_shared.hh_4176
+7.96s style gpencil_shader_shared.hh_4176 fill:#4b0
+7.96s draw_view_infos.hh_5696 --> draw_defines.hh_678
+7.96s style draw_defines.hh_678 fill:#0f0
+7.96s draw_command_shared.hh_1480 --> GPU_shader_shared_utils.hh_933
+7.96s style GPU_shader_shared_utils.hh_933 fill:#0f0
+7.96s draw_view_infos.hh_5696 --> draw_command_shared.hh_1480
+7.96s style draw_command_shared.hh_1480 fill:#1e0
+7.96s draw_view_infos.hh_5696 --> draw_shader_shared.hh_24775
+7.96s style draw_shader_shared.hh_24775 fill:#f00
+7.96s draw_object_infos_infos.hh_3974 --> draw_view_infos.hh_5696
+7.96s style draw_view_infos.hh_5696 fill:#5a0
+7.96s draw_object_infos_infos.hh_3974 --> draw_defines.hh_678
+7.96s style draw_defines.hh_678 fill:#0f0
+7.96s overlay_edit_mode_infos.hh_43170 --> draw_object_infos_infos.hh_3974
+7.96s style draw_object_infos_infos.hh_3974 fill:#3c0
+7.96s overlay_edit_mode_infos.hh_43170 --> draw_view_infos.hh_5696
+7.96s style draw_view_infos.hh_5696 fill:#5a0
+7.96s GPU_shader_shared.hh_13548 --> GPU_shader_shared_utils.hh_933
+7.96s style GPU_shader_shared_utils.hh_933 fill:#0f0
+7.96s gpu_index_load_infos.hh_567 --> GPU_shader_shared.hh_13548
+7.96s style GPU_shader_shared.hh_13548 fill:#d20
+7.96s overlay_edit_mode_infos.hh_43170 --> gpu_index_load_infos.hh_567
+7.96s style gpu_index_load_infos.hh_567 fill:#0f0
+7.96s overlay_shader_shared.hh_16231 --> GPU_shader_shared_utils.hh_933
+7.96s style GPU_shader_shared_utils.hh_933 fill:#0f0
+7.96s overlay_edit_mode_infos.hh_43170 --> overlay_shader_shared.hh_16231
+7.96s style overlay_shader_shared.hh_16231 fill:#f00
+7.96s overlay_common_infos.hh_1184 --> overlay_shader_shared.hh_16231
+7.96s style overlay_shader_shared.hh_16231 fill:#f00
+7.96s overlay_common_infos.hh_1184 --> select_shader_shared.hh_773
+7.96s style select_shader_shared.hh_773 fill:#0f0
+7.96s overlay_common_infos.hh_1184 --> select_defines.hh_108
+7.96s style select_defines.hh_108 fill:#0f0
+7.96s overlay_edit_mode_infos.hh_43170 --> overlay_common_infos.hh_1184
+7.96s style overlay_common_infos.hh_1184 fill:#1e0
+7.96s overlay_edit_particle_point_vert.glsl_2520 --> overlay_edit_mode_infos.hh_43170
+7.96s style overlay_edit_mode_infos.hh_43170 fill:#f00
+7.96s draw_model_lib.glsl_2881 --> draw_view_infos.hh_5696
+7.96s style draw_view_infos.hh_5696 fill:#5a0
+7.96s draw_view_lib.glsl_3779 --> draw_view_infos.hh_5696
+7.96s style draw_view_infos.hh_5696 fill:#5a0
+7.96s draw_model_lib.glsl_2881 --> draw_view_lib.glsl_3779
+7.96s style draw_view_lib.glsl_3779 fill:#3c0
+7.96s overlay_edit_particle_point_vert.glsl_2520 --> draw_model_lib.glsl_2881
+7.96s style draw_model_lib.glsl_2881 fill:#2d0
+7.96s overlay_edit_particle_point_vert.glsl_2520 --> draw_view_clipping_lib.glsl_1192
+7.96s style draw_view_clipping_lib.glsl_1192 fill:#1e0
+7.96s overlay_edit_particle_point_vert.glsl_2520 --> draw_view_lib.glsl_3779
+7.96s style draw_view_lib.glsl_3779 fill:#3c0
+7.96s 
+7.96s 00:07.352  gpu.shader.deps  | Resolved Source Tree (Mermaid flowchart) 
+7.96s flowchart LR
+7.96s gpu_shader_compat_glsl.glsl_4944 --> gpu_shader_glsl_extension.glsl_644
+7.96s style gpu_shader_glsl_extension.glsl_644 fill:#0f0
+7.96s 
+7.96s 00:07.353  gpu.shader.deps  | Resolved Source Tree (Mermaid flowchart) overlay_edit_curves_point
+7.96s flowchart LR
+7.96s draw_shader_shared.hh_24775 --> GPU_shader_shared_utils.hh_933
+7.96s style GPU_shader_shared_utils.hh_933 fill:#0f0
+7.96s draw_object_infos_infos.hh_3974 --> draw_shader_shared.hh_24775
+7.96s style draw_shader_shared.hh_24775 fill:#f00
+7.96s gpencil_shader_shared.hh_4176 --> GPU_shader_shared_utils.hh_933
+7.96s style GPU_shader_shared_utils.hh_933 fill:#0f0
+7.96s draw_object_infos_infos.hh_3974 --> gpencil_shader_shared.hh_4176
+7.96s style gpencil_shader_shared.hh_4176 fill:#4b0
+7.96s draw_view_infos.hh_5696 --> draw_defines.hh_678
+7.96s style draw_defines.hh_678 fill:#0f0
+7.96s draw_command_shared.hh_1480 --> GPU_shader_shared_utils.hh_933
+7.96s style GPU_shader_shared_utils.hh_933 fill:#0f0
+7.96s draw_view_infos.hh_5696 --> draw_command_shared.hh_1480
+7.96s style draw_command_shared.hh_1480 fill:#1e0
+7.96s draw_view_infos.hh_5696 --> draw_shader_shared.hh_24775
+7.96s style draw_shader_shared.hh_24775 fill:#f00
+7.96s draw_object_infos_infos.hh_3974 --> draw_view_infos.hh_5696
+7.96s style draw_view_infos.hh_5696 fill:#5a0
+7.96s draw_object_infos_infos.hh_3974 --> draw_defines.hh_678
+7.96s style draw_defines.hh_678 fill:#0f0
+7.96s overlay_extra_infos.hh_32368 --> draw_object_infos_infos.hh_3974
+7.96s style draw_object_infos_infos.hh_3974 fill:#3c0
+7.96s overlay_extra_infos.hh_32368 --> draw_view_infos.hh_5696
+7.96s style draw_view_infos.hh_5696 fill:#5a0
+7.96s GPU_shader_shared.hh_13548 --> GPU_shader_shared_utils.hh_933
+7.96s style GPU_shader_shared_utils.hh_933 fill:#0f0
+7.96s gpu_index_load_infos.hh_567 --> GPU_shader_shared.hh_13548
+7.96s style GPU_shader_shared.hh_13548 fill:#d20
+7.96s overlay_extra_infos.hh_32368 --> gpu_index_load_infos.hh_567
+7.96s style gpu_index_load_infos.hh_567 fill:#0f0
+7.96s overlay_shader_shared.hh_16231 --> GPU_shader_shared_utils.hh_933
+7.96s style GPU_shader_shared_utils.hh_933 fill:#0f0
+7.96s overlay_extra_infos.hh_32368 --> overlay_shader_shared.hh_16231
+7.96s style overlay_shader_shared.hh_16231 fill:#f00
+7.96s overlay_common_infos.hh_1184 --> overlay_shader_shared.hh_16231
+7.96s style overlay_shader_shared.hh_16231 fill:#f00
+7.96s overlay_common_infos.hh_1184 --> select_shader_shared.hh_773
+7.96s style select_shader_shared.hh_773 fill:#0f0
+7.96s overlay_common_infos.hh_1184 --> select_defines.hh_108
+7.96s style select_defines.hh_108 fill:#0f0
+7.96s overlay_extra_infos.hh_32368 --> overlay_common_infos.hh_1184
+7.96s style overlay_common_infos.hh_1184 fill:#1e0
+7.96s overlay_point_varying_color_frag.glsl_729 --> overlay_extra_infos.hh_32368
+7.96s style overlay_extra_infos.hh_32368 fill:#f00
+7.96s overlay_point_varying_color_frag.glsl_729 --> select_lib.glsl_1221
+7.96s style select_lib.glsl_1221 fill:#1e0
+7.96s 
+7.96s 00:07.354  gpu.shader.deps  | Resolved Source Tree (Mermaid flowchart) 
+7.96s flowchart LR
+7.96s gpu_shader_compat_glsl.glsl_4944 --> gpu_shader_glsl_extension.glsl_644
+7.96s style gpu_shader_glsl_extension.glsl_644 fill:#0f0
+7.96s 
+8.11s 00:07.504  gpu.shader       | Compiling Shader "overlay_depth_curves"
+8.11s 00:07.504  gpu.shader.deps  | Resolved Source Tree (Mermaid flowchart) overlay_depth_curves
+8.11s flowchart LR
+8.11s draw_shader_shared.hh_24775 --> GPU_shader_shared_utils.hh_933
+8.11s style GPU_shader_shared_utils.hh_933 fill:#0f0
+8.11s draw_object_infos_infos.hh_3974 --> draw_shader_shared.hh_24775
+8.11s style draw_shader_shared.hh_24775 fill:#f00
+8.11s gpencil_shader_shared.hh_4176 --> GPU_shader_shared_utils.hh_933
+8.11s style GPU_shader_shared_utils.hh_933 fill:#0f0
+8.11s draw_object_infos_infos.hh_3974 --> gpencil_shader_shared.hh_4176
+8.11s style gpencil_shader_shared.hh_4176 fill:#4b0
+8.11s draw_view_infos.hh_5696 --> draw_defines.hh_678
+8.11s style draw_defines.hh_678 fill:#0f0
+8.11s draw_command_shared.hh_1480 --> GPU_shader_shared_utils.hh_933
+8.11s style GPU_shader_shared_utils.hh_933 fill:#0f0
+8.11s draw_view_infos.hh_5696 --> draw_command_shared.hh_1480
+8.11s style draw_command_shared.hh_1480 fill:#1e0
+8.11s draw_view_infos.hh_5696 --> draw_shader_shared.hh_24775
+8.11s style draw_shader_shared.hh_24775 fill:#f00
+8.11s draw_object_infos_infos.hh_3974 --> draw_view_infos.hh_5696
+8.11s style draw_view_infos.hh_5696 fill:#5a0
+8.11s draw_object_infos_infos.hh_3974 --> draw_defines.hh_678
+8.11s style draw_defines.hh_678 fill:#0f0
+8.11s overlay_edit_mode_infos.hh_43170 --> draw_object_infos_infos.hh_3974
+8.11s style draw_object_infos_infos.hh_3974 fill:#3c0
+8.11s overlay_edit_mode_infos.hh_43170 --> draw_view_infos.hh_5696
+8.11s style draw_view_infos.hh_5696 fill:#5a0
+8.11s GPU_shader_shared.hh_13548 --> GPU_shader_shared_utils.hh_933
+8.11s style GPU_shader_shared_utils.hh_933 fill:#0f0
+8.11s gpu_index_load_infos.hh_567 --> GPU_shader_shared.hh_13548
+8.11s style GPU_shader_shared.hh_13548 fill:#d20
+8.11s overlay_edit_mode_infos.hh_43170 --> gpu_index_load_infos.hh_567
+8.11s style gpu_index_load_infos.hh_567 fill:#0f0
+8.11s overlay_shader_shared.hh_16231 --> GPU_shader_shared_utils.hh_933
+8.11s style GPU_shader_shared_utils.hh_933 fill:#0f0
+8.11s overlay_edit_mode_infos.hh_43170 --> overlay_shader_shared.hh_16231
+8.11s style overlay_shader_shared.hh_16231 fill:#f00
+8.11s overlay_common_infos.hh_1184 --> overlay_shader_shared.hh_16231
+8.11s style overlay_shader_shared.hh_16231 fill:#f00
+8.11s overlay_common_infos.hh_1184 --> select_shader_shared.hh_773
+8.11s style select_shader_shared.hh_773 fill:#0f0
+8.11s overlay_common_infos.hh_1184 --> select_defines.hh_108
+8.11s style select_defines.hh_108 fill:#0f0
+8.11s overlay_edit_mode_infos.hh_43170 --> overlay_common_infos.hh_1184
+8.11s style overlay_common_infos.hh_1184 fill:#1e0
+8.12s overlay_depth_only_curves_vert.glsl_566 --> overlay_edit_mode_infos.hh_43170
+8.12s style overlay_edit_mode_infos.hh_43170 fill:#f00
+8.12s draw_curves_lib.glsl_7890 --> draw_object_infos_infos.hh_3974
+8.12s style draw_object_infos_infos.hh_3974 fill:#3c0
+8.12s draw_curves_lib.glsl_7890 --> gpu_shader_math_constants_lib.glsl_604
+8.12s style gpu_shader_math_constants_lib.glsl_604 fill:#0f0
+8.12s gpu_shader_math_matrix_conversion_lib.glsl_988 --> gpu_shader_math_base_lib.glsl_1464
+8.12s style gpu_shader_math_base_lib.glsl_1464 fill:#1e0
+8.12s gpu_shader_math_matrix_conversion_lib.glsl_988 --> gpu_shader_math_euler_lib.glsl_722
+8.12s style gpu_shader_math_euler_lib.glsl_722 fill:#0f0
+8.12s gpu_shader_math_matrix_compare_lib.glsl_3039 --> gpu_shader_math_vector_compare_lib.glsl_2302
+8.12s style gpu_shader_math_vector_compare_lib.glsl_2302 fill:#2d0
+8.12s gpu_shader_math_matrix_conversion_lib.glsl_988 --> gpu_shader_math_matrix_compare_lib.glsl_3039
+8.12s style gpu_shader_math_matrix_compare_lib.glsl_3039 fill:#3c0
+8.12s gpu_shader_math_matrix_conversion_lib.glsl_988 --> gpu_shader_math_quaternion_lib.glsl_1440
+8.12s style gpu_shader_math_quaternion_lib.glsl_1440 fill:#1e0
+8.12s gpu_shader_math_matrix_conversion_lib.glsl_988 --> gpu_shader_utildefines_lib.glsl_3296
+8.12s style gpu_shader_utildefines_lib.glsl_3296 fill:#3c0
+8.12s draw_curves_lib.glsl_7890 --> gpu_shader_math_matrix_conversion_lib.glsl_988
+8.12s style gpu_shader_math_matrix_conversion_lib.glsl_988 fill:#0f0
+8.12s draw_curves_lib.glsl_7890 --> gpu_shader_math_matrix_transform_lib.glsl_833
+8.12s style gpu_shader_math_matrix_transform_lib.glsl_833 fill:#0f0
+8.12s overlay_depth_only_curves_vert.glsl_566 --> draw_curves_lib.glsl_7890
+8.12s style draw_curves_lib.glsl_7890 fill:#780
+8.12s draw_model_lib.glsl_2881 --> draw_view_infos.hh_5696
+8.12s style draw_view_infos.hh_5696 fill:#5a0
+8.12s draw_view_lib.glsl_3779 --> draw_view_infos.hh_5696
+8.12s style draw_view_infos.hh_5696 fill:#5a0
+8.12s draw_model_lib.glsl_2881 --> draw_view_lib.glsl_3779
+8.12s style draw_view_lib.glsl_3779 fill:#3c0
+8.12s overlay_depth_only_curves_vert.glsl_566 --> draw_model_lib.glsl_2881
+8.12s style draw_model_lib.glsl_2881 fill:#2d0
+8.12s overlay_depth_only_curves_vert.glsl_566 --> draw_view_clipping_lib.glsl_1192
+8.12s style draw_view_clipping_lib.glsl_1192 fill:#1e0
+8.12s overlay_depth_only_curves_vert.glsl_566 --> draw_view_lib.glsl_3779
+8.12s style draw_view_lib.glsl_3779 fill:#3c0
+8.12s overlay_depth_only_curves_vert.glsl_566 --> select_lib.glsl_1221
+8.12s style select_lib.glsl_1221 fill:#1e0
+8.12s 
+8.12s 00:07.504  gpu.shader.deps  | Resolved Source Tree (Mermaid flowchart) 
+8.12s flowchart LR
+8.12s gpu_shader_compat_glsl.glsl_4944 --> gpu_shader_glsl_extension.glsl_644
+8.12s style gpu_shader_glsl_extension.glsl_644 fill:#0f0
+8.12s 
+8.12s 00:07.506  gpu.shader.deps  | Resolved Source Tree (Mermaid flowchart) overlay_depth_curves
+8.12s flowchart LR
+8.12s draw_shader_shared.hh_24775 --> GPU_shader_shared_utils.hh_933
+8.12s style GPU_shader_shared_utils.hh_933 fill:#0f0
+8.12s draw_object_infos_infos.hh_3974 --> draw_shader_shared.hh_24775
+8.12s style draw_shader_shared.hh_24775 fill:#f00
+8.12s gpencil_shader_shared.hh_4176 --> GPU_shader_shared_utils.hh_933
+8.12s style GPU_shader_shared_utils.hh_933 fill:#0f0
+8.12s draw_object_infos_infos.hh_3974 --> gpencil_shader_shared.hh_4176
+8.12s style gpencil_shader_shared.hh_4176 fill:#4b0
+8.12s draw_view_infos.hh_5696 --> draw_defines.hh_678
+8.12s style draw_defines.hh_678 fill:#0f0
+8.12s draw_command_shared.hh_1480 --> GPU_shader_shared_utils.hh_933
+8.12s style GPU_shader_shared_utils.hh_933 fill:#0f0
+8.12s draw_view_infos.hh_5696 --> draw_command_shared.hh_1480
+8.12s style draw_command_shared.hh_1480 fill:#1e0
+8.12s draw_view_infos.hh_5696 --> draw_shader_shared.hh_24775
+8.12s style draw_shader_shared.hh_24775 fill:#f00
+8.12s draw_object_infos_infos.hh_3974 --> draw_view_infos.hh_5696
+8.12s style draw_view_infos.hh_5696 fill:#5a0
+8.12s draw_object_infos_infos.hh_3974 --> draw_defines.hh_678
+8.12s style draw_defines.hh_678 fill:#0f0
+8.12s overlay_edit_mode_infos.hh_43170 --> draw_object_infos_infos.hh_3974
+8.12s style draw_object_infos_infos.hh_3974 fill:#3c0
+8.12s overlay_edit_mode_infos.hh_43170 --> draw_view_infos.hh_5696
+8.12s style draw_view_infos.hh_5696 fill:#5a0
+8.12s GPU_shader_shared.hh_13548 --> GPU_shader_shared_utils.hh_933
+8.12s style GPU_shader_shared_utils.hh_933 fill:#0f0
+8.12s gpu_index_load_infos.hh_567 --> GPU_shader_shared.hh_13548
+8.12s style GPU_shader_shared.hh_13548 fill:#d20
+8.12s overlay_edit_mode_infos.hh_43170 --> gpu_index_load_infos.hh_567
+8.12s style gpu_index_load_infos.hh_567 fill:#0f0
+8.12s overlay_shader_shared.hh_16231 --> GPU_shader_shared_utils.hh_933
+8.12s style GPU_shader_shared_utils.hh_933 fill:#0f0
+8.12s overlay_edit_mode_infos.hh_43170 --> overlay_shader_shared.hh_16231
+8.12s style overlay_shader_shared.hh_16231 fill:#f00
+8.12s overlay_common_infos.hh_1184 --> overlay_shader_shared.hh_16231
+8.12s style overlay_shader_shared.hh_16231 fill:#f00
+8.12s overlay_common_infos.hh_1184 --> select_shader_shared.hh_773
+8.12s style select_shader_shared.hh_773 fill:#0f0
+8.12s overlay_common_infos.hh_1184 --> select_defines.hh_108
+8.12s style select_defines.hh_108 fill:#0f0
+8.12s overlay_edit_mode_infos.hh_43170 --> overlay_common_infos.hh_1184
+8.12s style overlay_common_infos.hh_1184 fill:#1e0
+8.12s overlay_depth_only_frag.glsl_269 --> overlay_edit_mode_infos.hh_43170
+8.12s style overlay_edit_mode_infos.hh_43170 fill:#f00
+8.12s overlay_depth_only_frag.glsl_269 --> select_lib.glsl_1221
+8.12s style select_lib.glsl_1221 fill:#1e0
+8.12s 
+8.12s 00:07.506  gpu.shader.deps  | Resolved Source Tree (Mermaid flowchart) 
+8.12s flowchart LR
+8.12s gpu_shader_compat_glsl.glsl_4944 --> gpu_shader_glsl_extension.glsl_644
+8.12s style gpu_shader_glsl_extension.glsl_644 fill:#0f0
+8.12s 
+8.25s 00:07.648  gpu.shader       | Compiling Shader "overlay_depth_gpencil"
+8.25s 00:07.648  gpu.shader.deps  | Resolved Source Tree (Mermaid flowchart) overlay_depth_gpencil
+8.25s flowchart LR
+8.25s draw_shader_shared.hh_24775 --> GPU_shader_shared_utils.hh_933
+8.26s style GPU_shader_shared_utils.hh_933 fill:#0f0
+8.26s draw_object_infos_infos.hh_3974 --> draw_shader_shared.hh_24775
+8.26s style draw_shader_shared.hh_24775 fill:#f00
+8.26s gpencil_shader_shared.hh_4176 --> GPU_shader_shared_utils.hh_933
+8.26s style GPU_shader_shared_utils.hh_933 fill:#0f0
+8.26s draw_object_infos_infos.hh_3974 --> gpencil_shader_shared.hh_4176
+8.26s style gpencil_shader_shared.hh_4176 fill:#4b0
+8.26s draw_view_infos.hh_5696 --> draw_defines.hh_678
+8.26s style draw_defines.hh_678 fill:#0f0
+8.26s draw_command_shared.hh_1480 --> GPU_shader_shared_utils.hh_933
+8.26s style GPU_shader_shared_utils.hh_933 fill:#0f0
+8.26s draw_view_infos.hh_5696 --> draw_command_shared.hh_1480
+8.26s style draw_command_shared.hh_1480 fill:#1e0
+8.26s draw_view_infos.hh_5696 --> draw_shader_shared.hh_24775
+8.26s style draw_shader_shared.hh_24775 fill:#f00
+8.26s draw_object_infos_infos.hh_3974 --> draw_view_infos.hh_5696
+8.26s style draw_view_infos.hh_5696 fill:#5a0
+8.26s draw_object_infos_infos.hh_3974 --> draw_defines.hh_678
+8.26s style draw_defines.hh_678 fill:#0f0
+8.26s overlay_edit_mode_infos.hh_43170 --> draw_object_infos_infos.hh_3974
+8.26s style draw_object_infos_infos.hh_3974 fill:#3c0
+8.26s overlay_edit_mode_infos.hh_43170 --> draw_view_infos.hh_5696
+8.26s style draw_view_infos.hh_5696 fill:#5a0
+8.26s GPU_shader_shared.hh_13548 --> GPU_shader_shared_utils.hh_933
+8.26s style GPU_shader_shared_utils.hh_933 fill:#0f0
+8.26s gpu_index_load_infos.hh_567 --> GPU_shader_shared.hh_13548
+8.26s style GPU_shader_shared.hh_13548 fill:#d20
+8.26s overlay_edit_mode_infos.hh_43170 --> gpu_index_load_infos.hh_567
+8.26s style gpu_index_load_infos.hh_567 fill:#0f0
+8.26s overlay_shader_shared.hh_16231 --> GPU_shader_shared_utils.hh_933
+8.26s style GPU_shader_shared_utils.hh_933 fill:#0f0
+8.26s overlay_edit_mode_infos.hh_43170 --> overlay_shader_shared.hh_16231
+8.26s style overlay_shader_shared.hh_16231 fill:#f00
+8.26s overlay_common_infos.hh_1184 --> overlay_shader_shared.hh_16231
+8.26s style overlay_shader_shared.hh_16231 fill:#f00
+8.26s overlay_common_infos.hh_1184 --> select_shader_shared.hh_773
+8.26s style select_shader_shared.hh_773 fill:#0f0
+8.26s overlay_common_infos.hh_1184 --> select_defines.hh_108
+8.26s style select_defines.hh_108 fill:#0f0
+8.26s overlay_edit_mode_infos.hh_43170 --> overlay_common_infos.hh_1184
+8.26s style overlay_common_infos.hh_1184 fill:#1e0
+8.26s overlay_depth_only_gpencil_vert.glsl_1129 --> overlay_edit_mode_infos.hh_43170
+8.26s style overlay_edit_mode_infos.hh_43170 fill:#f00
+8.26s draw_grease_pencil_lib.glsl_21395 --> draw_object_infos_infos.hh_3974
+8.26s style draw_object_infos_infos.hh_3974 fill:#3c0
+8.26s draw_model_lib.glsl_2881 --> draw_view_infos.hh_5696
+8.26s style draw_view_infos.hh_5696 fill:#5a0
+8.26s draw_view_lib.glsl_3779 --> draw_view_infos.hh_5696
+8.26s style draw_view_infos.hh_5696 fill:#5a0
+8.26s draw_model_lib.glsl_2881 --> draw_view_lib.glsl_3779
+8.26s style draw_view_lib.glsl_3779 fill:#3c0
+8.26s draw_grease_pencil_lib.glsl_21395 --> draw_model_lib.glsl_2881
+8.26s style draw_model_lib.glsl_2881 fill:#2d0
+8.26s draw_object_infos_lib.glsl_542 --> draw_object_infos_infos.hh_3974
+8.26s style draw_object_infos_infos.hh_3974 fill:#3c0
+8.26s draw_object_infos_lib.glsl_542 --> draw_model_lib.glsl_2881
+8.26s style draw_model_lib.glsl_2881 fill:#2d0
+8.26s draw_grease_pencil_lib.glsl_21395 --> draw_object_infos_lib.glsl_542
+8.26s style draw_object_infos_lib.glsl_542 fill:#0f0
+8.26s draw_grease_pencil_lib.glsl_21395 --> draw_view_lib.glsl_3779
+8.26s style draw_view_lib.glsl_3779 fill:#3c0
+8.26s draw_grease_pencil_lib.glsl_21395 --> gpu_shader_math_constants_lib.glsl_604
+8.26s style gpu_shader_math_constants_lib.glsl_604 fill:#0f0
+8.26s draw_grease_pencil_lib.glsl_21395 --> gpu_shader_math_matrix_transform_lib.glsl_833
+8.26s style gpu_shader_math_matrix_transform_lib.glsl_833 fill:#0f0
+8.26s draw_grease_pencil_lib.glsl_21395 --> gpu_shader_math_vector_lib.glsl_4416
+8.26s style gpu_shader_math_vector_lib.glsl_4416 fill:#4b0
+8.26s gpu_shader_math_safe_lib.glsl_1274 --> gpu_shader_math_constants_lib.glsl_604
+8.26s style gpu_shader_math_constants_lib.glsl_604 fill:#0f0
+8.26s gpu_shader_math_vector_safe_lib.glsl_6451 --> gpu_shader_math_safe_lib.glsl_1274
+8.26s style gpu_shader_math_safe_lib.glsl_1274 fill:#1e0
+8.26s draw_grease_pencil_lib.glsl_21395 --> gpu_shader_math_vector_safe_lib.glsl_6451
+8.26s style gpu_shader_math_vector_safe_lib.glsl_6451 fill:#690
+8.26s draw_grease_pencil_lib.glsl_21395 --> gpu_shader_utildefines_lib.glsl_3296
+8.26s style gpu_shader_utildefines_lib.glsl_3296 fill:#3c0
+8.26s overlay_depth_only_gpencil_vert.glsl_1129 --> draw_grease_pencil_lib.glsl_21395
+8.26s style draw_grease_pencil_lib.glsl_21395 fill:#f00
+8.26s overlay_depth_only_gpencil_vert.glsl_1129 --> draw_model_lib.glsl_2881
+8.26s style draw_model_lib.glsl_2881 fill:#2d0
+8.26s overlay_depth_only_gpencil_vert.glsl_1129 --> draw_view_clipping_lib.glsl_1192
+8.26s style draw_view_clipping_lib.glsl_1192 fill:#1e0
+8.26s overlay_depth_only_gpencil_vert.glsl_1129 --> draw_view_lib.glsl_3779
+8.26s style draw_view_lib.glsl_3779 fill:#3c0
+8.26s overlay_depth_only_gpencil_vert.glsl_1129 --> select_lib.glsl_1221
+8.26s style select_lib.glsl_1221 fill:#1e0
+8.26s 
+8.26s 00:07.648  gpu.shader.deps  | Resolved Source Tree (Mermaid flowchart) 
+8.26s flowchart LR
+8.26s gpu_shader_compat_glsl.glsl_4944 --> gpu_shader_glsl_extension.glsl_644
+8.26s style gpu_shader_glsl_extension.glsl_644 fill:#0f0
+8.26s 
+8.26s 00:07.650  gpu.shader.deps  | Resolved Source Tree (Mermaid flowchart) overlay_depth_gpencil
+8.26s flowchart LR
+8.26s draw_shader_shared.hh_24775 --> GPU_shader_shared_utils.hh_933
+8.26s style GPU_shader_shared_utils.hh_933 fill:#0f0
+8.26s draw_object_infos_infos.hh_3974 --> draw_shader_shared.hh_24775
+8.26s style draw_shader_shared.hh_24775 fill:#f00
+8.26s gpencil_shader_shared.hh_4176 --> GPU_shader_shared_utils.hh_933
+8.26s style GPU_shader_shared_utils.hh_933 fill:#0f0
+8.26s draw_object_infos_infos.hh_3974 --> gpencil_shader_shared.hh_4176
+8.26s style gpencil_shader_shared.hh_4176 fill:#4b0
+8.26s draw_view_infos.hh_5696 --> draw_defines.hh_678
+8.26s style draw_defines.hh_678 fill:#0f0
+8.26s draw_command_shared.hh_1480 --> GPU_shader_shared_utils.hh_933
+8.26s style GPU_shader_shared_utils.hh_933 fill:#0f0
+8.26s draw_view_infos.hh_5696 --> draw_command_shared.hh_1480
+8.26s style draw_command_shared.hh_1480 fill:#1e0
+8.26s draw_view_infos.hh_5696 --> draw_shader_shared.hh_24775
+8.26s style draw_shader_shared.hh_24775 fill:#f00
+8.26s draw_object_infos_infos.hh_3974 --> draw_view_infos.hh_5696
+8.26s style draw_view_infos.hh_5696 fill:#5a0
+8.26s draw_object_infos_infos.hh_3974 --> draw_defines.hh_678
+8.26s style draw_defines.hh_678 fill:#0f0
+8.26s overlay_edit_mode_infos.hh_43170 --> draw_object_infos_infos.hh_3974
+8.26s style draw_object_infos_infos.hh_3974 fill:#3c0
+8.26s overlay_edit_mode_infos.hh_43170 --> draw_view_infos.hh_5696
+8.26s style draw_view_infos.hh_5696 fill:#5a0
+8.26s GPU_shader_shared.hh_13548 --> GPU_shader_shared_utils.hh_933
+8.26s style GPU_shader_shared_utils.hh_933 fill:#0f0
+8.26s gpu_index_load_infos.hh_567 --> GPU_shader_shared.hh_13548
+8.26s style GPU_shader_shared.hh_13548 fill:#d20
+8.26s overlay_edit_mode_infos.hh_43170 --> gpu_index_load_infos.hh_567
+8.26s style gpu_index_load_infos.hh_567 fill:#0f0
+8.26s overlay_shader_shared.hh_16231 --> GPU_shader_shared_utils.hh_933
+8.26s style GPU_shader_shared_utils.hh_933 fill:#0f0
+8.26s overlay_edit_mode_infos.hh_43170 --> overlay_shader_shared.hh_16231
+8.26s style overlay_shader_shared.hh_16231 fill:#f00
+8.26s overlay_common_infos.hh_1184 --> overlay_shader_shared.hh_16231
+8.26s style overlay_shader_shared.hh_16231 fill:#f00
+8.26s overlay_common_infos.hh_1184 --> select_shader_shared.hh_773
+8.26s style select_shader_shared.hh_773 fill:#0f0
+8.26s overlay_common_infos.hh_1184 --> select_defines.hh_108
+8.26s style select_defines.hh_108 fill:#0f0
+8.26s overlay_edit_mode_infos.hh_43170 --> overlay_common_infos.hh_1184
+8.26s style overlay_common_infos.hh_1184 fill:#1e0
+8.26s overlay_depth_only_gpencil_frag.glsl_1800 --> overlay_edit_mode_infos.hh_43170
+8.26s style overlay_edit_mode_infos.hh_43170 fill:#f00
+8.26s draw_grease_pencil_lib.glsl_21395 --> draw_object_infos_infos.hh_3974
+8.26s style draw_object_infos_infos.hh_3974 fill:#3c0
+8.26s draw_model_lib.glsl_2881 --> draw_view_infos.hh_5696
+8.26s style draw_view_infos.hh_5696 fill:#5a0
+8.26s draw_view_lib.glsl_3779 --> draw_view_infos.hh_5696
+8.26s style draw_view_infos.hh_5696 fill:#5a0
+8.26s draw_model_lib.glsl_2881 --> draw_view_lib.glsl_3779
+8.26s style draw_view_lib.glsl_3779 fill:#3c0
+8.26s draw_grease_pencil_lib.glsl_21395 --> draw_model_lib.glsl_2881
+8.26s style draw_model_lib.glsl_2881 fill:#2d0
+8.26s draw_object_infos_lib.glsl_542 --> draw_object_infos_infos.hh_3974
+8.26s style draw_object_infos_infos.hh_3974 fill:#3c0
+8.26s draw_object_infos_lib.glsl_542 --> draw_model_lib.glsl_2881
+8.26s style draw_model_lib.glsl_2881 fill:#2d0
+8.26s draw_grease_pencil_lib.glsl_21395 --> draw_object_infos_lib.glsl_542
+8.26s style draw_object_infos_lib.glsl_542 fill:#0f0
+8.26s draw_grease_pencil_lib.glsl_21395 --> draw_view_lib.glsl_3779
+8.26s style draw_view_lib.glsl_3779 fill:#3c0
+8.26s draw_grease_pencil_lib.glsl_21395 --> gpu_shader_math_constants_lib.glsl_604
+8.26s style gpu_shader_math_constants_lib.glsl_604 fill:#0f0
+8.26s draw_grease_pencil_lib.glsl_21395 --> gpu_shader_math_matrix_transform_lib.glsl_833
+8.26s style gpu_shader_math_matrix_transform_lib.glsl_833 fill:#0f0
+8.26s draw_grease_pencil_lib.glsl_21395 --> gpu_shader_math_vector_lib.glsl_4416
+8.26s style gpu_shader_math_vector_lib.glsl_4416 fill:#4b0
+8.26s gpu_shader_math_safe_lib.glsl_1274 --> gpu_shader_math_constants_lib.glsl_604
+8.26s style gpu_shader_math_constants_lib.glsl_604 fill:#0f0
+8.26s gpu_shader_math_vector_safe_lib.glsl_6451 --> gpu_shader_math_safe_lib.glsl_1274
+8.26s style gpu_shader_math_safe_lib.glsl_1274 fill:#1e0
+8.26s draw_grease_pencil_lib.glsl_21395 --> gpu_shader_math_vector_safe_lib.glsl_6451
+8.26s style gpu_shader_math_vector_safe_lib.glsl_6451 fill:#690
+8.26s draw_grease_pencil_lib.glsl_21395 --> gpu_shader_utildefines_lib.glsl_3296
+8.26s style gpu_shader_utildefines_lib.glsl_3296 fill:#3c0
+8.26s overlay_depth_only_gpencil_frag.glsl_1800 --> draw_grease_pencil_lib.glsl_21395
+8.26s style draw_grease_pencil_lib.glsl_21395 fill:#f00
+8.26s overlay_depth_only_gpencil_frag.glsl_1800 --> select_lib.glsl_1221
+8.26s style select_lib.glsl_1221 fill:#1e0
+8.26s 
+8.26s 00:07.651  gpu.shader.deps  | Resolved Source Tree (Mermaid flowchart) 
+8.26s flowchart LR
+8.26s gpu_shader_compat_glsl.glsl_4944 --> gpu_shader_glsl_extension.glsl_644
+8.26s style gpu_shader_glsl_extension.glsl_644 fill:#0f0
+8.26s 
+8.42s 00:07.815  gpu.shader       | Compiling Shader "overlay_depth_mesh"
+8.42s 00:07.815  gpu.shader.deps  | Resolved Source Tree (Mermaid flowchart) overlay_depth_mesh
+8.42s flowchart LR
+8.42s draw_shader_shared.hh_24775 --> GPU_shader_shared_utils.hh_933
+8.42s style GPU_shader_shared_utils.hh_933 fill:#0f0
+8.42s draw_object_infos_infos.hh_3974 --> draw_shader_shared.hh_24775
+8.42s style draw_shader_shared.hh_24775 fill:#f00
+8.42s gpencil_shader_shared.hh_4176 --> GPU_shader_shared_utils.hh_933
+8.43s style GPU_shader_shared_utils.hh_933 fill:#0f0
+8.43s draw_object_infos_infos.hh_3974 --> gpencil_shader_shared.hh_4176
+8.43s style gpencil_shader_shared.hh_4176 fill:#4b0
+8.43s draw_view_infos.hh_5696 --> draw_defines.hh_678
+8.43s style draw_defines.hh_678 fill:#0f0
+8.43s draw_command_shared.hh_1480 --> GPU_shader_shared_utils.hh_933
+8.43s style GPU_shader_shared_utils.hh_933 fill:#0f0
+8.43s draw_view_infos.hh_5696 --> draw_command_shared.hh_1480
+8.43s style draw_command_shared.hh_1480 fill:#1e0
+8.43s draw_view_infos.hh_5696 --> draw_shader_shared.hh_24775
+8.43s style draw_shader_shared.hh_24775 fill:#f00
+8.43s draw_object_infos_infos.hh_3974 --> draw_view_infos.hh_5696
+8.43s style draw_view_infos.hh_5696 fill:#5a0
+8.43s draw_object_infos_infos.hh_3974 --> draw_defines.hh_678
+8.43s style draw_defines.hh_678 fill:#0f0
+8.43s overlay_edit_mode_infos.hh_43170 --> draw_object_infos_infos.hh_3974
+8.43s style draw_object_infos_infos.hh_3974 fill:#3c0
+8.43s overlay_edit_mode_infos.hh_43170 --> draw_view_infos.hh_5696
+8.43s style draw_view_infos.hh_5696 fill:#5a0
+8.43s GPU_shader_shared.hh_13548 --> GPU_shader_shared_utils.hh_933
+8.43s style GPU_shader_shared_utils.hh_933 fill:#0f0
+8.43s gpu_index_load_infos.hh_567 --> GPU_shader_shared.hh_13548
+8.43s style GPU_shader_shared.hh_13548 fill:#d20
+8.43s overlay_edit_mode_infos.hh_43170 --> gpu_index_load_infos.hh_567
+8.43s style gpu_index_load_infos.hh_567 fill:#0f0
+8.43s overlay_shader_shared.hh_16231 --> GPU_shader_shared_utils.hh_933
+8.43s style GPU_shader_shared_utils.hh_933 fill:#0f0
+8.43s overlay_edit_mode_infos.hh_43170 --> overlay_shader_shared.hh_16231
+8.43s style overlay_shader_shared.hh_16231 fill:#f00
+8.43s overlay_common_infos.hh_1184 --> overlay_shader_shared.hh_16231
+8.43s style overlay_shader_shared.hh_16231 fill:#f00
+8.43s overlay_common_infos.hh_1184 --> select_shader_shared.hh_773
+8.43s style select_shader_shared.hh_773 fill:#0f0
+8.43s overlay_common_infos.hh_1184 --> select_defines.hh_108
+8.43s style select_defines.hh_108 fill:#0f0
+8.43s overlay_edit_mode_infos.hh_43170 --> overlay_common_infos.hh_1184
+8.43s style overlay_common_infos.hh_1184 fill:#1e0
+8.43s overlay_depth_only_vert.glsl_305 --> overlay_edit_mode_infos.hh_43170
+8.43s style overlay_edit_mode_infos.hh_43170 fill:#f00
+8.43s draw_model_lib.glsl_2881 --> draw_view_infos.hh_5696
+8.43s style draw_view_infos.hh_5696 fill:#5a0
+8.43s draw_view_lib.glsl_3779 --> draw_view_infos.hh_5696
+8.43s style draw_view_infos.hh_5696 fill:#5a0
+8.43s draw_model_lib.glsl_2881 --> draw_view_lib.glsl_3779
+8.43s style draw_view_lib.glsl_3779 fill:#3c0
+8.43s overlay_depth_only_vert.glsl_305 --> draw_model_lib.glsl_2881
+8.43s style draw_model_lib.glsl_2881 fill:#2d0
+8.43s overlay_depth_only_vert.glsl_305 --> draw_view_clipping_lib.glsl_1192
+8.43s style draw_view_clipping_lib.glsl_1192 fill:#1e0
+8.43s overlay_depth_only_vert.glsl_305 --> draw_view_lib.glsl_3779
+8.43s style draw_view_lib.glsl_3779 fill:#3c0
+8.43s overlay_depth_only_vert.glsl_305 --> select_lib.glsl_1221
+8.43s style select_lib.glsl_1221 fill:#1e0
+8.43s 
+8.43s 00:07.816  gpu.shader.deps  | Resolved Source Tree (Mermaid flowchart) 
+8.43s flowchart LR
+8.43s gpu_shader_compat_glsl.glsl_4944 --> gpu_shader_glsl_extension.glsl_644
+8.43s style gpu_shader_glsl_extension.glsl_644 fill:#0f0
+8.43s 
+8.43s 00:07.817  gpu.shader.deps  | Resolved Source Tree (Mermaid flowchart) overlay_depth_mesh
+8.43s flowchart LR
+8.43s draw_shader_shared.hh_24775 --> GPU_shader_shared_utils.hh_933
+8.43s style GPU_shader_shared_utils.hh_933 fill:#0f0
+8.43s draw_object_infos_infos.hh_3974 --> draw_shader_shared.hh_24775
+8.43s style draw_shader_shared.hh_24775 fill:#f00
+8.43s gpencil_shader_shared.hh_4176 --> GPU_shader_shared_utils.hh_933
+8.43s style GPU_shader_shared_utils.hh_933 fill:#0f0
+8.43s draw_object_infos_infos.hh_3974 --> gpencil_shader_shared.hh_4176
+8.43s style gpencil_shader_shared.hh_4176 fill:#4b0
+8.43s draw_view_infos.hh_5696 --> draw_defines.hh_678
+8.43s style draw_defines.hh_678 fill:#0f0
+8.43s draw_command_shared.hh_1480 --> GPU_shader_shared_utils.hh_933
+8.43s style GPU_shader_shared_utils.hh_933 fill:#0f0
+8.43s draw_view_infos.hh_5696 --> draw_command_shared.hh_1480
+8.43s style draw_command_shared.hh_1480 fill:#1e0
+8.43s draw_view_infos.hh_5696 --> draw_shader_shared.hh_24775
+8.43s style draw_shader_shared.hh_24775 fill:#f00
+8.43s draw_object_infos_infos.hh_3974 --> draw_view_infos.hh_5696
+8.43s style draw_view_infos.hh_5696 fill:#5a0
+8.43s draw_object_infos_infos.hh_3974 --> draw_defines.hh_678
+8.43s style draw_defines.hh_678 fill:#0f0
+8.43s overlay_edit_mode_infos.hh_43170 --> draw_object_infos_infos.hh_3974
+8.43s style draw_object_infos_infos.hh_3974 fill:#3c0
+8.43s overlay_edit_mode_infos.hh_43170 --> draw_view_infos.hh_5696
+8.43s style draw_view_infos.hh_5696 fill:#5a0
+8.43s GPU_shader_shared.hh_13548 --> GPU_shader_shared_utils.hh_933
+8.43s style GPU_shader_shared_utils.hh_933 fill:#0f0
+8.43s gpu_index_load_infos.hh_567 --> GPU_shader_shared.hh_13548
+8.43s style GPU_shader_shared.hh_13548 fill:#d20
+8.43s overlay_edit_mode_infos.hh_43170 --> gpu_index_load_infos.hh_567
+8.43s style gpu_index_load_infos.hh_567 fill:#0f0
+8.43s overlay_shader_shared.hh_16231 --> GPU_shader_shared_utils.hh_933
+8.43s style GPU_shader_shared_utils.hh_933 fill:#0f0
+8.43s overlay_edit_mode_infos.hh_43170 --> overlay_shader_shared.hh_16231
+8.43s style overlay_shader_shared.hh_16231 fill:#f00
+8.43s overlay_common_infos.hh_1184 --> overlay_shader_shared.hh_16231
+8.43s style overlay_shader_shared.hh_16231 fill:#f00
+8.43s overlay_common_infos.hh_1184 --> select_shader_shared.hh_773
+8.43s style select_shader_shared.hh_773 fill:#0f0
+8.43s overlay_common_infos.hh_1184 --> select_defines.hh_108
+8.43s style select_defines.hh_108 fill:#0f0
+8.43s overlay_edit_mode_infos.hh_43170 --> overlay_common_infos.hh_1184
+8.43s style overlay_common_infos.hh_1184 fill:#1e0
+8.43s overlay_depth_only_frag.glsl_269 --> overlay_edit_mode_infos.hh_43170
+8.43s style overlay_edit_mode_infos.hh_43170 fill:#f00
+8.43s overlay_depth_only_frag.glsl_269 --> select_lib.glsl_1221
+8.43s style select_lib.glsl_1221 fill:#1e0
+8.43s 
+8.43s 00:07.817  gpu.shader.deps  | Resolved Source Tree (Mermaid flowchart) 
+8.43s flowchart LR
+8.43s gpu_shader_compat_glsl.glsl_4944 --> gpu_shader_glsl_extension.glsl_644
+8.43s style gpu_shader_glsl_extension.glsl_644 fill:#0f0
+8.43s 
+8.56s 00:07.956  gpu.shader       | Compiling Shader "overlay_depth_pointcloud"
+8.56s 00:07.956  gpu.shader.deps  | Resolved Source Tree (Mermaid flowchart) overlay_depth_pointcloud
+8.56s flowchart LR
+8.56s draw_shader_shared.hh_24775 --> GPU_shader_shared_utils.hh_933
+8.56s style GPU_shader_shared_utils.hh_933 fill:#0f0
+8.56s draw_object_infos_infos.hh_3974 --> draw_shader_shared.hh_24775
+8.56s style draw_shader_shared.hh_24775 fill:#f00
+8.57s gpencil_shader_shared.hh_4176 --> GPU_shader_shared_utils.hh_933
+8.57s style GPU_shader_shared_utils.hh_933 fill:#0f0
+8.57s draw_object_infos_infos.hh_3974 --> gpencil_shader_shared.hh_4176
+8.57s style gpencil_shader_shared.hh_4176 fill:#4b0
+8.57s draw_view_infos.hh_5696 --> draw_defines.hh_678
+8.57s style draw_defines.hh_678 fill:#0f0
+8.57s draw_command_shared.hh_1480 --> GPU_shader_shared_utils.hh_933
+8.57s style GPU_shader_shared_utils.hh_933 fill:#0f0
+8.57s draw_view_infos.hh_5696 --> draw_command_shared.hh_1480
+8.57s style draw_command_shared.hh_1480 fill:#1e0
+8.57s draw_view_infos.hh_5696 --> draw_shader_shared.hh_24775
+8.57s style draw_shader_shared.hh_24775 fill:#f00
+8.57s draw_object_infos_infos.hh_3974 --> draw_view_infos.hh_5696
+8.57s style draw_view_infos.hh_5696 fill:#5a0
+8.57s draw_object_infos_infos.hh_3974 --> draw_defines.hh_678
+8.57s style draw_defines.hh_678 fill:#0f0
+8.57s overlay_edit_mode_infos.hh_43170 --> draw_object_infos_infos.hh_3974
+8.57s style draw_object_infos_infos.hh_3974 fill:#3c0
+8.57s overlay_edit_mode_infos.hh_43170 --> draw_view_infos.hh_5696
+8.57s style draw_view_infos.hh_5696 fill:#5a0
+8.57s GPU_shader_shared.hh_13548 --> GPU_shader_shared_utils.hh_933
+8.57s style GPU_shader_shared_utils.hh_933 fill:#0f0
+8.57s gpu_index_load_infos.hh_567 --> GPU_shader_shared.hh_13548
+8.57s style GPU_shader_shared.hh_13548 fill:#d20
+8.57s overlay_edit_mode_infos.hh_43170 --> gpu_index_load_infos.hh_567
+8.57s style gpu_index_load_infos.hh_567 fill:#0f0
+8.57s overlay_shader_shared.hh_16231 --> GPU_shader_shared_utils.hh_933
+8.57s style GPU_shader_shared_utils.hh_933 fill:#0f0
+8.57s overlay_edit_mode_infos.hh_43170 --> overlay_shader_shared.hh_16231
+8.57s style overlay_shader_shared.hh_16231 fill:#f00
+8.57s overlay_common_infos.hh_1184 --> overlay_shader_shared.hh_16231
+8.57s style overlay_shader_shared.hh_16231 fill:#f00
+8.57s overlay_common_infos.hh_1184 --> select_shader_shared.hh_773
+8.57s style select_shader_shared.hh_773 fill:#0f0
+8.57s overlay_common_infos.hh_1184 --> select_defines.hh_108
+8.57s style select_defines.hh_108 fill:#0f0
+8.57s overlay_edit_mode_infos.hh_43170 --> overlay_common_infos.hh_1184
+8.57s style overlay_common_infos.hh_1184 fill:#1e0
+8.57s overlay_depth_only_pointcloud_vert.glsl_968 --> overlay_edit_mode_infos.hh_43170
+8.57s style overlay_edit_mode_infos.hh_43170 fill:#f00
+8.57s draw_model_lib.glsl_2881 --> draw_view_infos.hh_5696
+8.57s style draw_view_infos.hh_5696 fill:#5a0
+8.57s draw_view_lib.glsl_3779 --> draw_view_infos.hh_5696
+8.57s style draw_view_infos.hh_5696 fill:#5a0
+8.57s draw_model_lib.glsl_2881 --> draw_view_lib.glsl_3779
+8.57s style draw_view_lib.glsl_3779 fill:#3c0
+8.57s overlay_depth_only_pointcloud_vert.glsl_968 --> draw_model_lib.glsl_2881
+8.57s style draw_model_lib.glsl_2881 fill:#2d0
+8.57s draw_pointcloud_lib.glsl_3635 --> draw_object_infos_infos.hh_3974
+8.57s style draw_object_infos_infos.hh_3974 fill:#3c0
+8.57s draw_pointcloud_lib.glsl_3635 --> draw_defines.hh_678
+8.57s style draw_defines.hh_678 fill:#0f0
+8.57s draw_pointcloud_lib.glsl_3635 --> gpu_shader_math_constants_lib.glsl_604
+8.57s style gpu_shader_math_constants_lib.glsl_604 fill:#0f0
+8.57s gpu_shader_math_matrix_conversion_lib.glsl_988 --> gpu_shader_math_base_lib.glsl_1464
+8.57s style gpu_shader_math_base_lib.glsl_1464 fill:#1e0
+8.57s gpu_shader_math_matrix_conversion_lib.glsl_988 --> gpu_shader_math_euler_lib.glsl_722
+8.57s style gpu_shader_math_euler_lib.glsl_722 fill:#0f0
+8.57s gpu_shader_math_matrix_compare_lib.glsl_3039 --> gpu_shader_math_vector_compare_lib.glsl_2302
+8.57s style gpu_shader_math_vector_compare_lib.glsl_2302 fill:#2d0
+8.57s gpu_shader_math_matrix_conversion_lib.glsl_988 --> gpu_shader_math_matrix_compare_lib.glsl_3039
+8.57s style gpu_shader_math_matrix_compare_lib.glsl_3039 fill:#3c0
+8.57s gpu_shader_math_matrix_conversion_lib.glsl_988 --> gpu_shader_math_quaternion_lib.glsl_1440
+8.57s style gpu_shader_math_quaternion_lib.glsl_1440 fill:#1e0
+8.57s gpu_shader_math_matrix_conversion_lib.glsl_988 --> gpu_shader_utildefines_lib.glsl_3296
+8.57s style gpu_shader_utildefines_lib.glsl_3296 fill:#3c0
+8.57s draw_pointcloud_lib.glsl_3635 --> gpu_shader_math_matrix_conversion_lib.glsl_988
+8.57s style gpu_shader_math_matrix_conversion_lib.glsl_988 fill:#0f0
+8.57s draw_pointcloud_lib.glsl_3635 --> gpu_shader_math_matrix_transform_lib.glsl_833
+8.57s style gpu_shader_math_matrix_transform_lib.glsl_833 fill:#0f0
+8.57s draw_pointcloud_lib.glsl_3635 --> gpu_shader_utildefines_lib.glsl_3296
+8.57s style gpu_shader_utildefines_lib.glsl_3296 fill:#3c0
+8.57s overlay_depth_only_pointcloud_vert.glsl_968 --> draw_pointcloud_lib.glsl_3635
+8.57s style draw_pointcloud_lib.glsl_3635 fill:#3c0
+8.57s overlay_depth_only_pointcloud_vert.glsl_968 --> draw_view_clipping_lib.glsl_1192
+8.57s style draw_view_clipping_lib.glsl_1192 fill:#1e0
+8.57s overlay_depth_only_pointcloud_vert.glsl_968 --> draw_view_lib.glsl_3779
+8.57s style draw_view_lib.glsl_3779 fill:#3c0
+8.57s overlay_depth_only_pointcloud_vert.glsl_968 --> select_lib.glsl_1221
+8.57s style select_lib.glsl_1221 fill:#1e0
+8.57s 
+8.57s 00:07.957  gpu.shader.deps  | Resolved Source Tree (Mermaid flowchart) 
+8.57s flowchart LR
+8.57s gpu_shader_compat_glsl.glsl_4944 --> gpu_shader_glsl_extension.glsl_644
+8.57s style gpu_shader_glsl_extension.glsl_644 fill:#0f0
+8.57s 
+8.57s 00:07.959  gpu.shader.deps  | Resolved Source Tree (Mermaid flowchart) overlay_depth_pointcloud
+8.57s flowchart LR
+8.57s draw_shader_shared.hh_24775 --> GPU_shader_shared_utils.hh_933
+8.57s style GPU_shader_shared_utils.hh_933 fill:#0f0
+8.57s draw_object_infos_infos.hh_3974 --> draw_shader_shared.hh_24775
+8.57s style draw_shader_shared.hh_24775 fill:#f00
+8.57s gpencil_shader_shared.hh_4176 --> GPU_shader_shared_utils.hh_933
+8.57s style GPU_shader_shared_utils.hh_933 fill:#0f0
+8.57s draw_object_infos_infos.hh_3974 --> gpencil_shader_shared.hh_4176
+8.57s style gpencil_shader_shared.hh_4176 fill:#4b0
+8.57s draw_view_infos.hh_5696 --> draw_defines.hh_678
+8.57s style draw_defines.hh_678 fill:#0f0
+8.57s draw_command_shared.hh_1480 --> GPU_shader_shared_utils.hh_933
+8.57s style GPU_shader_shared_utils.hh_933 fill:#0f0
+8.57s draw_view_infos.hh_5696 --> draw_command_shared.hh_1480
+8.57s style draw_command_shared.hh_1480 fill:#1e0
+8.57s draw_view_infos.hh_5696 --> draw_shader_shared.hh_24775
+8.57s style draw_shader_shared.hh_24775 fill:#f00
+8.57s draw_object_infos_infos.hh_3974 --> draw_view_infos.hh_5696
+8.57s style draw_view_infos.hh_5696 fill:#5a0
+8.57s draw_object_infos_infos.hh_3974 --> draw_defines.hh_678
+8.57s style draw_defines.hh_678 fill:#0f0
+8.57s overlay_edit_mode_infos.hh_43170 --> draw_object_infos_infos.hh_3974
+8.57s style draw_object_infos_infos.hh_3974 fill:#3c0
+8.57s overlay_edit_mode_infos.hh_43170 --> draw_view_infos.hh_5696
+8.57s style draw_view_infos.hh_5696 fill:#5a0
+8.57s GPU_shader_shared.hh_13548 --> GPU_shader_shared_utils.hh_933
+8.57s style GPU_shader_shared_utils.hh_933 fill:#0f0
+8.57s gpu_index_load_infos.hh_567 --> GPU_shader_shared.hh_13548
+8.57s style GPU_shader_shared.hh_13548 fill:#d20
+8.57s overlay_edit_mode_infos.hh_43170 --> gpu_index_load_infos.hh_567
+8.57s style gpu_index_load_infos.hh_567 fill:#0f0
+8.57s overlay_shader_shared.hh_16231 --> GPU_shader_shared_utils.hh_933
+8.57s style GPU_shader_shared_utils.hh_933 fill:#0f0
+8.57s overlay_edit_mode_infos.hh_43170 --> overlay_shader_shared.hh_16231
+8.57s style overlay_shader_shared.hh_16231 fill:#f00
+8.57s overlay_common_infos.hh_1184 --> overlay_shader_shared.hh_16231
+8.57s style overlay_shader_shared.hh_16231 fill:#f00
+8.57s overlay_common_infos.hh_1184 --> select_shader_shared.hh_773
+8.57s style select_shader_shared.hh_773 fill:#0f0
+8.57s overlay_common_infos.hh_1184 --> select_defines.hh_108
+8.57s style select_defines.hh_108 fill:#0f0
+8.57s overlay_edit_mode_infos.hh_43170 --> overlay_common_infos.hh_1184
+8.57s style overlay_common_infos.hh_1184 fill:#1e0
+8.57s overlay_depth_only_frag.glsl_269 --> overlay_edit_mode_infos.hh_43170
+8.57s style overlay_edit_mode_infos.hh_43170 fill:#f00
+8.57s overlay_depth_only_frag.glsl_269 --> select_lib.glsl_1221
+8.57s style select_lib.glsl_1221 fill:#1e0
+8.57s 
+8.57s 00:07.959  gpu.shader.deps  | Resolved Source Tree (Mermaid flowchart) 
+8.57s flowchart LR
+8.57s gpu_shader_compat_glsl.glsl_4944 --> gpu_shader_glsl_extension.glsl_644
+8.57s style gpu_shader_glsl_extension.glsl_644 fill:#0f0
+8.57s 
+8.71s 00:08.104  gpu.shader       | Compiling Shader "overlay_extra_grid"
+8.71s 00:08.104  gpu.shader.deps  | Resolved Source Tree (Mermaid flowchart) overlay_extra_grid
+8.71s flowchart LR
+8.71s draw_shader_shared.hh_24775 --> GPU_shader_shared_utils.hh_933
+8.71s style GPU_shader_shared_utils.hh_933 fill:#0f0
+8.71s draw_object_infos_infos.hh_3974 --> draw_shader_shared.hh_24775
+8.71s style draw_shader_shared.hh_24775 fill:#f00
+8.71s gpencil_shader_shared.hh_4176 --> GPU_shader_shared_utils.hh_933
+8.71s style GPU_shader_shared_utils.hh_933 fill:#0f0
+8.71s draw_object_infos_infos.hh_3974 --> gpencil_shader_shared.hh_4176
+8.71s style gpencil_shader_shared.hh_4176 fill:#4b0
+8.71s draw_view_infos.hh_5696 --> draw_defines.hh_678
+8.72s style draw_defines.hh_678 fill:#0f0
+8.72s draw_command_shared.hh_1480 --> GPU_shader_shared_utils.hh_933
+8.72s style GPU_shader_shared_utils.hh_933 fill:#0f0
+8.72s draw_view_infos.hh_5696 --> draw_command_shared.hh_1480
+8.72s style draw_command_shared.hh_1480 fill:#1e0
+8.72s draw_view_infos.hh_5696 --> draw_shader_shared.hh_24775
+8.72s style draw_shader_shared.hh_24775 fill:#f00
+8.72s draw_object_infos_infos.hh_3974 --> draw_view_infos.hh_5696
+8.72s style draw_view_infos.hh_5696 fill:#5a0
+8.72s draw_object_infos_infos.hh_3974 --> draw_defines.hh_678
+8.72s style draw_defines.hh_678 fill:#0f0
+8.72s overlay_extra_infos.hh_32368 --> draw_object_infos_infos.hh_3974
+8.72s style draw_object_infos_infos.hh_3974 fill:#3c0
+8.72s overlay_extra_infos.hh_32368 --> draw_view_infos.hh_5696
+8.72s style draw_view_infos.hh_5696 fill:#5a0
+8.72s GPU_shader_shared.hh_13548 --> GPU_shader_shared_utils.hh_933
+8.72s style GPU_shader_shared_utils.hh_933 fill:#0f0
+8.72s gpu_index_load_infos.hh_567 --> GPU_shader_shared.hh_13548
+8.72s style GPU_shader_shared.hh_13548 fill:#d20
+8.72s overlay_extra_infos.hh_32368 --> gpu_index_load_infos.hh_567
+8.72s style gpu_index_load_infos.hh_567 fill:#0f0
+8.72s overlay_shader_shared.hh_16231 --> GPU_shader_shared_utils.hh_933
+8.72s style GPU_shader_shared_utils.hh_933 fill:#0f0
+8.72s overlay_extra_infos.hh_32368 --> overlay_shader_shared.hh_16231
+8.72s style overlay_shader_shared.hh_16231 fill:#f00
+8.72s overlay_common_infos.hh_1184 --> overlay_shader_shared.hh_16231
+8.72s style overlay_shader_shared.hh_16231 fill:#f00
+8.72s overlay_common_infos.hh_1184 --> select_shader_shared.hh_773
+8.72s style select_shader_shared.hh_773 fill:#0f0
+8.72s overlay_common_infos.hh_1184 --> select_defines.hh_108
+8.72s style select_defines.hh_108 fill:#0f0
+8.72s overlay_extra_infos.hh_32368 --> overlay_common_infos.hh_1184
+8.72s style overlay_common_infos.hh_1184 fill:#1e0
+8.72s overlay_extra_lightprobe_grid_vert.glsl_1764 --> overlay_extra_infos.hh_32368
+8.72s style overlay_extra_infos.hh_32368 fill:#f00
+8.72s draw_model_lib.glsl_2881 --> draw_view_infos.hh_5696
+8.72s style draw_view_infos.hh_5696 fill:#5a0
+8.72s draw_view_lib.glsl_3779 --> draw_view_infos.hh_5696
+8.72s style draw_view_infos.hh_5696 fill:#5a0
+8.72s draw_model_lib.glsl_2881 --> draw_view_lib.glsl_3779
+8.72s style draw_view_lib.glsl_3779 fill:#3c0
+8.72s overlay_extra_lightprobe_grid_vert.glsl_1764 --> draw_model_lib.glsl_2881
+8.72s style draw_model_lib.glsl_2881 fill:#2d0
+8.72s overlay_extra_lightprobe_grid_vert.glsl_1764 --> draw_view_clipping_lib.glsl_1192
+8.72s style draw_view_clipping_lib.glsl_1192 fill:#1e0
+8.72s overlay_extra_lightprobe_grid_vert.glsl_1764 --> draw_view_lib.glsl_3779
+8.72s style draw_view_lib.glsl_3779 fill:#3c0
+8.72s overlay_extra_lightprobe_grid_vert.glsl_1764 --> select_lib.glsl_1221
+8.72s style select_lib.glsl_1221 fill:#1e0
+8.72s 
+8.72s 00:08.104  gpu.shader.deps  | Resolved Source Tree (Mermaid flowchart) 
+8.72s flowchart LR
+8.72s gpu_shader_compat_glsl.glsl_4944 --> gpu_shader_glsl_extension.glsl_644
+8.72s style gpu_shader_glsl_extension.glsl_644 fill:#0f0
+8.72s 
+8.72s 00:08.106  gpu.shader.deps  | Resolved Source Tree (Mermaid flowchart) overlay_extra_grid
+8.72s flowchart LR
+8.72s draw_shader_shared.hh_24775 --> GPU_shader_shared_utils.hh_933
+8.72s style GPU_shader_shared_utils.hh_933 fill:#0f0
+8.72s draw_object_infos_infos.hh_3974 --> draw_shader_shared.hh_24775
+8.72s style draw_shader_shared.hh_24775 fill:#f00
+8.72s gpencil_shader_shared.hh_4176 --> GPU_shader_shared_utils.hh_933
+8.72s style GPU_shader_shared_utils.hh_933 fill:#0f0
+8.72s draw_object_infos_infos.hh_3974 --> gpencil_shader_shared.hh_4176
+8.72s style gpencil_shader_shared.hh_4176 fill:#4b0
+8.72s draw_view_infos.hh_5696 --> draw_defines.hh_678
+8.72s style draw_defines.hh_678 fill:#0f0
+8.72s draw_command_shared.hh_1480 --> GPU_shader_shared_utils.hh_933
+8.72s style GPU_shader_shared_utils.hh_933 fill:#0f0
+8.72s draw_view_infos.hh_5696 --> draw_command_shared.hh_1480
+8.72s style draw_command_shared.hh_1480 fill:#1e0
+8.72s draw_view_infos.hh_5696 --> draw_shader_shared.hh_24775
+8.72s style draw_shader_shared.hh_24775 fill:#f00
+8.72s draw_object_infos_infos.hh_3974 --> draw_view_infos.hh_5696
+8.72s style draw_view_infos.hh_5696 fill:#5a0
+8.72s draw_object_infos_infos.hh_3974 --> draw_defines.hh_678
+8.72s style draw_defines.hh_678 fill:#0f0
+8.72s overlay_extra_infos.hh_32368 --> draw_object_infos_infos.hh_3974
+8.72s style draw_object_infos_infos.hh_3974 fill:#3c0
+8.72s overlay_extra_infos.hh_32368 --> draw_view_infos.hh_5696
+8.72s style draw_view_infos.hh_5696 fill:#5a0
+8.72s GPU_shader_shared.hh_13548 --> GPU_shader_shared_utils.hh_933
+8.72s style GPU_shader_shared_utils.hh_933 fill:#0f0
+8.72s gpu_index_load_infos.hh_567 --> GPU_shader_shared.hh_13548
+8.72s style GPU_shader_shared.hh_13548 fill:#d20
+8.72s overlay_extra_infos.hh_32368 --> gpu_index_load_infos.hh_567
+8.72s style gpu_index_load_infos.hh_567 fill:#0f0
+8.72s overlay_shader_shared.hh_16231 --> GPU_shader_shared_utils.hh_933
+8.72s style GPU_shader_shared_utils.hh_933 fill:#0f0
+8.72s overlay_extra_infos.hh_32368 --> overlay_shader_shared.hh_16231
+8.72s style overlay_shader_shared.hh_16231 fill:#f00
+8.72s overlay_common_infos.hh_1184 --> overlay_shader_shared.hh_16231
+8.72s style overlay_shader_shared.hh_16231 fill:#f00
+8.72s overlay_common_infos.hh_1184 --> select_shader_shared.hh_773
+8.72s style select_shader_shared.hh_773 fill:#0f0
+8.72s overlay_common_infos.hh_1184 --> select_defines.hh_108
+8.72s style select_defines.hh_108 fill:#0f0
+8.72s overlay_extra_infos.hh_32368 --> overlay_common_infos.hh_1184
+8.72s style overlay_common_infos.hh_1184 fill:#1e0
+8.72s overlay_point_varying_color_frag.glsl_729 --> overlay_extra_infos.hh_32368
+8.72s style overlay_extra_infos.hh_32368 fill:#f00
+8.72s overlay_point_varying_color_frag.glsl_729 --> select_lib.glsl_1221
+8.72s style select_lib.glsl_1221 fill:#1e0
+8.72s 
+8.72s 00:08.106  gpu.shader.deps  | Resolved Source Tree (Mermaid flowchart) 
+8.72s flowchart LR
+8.72s gpu_shader_compat_glsl.glsl_4944 --> gpu_shader_glsl_extension.glsl_644
+8.72s style gpu_shader_glsl_extension.glsl_644 fill:#0f0
+8.72s 
+8.85s 00:08.243  gpu.shader       | Compiling Shader "overlay_extra_groundline"
+8.85s 00:08.243  gpu.shader.deps  | Resolved Source Tree (Mermaid flowchart) overlay_extra_groundline
+8.85s flowchart LR
+8.85s draw_shader_shared.hh_24775 --> GPU_shader_shared_utils.hh_933
+8.85s style GPU_shader_shared_utils.hh_933 fill:#0f0
+8.85s draw_object_infos_infos.hh_3974 --> draw_shader_shared.hh_24775
+8.85s style draw_shader_shared.hh_24775 fill:#f00
+8.85s gpencil_shader_shared.hh_4176 --> GPU_shader_shared_utils.hh_933
+8.86s style GPU_shader_shared_utils.hh_933 fill:#0f0
+8.86s draw_object_infos_infos.hh_3974 --> gpencil_shader_shared.hh_4176
+8.86s style gpencil_shader_shared.hh_4176 fill:#4b0
+8.86s draw_view_infos.hh_5696 --> draw_defines.hh_678
+8.86s style draw_defines.hh_678 fill:#0f0
+8.86s draw_command_shared.hh_1480 --> GPU_shader_shared_utils.hh_933
+8.86s style GPU_shader_shared_utils.hh_933 fill:#0f0
+8.86s draw_view_infos.hh_5696 --> draw_command_shared.hh_1480
+8.86s style draw_command_shared.hh_1480 fill:#1e0
+8.86s draw_view_infos.hh_5696 --> draw_shader_shared.hh_24775
+8.86s style draw_shader_shared.hh_24775 fill:#f00
+8.86s draw_object_infos_infos.hh_3974 --> draw_view_infos.hh_5696
+8.86s style draw_view_infos.hh_5696 fill:#5a0
+8.86s draw_object_infos_infos.hh_3974 --> draw_defines.hh_678
+8.86s style draw_defines.hh_678 fill:#0f0
+8.86s overlay_extra_infos.hh_32368 --> draw_object_infos_infos.hh_3974
+8.86s style draw_object_infos_infos.hh_3974 fill:#3c0
+8.86s overlay_extra_infos.hh_32368 --> draw_view_infos.hh_5696
+8.86s style draw_view_infos.hh_5696 fill:#5a0
+8.86s GPU_shader_shared.hh_13548 --> GPU_shader_shared_utils.hh_933
+8.86s style GPU_shader_shared_utils.hh_933 fill:#0f0
+8.86s gpu_index_load_infos.hh_567 --> GPU_shader_shared.hh_13548
+8.86s style GPU_shader_shared.hh_13548 fill:#d20
+8.86s overlay_extra_infos.hh_32368 --> gpu_index_load_infos.hh_567
+8.86s style gpu_index_load_infos.hh_567 fill:#0f0
+8.86s overlay_shader_shared.hh_16231 --> GPU_shader_shared_utils.hh_933
+8.86s style GPU_shader_shared_utils.hh_933 fill:#0f0
+8.86s overlay_extra_infos.hh_32368 --> overlay_shader_shared.hh_16231
+8.86s style overlay_shader_shared.hh_16231 fill:#f00
+8.86s overlay_common_infos.hh_1184 --> overlay_shader_shared.hh_16231
+8.86s style overlay_shader_shared.hh_16231 fill:#f00
+8.86s overlay_common_infos.hh_1184 --> select_shader_shared.hh_773
+8.86s style select_shader_shared.hh_773 fill:#0f0
+8.86s overlay_common_infos.hh_1184 --> select_defines.hh_108
+8.86s style select_defines.hh_108 fill:#0f0
+8.86s overlay_extra_infos.hh_32368 --> overlay_common_infos.hh_1184
+8.86s style overlay_common_infos.hh_1184 fill:#1e0
+8.86s overlay_extra_groundline_vert.glsl_809 --> overlay_extra_infos.hh_32368
+8.86s style overlay_extra_infos.hh_32368 fill:#f00
+8.86s overlay_extra_groundline_vert.glsl_809 --> draw_view_clipping_lib.glsl_1192
+8.86s style draw_view_clipping_lib.glsl_1192 fill:#1e0
+8.86s draw_view_lib.glsl_3779 --> draw_view_infos.hh_5696
+8.86s style draw_view_infos.hh_5696 fill:#5a0
+8.86s overlay_extra_groundline_vert.glsl_809 --> draw_view_lib.glsl_3779
+8.86s style draw_view_lib.glsl_3779 fill:#3c0
+8.86s overlay_common_lib.glsl_1652 --> draw_view_lib.glsl_3779
+8.86s style draw_view_lib.glsl_3779 fill:#3c0
+8.86s overlay_extra_groundline_vert.glsl_809 --> overlay_common_lib.glsl_1652
+8.86s style overlay_common_lib.glsl_1652 fill:#1e0
+8.86s overlay_extra_groundline_vert.glsl_809 --> select_lib.glsl_1221
+8.86s style select_lib.glsl_1221 fill:#1e0
+8.86s 
+8.86s 00:08.244  gpu.shader.deps  | Resolved Source Tree (Mermaid flowchart) 
+8.86s flowchart LR
+8.86s gpu_shader_compat_glsl.glsl_4944 --> gpu_shader_glsl_extension.glsl_644
+8.86s style gpu_shader_glsl_extension.glsl_644 fill:#0f0
+8.86s 
+8.86s 00:08.245  gpu.shader.deps  | Resolved Source Tree (Mermaid flowchart) overlay_extra_groundline
+8.86s flowchart LR
+8.86s draw_shader_shared.hh_24775 --> GPU_shader_shared_utils.hh_933
+8.86s style GPU_shader_shared_utils.hh_933 fill:#0f0
+8.86s draw_object_infos_infos.hh_3974 --> draw_shader_shared.hh_24775
+8.86s style draw_shader_shared.hh_24775 fill:#f00
+8.86s gpencil_shader_shared.hh_4176 --> GPU_shader_shared_utils.hh_933
+8.86s style GPU_shader_shared_utils.hh_933 fill:#0f0
+8.86s draw_object_infos_infos.hh_3974 --> gpencil_shader_shared.hh_4176
+8.86s style gpencil_shader_shared.hh_4176 fill:#4b0
+8.86s draw_view_infos.hh_5696 --> draw_defines.hh_678
+8.86s style draw_defines.hh_678 fill:#0f0
+8.86s draw_command_shared.hh_1480 --> GPU_shader_shared_utils.hh_933
+8.86s style GPU_shader_shared_utils.hh_933 fill:#0f0
+8.86s draw_view_infos.hh_5696 --> draw_command_shared.hh_1480
+8.86s style draw_command_shared.hh_1480 fill:#1e0
+8.86s draw_view_infos.hh_5696 --> draw_shader_shared.hh_24775
+8.86s style draw_shader_shared.hh_24775 fill:#f00
+8.86s draw_object_infos_infos.hh_3974 --> draw_view_infos.hh_5696
+8.86s style draw_view_infos.hh_5696 fill:#5a0
+8.86s draw_object_infos_infos.hh_3974 --> draw_defines.hh_678
+8.86s style draw_defines.hh_678 fill:#0f0
+8.86s overlay_extra_infos.hh_32368 --> draw_object_infos_infos.hh_3974
+8.86s style draw_object_infos_infos.hh_3974 fill:#3c0
+8.86s overlay_extra_infos.hh_32368 --> draw_view_infos.hh_5696
+8.86s style draw_view_infos.hh_5696 fill:#5a0
+8.86s GPU_shader_shared.hh_13548 --> GPU_shader_shared_utils.hh_933
+8.86s style GPU_shader_shared_utils.hh_933 fill:#0f0
+8.86s gpu_index_load_infos.hh_567 --> GPU_shader_shared.hh_13548
+8.86s style GPU_shader_shared.hh_13548 fill:#d20
+8.86s overlay_extra_infos.hh_32368 --> gpu_index_load_infos.hh_567
+8.86s style gpu_index_load_infos.hh_567 fill:#0f0
+8.86s overlay_shader_shared.hh_16231 --> GPU_shader_shared_utils.hh_933
+8.86s style GPU_shader_shared_utils.hh_933 fill:#0f0
+8.86s overlay_extra_infos.hh_32368 --> overlay_shader_shared.hh_16231
+8.86s style overlay_shader_shared.hh_16231 fill:#f00
+8.86s overlay_common_infos.hh_1184 --> overlay_shader_shared.hh_16231
+8.86s style overlay_shader_shared.hh_16231 fill:#f00
+8.86s overlay_common_infos.hh_1184 --> select_shader_shared.hh_773
+8.86s style select_shader_shared.hh_773 fill:#0f0
+8.86s overlay_common_infos.hh_1184 --> select_defines.hh_108
+8.86s style select_defines.hh_108 fill:#0f0
+8.86s overlay_extra_infos.hh_32368 --> overlay_common_infos.hh_1184
+8.86s style overlay_common_infos.hh_1184 fill:#1e0
+8.86s overlay_extra_frag.glsl_316 --> overlay_extra_infos.hh_32368
+8.86s style overlay_extra_infos.hh_32368 fill:#f00
+8.86s draw_view_lib.glsl_3779 --> draw_view_infos.hh_5696
+8.86s style draw_view_infos.hh_5696 fill:#5a0
+8.86s overlay_common_lib.glsl_1652 --> draw_view_lib.glsl_3779
+8.86s style draw_view_lib.glsl_3779 fill:#3c0
+8.86s overlay_extra_frag.glsl_316 --> overlay_common_lib.glsl_1652
+8.86s style overlay_common_lib.glsl_1652 fill:#1e0
+8.86s overlay_extra_frag.glsl_316 --> select_lib.glsl_1221
+8.86s style select_lib.glsl_1221 fill:#1e0
+8.86s 
+8.86s 00:08.245  gpu.shader.deps  | Resolved Source Tree (Mermaid flowchart) 
+8.86s flowchart LR
+8.86s gpu_shader_compat_glsl.glsl_4944 --> gpu_shader_glsl_extension.glsl_644
+8.86s style gpu_shader_glsl_extension.glsl_644 fill:#0f0
+8.86s 
+9.00s 00:08.397  gpu.shader       | Compiling Shader "overlay_extra_loose_point"
+9.00s 00:08.397  gpu.shader.deps  | Resolved Source Tree (Mermaid flowchart) overlay_extra_loose_point
+9.00s flowchart LR
+9.00s draw_shader_shared.hh_24775 --> GPU_shader_shared_utils.hh_933
+9.00s style GPU_shader_shared_utils.hh_933 fill:#0f0
+9.00s draw_object_infos_infos.hh_3974 --> draw_shader_shared.hh_24775
+9.00s style draw_shader_shared.hh_24775 fill:#f00
+9.00s gpencil_shader_shared.hh_4176 --> GPU_shader_shared_utils.hh_933
+9.01s style GPU_shader_shared_utils.hh_933 fill:#0f0
+9.01s draw_object_infos_infos.hh_3974 --> gpencil_shader_shared.hh_4176
+9.01s style gpencil_shader_shared.hh_4176 fill:#4b0
+9.01s draw_view_infos.hh_5696 --> draw_defines.hh_678
+9.01s style draw_defines.hh_678 fill:#0f0
+9.01s draw_command_shared.hh_1480 --> GPU_shader_shared_utils.hh_933
+9.01s style GPU_shader_shared_utils.hh_933 fill:#0f0
+9.01s draw_view_infos.hh_5696 --> draw_command_shared.hh_1480
+9.01s style draw_command_shared.hh_1480 fill:#1e0
+9.01s draw_view_infos.hh_5696 --> draw_shader_shared.hh_24775
+9.01s style draw_shader_shared.hh_24775 fill:#f00
+9.01s draw_object_infos_infos.hh_3974 --> draw_view_infos.hh_5696
+9.01s style draw_view_infos.hh_5696 fill:#5a0
+9.01s draw_object_infos_infos.hh_3974 --> draw_defines.hh_678
+9.01s style draw_defines.hh_678 fill:#0f0
+9.01s overlay_extra_infos.hh_32368 --> draw_object_infos_infos.hh_3974
+9.01s style draw_object_infos_infos.hh_3974 fill:#3c0
+9.01s overlay_extra_infos.hh_32368 --> draw_view_infos.hh_5696
+9.01s style draw_view_infos.hh_5696 fill:#5a0
+9.01s GPU_shader_shared.hh_13548 --> GPU_shader_shared_utils.hh_933
+9.01s style GPU_shader_shared_utils.hh_933 fill:#0f0
+9.01s gpu_index_load_infos.hh_567 --> GPU_shader_shared.hh_13548
+9.01s style GPU_shader_shared.hh_13548 fill:#d20
+9.01s overlay_extra_infos.hh_32368 --> gpu_index_load_infos.hh_567
+9.01s style gpu_index_load_infos.hh_567 fill:#0f0
+9.01s overlay_shader_shared.hh_16231 --> GPU_shader_shared_utils.hh_933
+9.01s style GPU_shader_shared_utils.hh_933 fill:#0f0
+9.01s overlay_extra_infos.hh_32368 --> overlay_shader_shared.hh_16231
+9.01s style overlay_shader_shared.hh_16231 fill:#f00
+9.01s overlay_common_infos.hh_1184 --> overlay_shader_shared.hh_16231
+9.01s style overlay_shader_shared.hh_16231 fill:#f00
+9.01s overlay_common_infos.hh_1184 --> select_shader_shared.hh_773
+9.01s style select_shader_shared.hh_773 fill:#0f0
+9.01s overlay_common_infos.hh_1184 --> select_defines.hh_108
+9.01s style select_defines.hh_108 fill:#0f0
+9.01s overlay_extra_infos.hh_32368 --> overlay_common_infos.hh_1184
+9.01s style overlay_common_infos.hh_1184 fill:#1e0
+9.01s overlay_extra_loose_point_vert.glsl_457 --> overlay_extra_infos.hh_32368
+9.01s style overlay_extra_infos.hh_32368 fill:#f00
+9.01s draw_model_lib.glsl_2881 --> draw_view_infos.hh_5696
+9.01s style draw_view_infos.hh_5696 fill:#5a0
+9.01s draw_view_lib.glsl_3779 --> draw_view_infos.hh_5696
+9.01s style draw_view_infos.hh_5696 fill:#5a0
+9.01s draw_model_lib.glsl_2881 --> draw_view_lib.glsl_3779
+9.01s style draw_view_lib.glsl_3779 fill:#3c0
+9.01s overlay_extra_loose_point_vert.glsl_457 --> draw_model_lib.glsl_2881
+9.01s style draw_model_lib.glsl_2881 fill:#2d0
+9.01s overlay_extra_loose_point_vert.glsl_457 --> draw_view_clipping_lib.glsl_1192
+9.01s style draw_view_clipping_lib.glsl_1192 fill:#1e0
+9.01s overlay_extra_loose_point_vert.glsl_457 --> draw_view_lib.glsl_3779
+9.01s style draw_view_lib.glsl_3779 fill:#3c0
+9.01s 
+9.01s 00:08.397  gpu.shader.deps  | Resolved Source Tree (Mermaid flowchart) 
+9.01s flowchart LR
+9.01s gpu_shader_compat_glsl.glsl_4944 --> gpu_shader_glsl_extension.glsl_644
+9.01s style gpu_shader_glsl_extension.glsl_644 fill:#0f0
+9.01s 
+9.01s 00:08.398  gpu.shader.deps  | Resolved Source Tree (Mermaid flowchart) overlay_extra_loose_point
+9.01s flowchart LR
+9.01s draw_shader_shared.hh_24775 --> GPU_shader_shared_utils.hh_933
+9.01s style GPU_shader_shared_utils.hh_933 fill:#0f0
+9.01s draw_object_infos_infos.hh_3974 --> draw_shader_shared.hh_24775
+9.01s style draw_shader_shared.hh_24775 fill:#f00
+9.01s gpencil_shader_shared.hh_4176 --> GPU_shader_shared_utils.hh_933
+9.01s style GPU_shader_shared_utils.hh_933 fill:#0f0
+9.01s draw_object_infos_infos.hh_3974 --> gpencil_shader_shared.hh_4176
+9.01s style gpencil_shader_shared.hh_4176 fill:#4b0
+9.01s draw_view_infos.hh_5696 --> draw_defines.hh_678
+9.01s style draw_defines.hh_678 fill:#0f0
+9.01s draw_command_shared.hh_1480 --> GPU_shader_shared_utils.hh_933
+9.01s style GPU_shader_shared_utils.hh_933 fill:#0f0
+9.01s draw_view_infos.hh_5696 --> draw_command_shared.hh_1480
+9.01s style draw_command_shared.hh_1480 fill:#1e0
+9.01s draw_view_infos.hh_5696 --> draw_shader_shared.hh_24775
+9.01s style draw_shader_shared.hh_24775 fill:#f00
+9.01s draw_object_infos_infos.hh_3974 --> draw_view_infos.hh_5696
+9.01s style draw_view_infos.hh_5696 fill:#5a0
+9.01s draw_object_infos_infos.hh_3974 --> draw_defines.hh_678
+9.01s style draw_defines.hh_678 fill:#0f0
+9.01s overlay_extra_infos.hh_32368 --> draw_object_infos_infos.hh_3974
+9.01s style draw_object_infos_infos.hh_3974 fill:#3c0
+9.01s overlay_extra_infos.hh_32368 --> draw_view_infos.hh_5696
+9.01s style draw_view_infos.hh_5696 fill:#5a0
+9.01s GPU_shader_shared.hh_13548 --> GPU_shader_shared_utils.hh_933
+9.01s style GPU_shader_shared_utils.hh_933 fill:#0f0
+9.01s gpu_index_load_infos.hh_567 --> GPU_shader_shared.hh_13548
+9.01s style GPU_shader_shared.hh_13548 fill:#d20
+9.01s overlay_extra_infos.hh_32368 --> gpu_index_load_infos.hh_567
+9.01s style gpu_index_load_infos.hh_567 fill:#0f0
+9.01s overlay_shader_shared.hh_16231 --> GPU_shader_shared_utils.hh_933
+9.01s style GPU_shader_shared_utils.hh_933 fill:#0f0
+9.01s overlay_extra_infos.hh_32368 --> overlay_shader_shared.hh_16231
+9.01s style overlay_shader_shared.hh_16231 fill:#f00
+9.01s overlay_common_infos.hh_1184 --> overlay_shader_shared.hh_16231
+9.01s style overlay_shader_shared.hh_16231 fill:#f00
+9.01s overlay_common_infos.hh_1184 --> select_shader_shared.hh_773
+9.01s style select_shader_shared.hh_773 fill:#0f0
+9.01s overlay_common_infos.hh_1184 --> select_defines.hh_108
+9.01s style select_defines.hh_108 fill:#0f0
+9.01s overlay_extra_infos.hh_32368 --> overlay_common_infos.hh_1184
+9.01s style overlay_common_infos.hh_1184 fill:#1e0
+9.01s overlay_extra_loose_point_frag.glsl_477 --> overlay_extra_infos.hh_32368
+9.01s style overlay_extra_infos.hh_32368 fill:#f00
+9.01s 
+9.01s 00:08.398  gpu.shader.deps  | Resolved Source Tree (Mermaid flowchart) 
+9.01s flowchart LR
+9.01s gpu_shader_compat_glsl.glsl_4944 --> gpu_shader_glsl_extension.glsl_644
+9.01s style gpu_shader_glsl_extension.glsl_644 fill:#0f0
+9.01s 
+9.15s 00:08.542  gpu.shader       | Compiling Shader "overlay_extra_point"
+9.15s 00:08.542  gpu.shader.deps  | Resolved Source Tree (Mermaid flowchart) overlay_extra_point
+9.15s flowchart LR
+9.15s draw_shader_shared.hh_24775 --> GPU_shader_shared_utils.hh_933
+9.15s style GPU_shader_shared_utils.hh_933 fill:#0f0
+9.15s draw_object_infos_infos.hh_3974 --> draw_shader_shared.hh_24775
+9.15s style draw_shader_shared.hh_24775 fill:#f00
+9.15s gpencil_shader_shared.hh_4176 --> GPU_shader_shared_utils.hh_933
+9.15s style GPU_shader_shared_utils.hh_933 fill:#0f0
+9.15s draw_object_infos_infos.hh_3974 --> gpencil_shader_shared.hh_4176
+9.15s style gpencil_shader_shared.hh_4176 fill:#4b0
+9.16s draw_view_infos.hh_5696 --> draw_defines.hh_678
+9.16s style draw_defines.hh_678 fill:#0f0
+9.16s draw_command_shared.hh_1480 --> GPU_shader_shared_utils.hh_933
+9.16s style GPU_shader_shared_utils.hh_933 fill:#0f0
+9.16s draw_view_infos.hh_5696 --> draw_command_shared.hh_1480
+9.16s style draw_command_shared.hh_1480 fill:#1e0
+9.16s draw_view_infos.hh_5696 --> draw_shader_shared.hh_24775
+9.16s style draw_shader_shared.hh_24775 fill:#f00
+9.16s draw_object_infos_infos.hh_3974 --> draw_view_infos.hh_5696
+9.16s style draw_view_infos.hh_5696 fill:#5a0
+9.16s draw_object_infos_infos.hh_3974 --> draw_defines.hh_678
+9.16s style draw_defines.hh_678 fill:#0f0
+9.16s overlay_extra_infos.hh_32368 --> draw_object_infos_infos.hh_3974
+9.16s style draw_object_infos_infos.hh_3974 fill:#3c0
+9.16s overlay_extra_infos.hh_32368 --> draw_view_infos.hh_5696
+9.16s style draw_view_infos.hh_5696 fill:#5a0
+9.16s GPU_shader_shared.hh_13548 --> GPU_shader_shared_utils.hh_933
+9.16s style GPU_shader_shared_utils.hh_933 fill:#0f0
+9.16s gpu_index_load_infos.hh_567 --> GPU_shader_shared.hh_13548
+9.16s style GPU_shader_shared.hh_13548 fill:#d20
+9.16s overlay_extra_infos.hh_32368 --> gpu_index_load_infos.hh_567
+9.16s style gpu_index_load_infos.hh_567 fill:#0f0
+9.16s overlay_shader_shared.hh_16231 --> GPU_shader_shared_utils.hh_933
+9.16s style GPU_shader_shared_utils.hh_933 fill:#0f0
+9.16s overlay_extra_infos.hh_32368 --> overlay_shader_shared.hh_16231
+9.16s style overlay_shader_shared.hh_16231 fill:#f00
+9.16s overlay_common_infos.hh_1184 --> overlay_shader_shared.hh_16231
+9.16s style overlay_shader_shared.hh_16231 fill:#f00
+9.16s overlay_common_infos.hh_1184 --> select_shader_shared.hh_773
+9.16s style select_shader_shared.hh_773 fill:#0f0
+9.16s overlay_common_infos.hh_1184 --> select_defines.hh_108
+9.16s style select_defines.hh_108 fill:#0f0
+9.16s overlay_extra_infos.hh_32368 --> overlay_common_infos.hh_1184
+9.16s style overlay_common_infos.hh_1184 fill:#1e0
+9.16s overlay_extra_point_vert.glsl_845 --> overlay_extra_infos.hh_32368
+9.16s style overlay_extra_infos.hh_32368 fill:#f00
+9.16s draw_model_lib.glsl_2881 --> draw_view_infos.hh_5696
+9.16s style draw_view_infos.hh_5696 fill:#5a0
+9.16s draw_view_lib.glsl_3779 --> draw_view_infos.hh_5696
+9.16s style draw_view_infos.hh_5696 fill:#5a0
+9.16s draw_model_lib.glsl_2881 --> draw_view_lib.glsl_3779
+9.16s style draw_view_lib.glsl_3779 fill:#3c0
+9.16s overlay_extra_point_vert.glsl_845 --> draw_model_lib.glsl_2881
+9.16s style draw_model_lib.glsl_2881 fill:#2d0
+9.16s overlay_extra_point_vert.glsl_845 --> draw_view_clipping_lib.glsl_1192
+9.16s style draw_view_clipping_lib.glsl_1192 fill:#1e0
+9.16s overlay_extra_point_vert.glsl_845 --> draw_view_lib.glsl_3779
+9.16s style draw_view_lib.glsl_3779 fill:#3c0
+9.16s overlay_extra_point_vert.glsl_845 --> select_lib.glsl_1221
+9.16s style select_lib.glsl_1221 fill:#1e0
+9.16s 
+9.16s 00:08.542  gpu.shader.deps  | Resolved Source Tree (Mermaid flowchart) 
+9.16s flowchart LR
+9.16s gpu_shader_compat_glsl.glsl_4944 --> gpu_shader_glsl_extension.glsl_644
+9.16s style gpu_shader_glsl_extension.glsl_644 fill:#0f0
+9.16s 
+9.16s 00:08.544  gpu.shader.deps  | Resolved Source Tree (Mermaid flowchart) overlay_extra_point
+9.16s flowchart LR
+9.16s draw_shader_shared.hh_24775 --> GPU_shader_shared_utils.hh_933
+9.16s style GPU_shader_shared_utils.hh_933 fill:#0f0
+9.16s draw_object_infos_infos.hh_3974 --> draw_shader_shared.hh_24775
+9.16s style draw_shader_shared.hh_24775 fill:#f00
+9.16s gpencil_shader_shared.hh_4176 --> GPU_shader_shared_utils.hh_933
+9.16s style GPU_shader_shared_utils.hh_933 fill:#0f0
+9.16s draw_object_infos_infos.hh_3974 --> gpencil_shader_shared.hh_4176
+9.16s style gpencil_shader_shared.hh_4176 fill:#4b0
+9.16s draw_view_infos.hh_5696 --> draw_defines.hh_678
+9.16s style draw_defines.hh_678 fill:#0f0
+9.16s draw_command_shared.hh_1480 --> GPU_shader_shared_utils.hh_933
+9.16s style GPU_shader_shared_utils.hh_933 fill:#0f0
+9.16s draw_view_infos.hh_5696 --> draw_command_shared.hh_1480
+9.16s style draw_command_shared.hh_1480 fill:#1e0
+9.16s draw_view_infos.hh_5696 --> draw_shader_shared.hh_24775
+9.16s style draw_shader_shared.hh_24775 fill:#f00
+9.16s draw_object_infos_infos.hh_3974 --> draw_view_infos.hh_5696
+9.16s style draw_view_infos.hh_5696 fill:#5a0
+9.16s draw_object_infos_infos.hh_3974 --> draw_defines.hh_678
+9.16s style draw_defines.hh_678 fill:#0f0
+9.16s overlay_extra_infos.hh_32368 --> draw_object_infos_infos.hh_3974
+9.16s style draw_object_infos_infos.hh_3974 fill:#3c0
+9.16s overlay_extra_infos.hh_32368 --> draw_view_infos.hh_5696
+9.16s style draw_view_infos.hh_5696 fill:#5a0
+9.16s GPU_shader_shared.hh_13548 --> GPU_shader_shared_utils.hh_933
+9.16s style GPU_shader_shared_utils.hh_933 fill:#0f0
+9.16s gpu_index_load_infos.hh_567 --> GPU_shader_shared.hh_13548
+9.16s style GPU_shader_shared.hh_13548 fill:#d20
+9.16s overlay_extra_infos.hh_32368 --> gpu_index_load_infos.hh_567
+9.16s style gpu_index_load_infos.hh_567 fill:#0f0
+9.16s overlay_shader_shared.hh_16231 --> GPU_shader_shared_utils.hh_933
+9.16s style GPU_shader_shared_utils.hh_933 fill:#0f0
+9.16s overlay_extra_infos.hh_32368 --> overlay_shader_shared.hh_16231
+9.16s style overlay_shader_shared.hh_16231 fill:#f00
+9.16s overlay_common_infos.hh_1184 --> overlay_shader_shared.hh_16231
+9.16s style overlay_shader_shared.hh_16231 fill:#f00
+9.16s overlay_common_infos.hh_1184 --> select_shader_shared.hh_773
+9.16s style select_shader_shared.hh_773 fill:#0f0
+9.16s overlay_common_infos.hh_1184 --> select_defines.hh_108
+9.16s style select_defines.hh_108 fill:#0f0
+9.16s overlay_extra_infos.hh_32368 --> overlay_common_infos.hh_1184
+9.16s style overlay_common_infos.hh_1184 fill:#1e0
+9.16s overlay_point_varying_color_varying_outline_aa_frag.glsl_556 --> overlay_extra_infos.hh_32368
+9.16s style overlay_extra_infos.hh_32368 fill:#f00
+9.16s overlay_point_varying_color_varying_outline_aa_frag.glsl_556 --> select_lib.glsl_1221
+9.16s style select_lib.glsl_1221 fill:#1e0
+9.16s 
+9.16s 00:08.544  gpu.shader.deps  | Resolved Source Tree (Mermaid flowchart) 
+9.16s flowchart LR
+9.16s gpu_shader_compat_glsl.glsl_4944 --> gpu_shader_glsl_extension.glsl_644
+9.16s style gpu_shader_glsl_extension.glsl_644 fill:#0f0
+9.16s 
+9.31s 00:08.698  gpu.shader       | Compiling Shader "overlay_extra"
+9.31s 00:08.698  gpu.shader.deps  | Resolved Source Tree (Mermaid flowchart) overlay_extra
+9.31s flowchart LR
+9.31s draw_shader_shared.hh_24775 --> GPU_shader_shared_utils.hh_933
+9.31s style GPU_shader_shared_utils.hh_933 fill:#0f0
+9.31s draw_object_infos_infos.hh_3974 --> draw_shader_shared.hh_24775
+9.31s style draw_shader_shared.hh_24775 fill:#f00
+9.31s gpencil_shader_shared.hh_4176 --> GPU_shader_shared_utils.hh_933
+9.31s style GPU_shader_shared_utils.hh_933 fill:#0f0
+9.31s draw_object_infos_infos.hh_3974 --> gpencil_shader_shared.hh_4176
+9.31s style gpencil_shader_shared.hh_4176 fill:#4b0
+9.31s draw_view_infos.hh_5696 --> draw_defines.hh_678
+9.31s style draw_defines.hh_678 fill:#0f0
+9.31s draw_command_shared.hh_1480 --> GPU_shader_shared_utils.hh_933
+9.31s style GPU_shader_shared_utils.hh_933 fill:#0f0
+9.31s draw_view_infos.hh_5696 --> draw_command_shared.hh_1480
+9.31s style draw_command_shared.hh_1480 fill:#1e0
+9.31s draw_view_infos.hh_5696 --> draw_shader_shared.hh_24775
+9.31s style draw_shader_shared.hh_24775 fill:#f00
+9.31s draw_object_infos_infos.hh_3974 --> draw_view_infos.hh_5696
+9.31s style draw_view_infos.hh_5696 fill:#5a0
+9.31s draw_object_infos_infos.hh_3974 --> draw_defines.hh_678
+9.31s style draw_defines.hh_678 fill:#0f0
+9.31s overlay_extra_infos.hh_32368 --> draw_object_infos_infos.hh_3974
+9.31s style draw_object_infos_infos.hh_3974 fill:#3c0
+9.31s overlay_extra_infos.hh_32368 --> draw_view_infos.hh_5696
+9.31s style draw_view_infos.hh_5696 fill:#5a0
+9.31s GPU_shader_shared.hh_13548 --> GPU_shader_shared_utils.hh_933
+9.31s style GPU_shader_shared_utils.hh_933 fill:#0f0
+9.31s gpu_index_load_infos.hh_567 --> GPU_shader_shared.hh_13548
+9.31s style GPU_shader_shared.hh_13548 fill:#d20
+9.31s overlay_extra_infos.hh_32368 --> gpu_index_load_infos.hh_567
+9.31s style gpu_index_load_infos.hh_567 fill:#0f0
+9.31s overlay_shader_shared.hh_16231 --> GPU_shader_shared_utils.hh_933
+9.31s style GPU_shader_shared_utils.hh_933 fill:#0f0
+9.31s overlay_extra_infos.hh_32368 --> overlay_shader_shared.hh_16231
+9.31s style overlay_shader_shared.hh_16231 fill:#f00
+9.31s overlay_common_infos.hh_1184 --> overlay_shader_shared.hh_16231
+9.31s style overlay_shader_shared.hh_16231 fill:#f00
+9.31s overlay_common_infos.hh_1184 --> select_shader_shared.hh_773
+9.31s style select_shader_shared.hh_773 fill:#0f0
+9.31s overlay_common_infos.hh_1184 --> select_defines.hh_108
+9.31s style select_defines.hh_108 fill:#0f0
+9.31s overlay_extra_infos.hh_32368 --> overlay_common_infos.hh_1184
+9.31s style overlay_common_infos.hh_1184 fill:#1e0
+9.31s overlay_extra_vert.glsl_6302 --> overlay_extra_infos.hh_32368
+9.31s style overlay_extra_infos.hh_32368 fill:#f00
+9.31s overlay_extra_vert.glsl_6302 --> draw_view_clipping_lib.glsl_1192
+9.31s style draw_view_clipping_lib.glsl_1192 fill:#1e0
+9.31s draw_view_lib.glsl_3779 --> draw_view_infos.hh_5696
+9.31s style draw_view_infos.hh_5696 fill:#5a0
+9.31s overlay_extra_vert.glsl_6302 --> draw_view_lib.glsl_3779
+9.31s style draw_view_lib.glsl_3779 fill:#3c0
+9.31s overlay_extra_vert.glsl_6302 --> gpu_shader_utildefines_lib.glsl_3296
+9.31s style gpu_shader_utildefines_lib.glsl_3296 fill:#3c0
+9.31s overlay_common_lib.glsl_1652 --> draw_view_lib.glsl_3779
+9.31s style draw_view_lib.glsl_3779 fill:#3c0
+9.31s overlay_extra_vert.glsl_6302 --> overlay_common_lib.glsl_1652
+9.31s style overlay_common_lib.glsl_1652 fill:#1e0
+9.31s overlay_extra_vert.glsl_6302 --> select_lib.glsl_1221
+9.31s style select_lib.glsl_1221 fill:#1e0
+9.31s 
+9.31s 00:08.698  gpu.shader.deps  | Resolved Source Tree (Mermaid flowchart) 
+9.31s flowchart LR
+9.31s gpu_shader_compat_glsl.glsl_4944 --> gpu_shader_glsl_extension.glsl_644
+9.31s style gpu_shader_glsl_extension.glsl_644 fill:#0f0
+9.31s 
+9.31s 00:08.700  gpu.shader.deps  | Resolved Source Tree (Mermaid flowchart) overlay_extra
+9.31s flowchart LR
+9.31s draw_shader_shared.hh_24775 --> GPU_shader_shared_utils.hh_933
+9.31s style GPU_shader_shared_utils.hh_933 fill:#0f0
+9.31s draw_object_infos_infos.hh_3974 --> draw_shader_shared.hh_24775
+9.31s style draw_shader_shared.hh_24775 fill:#f00
+9.31s gpencil_shader_shared.hh_4176 --> GPU_shader_shared_utils.hh_933
+9.31s style GPU_shader_shared_utils.hh_933 fill:#0f0
+9.31s draw_object_infos_infos.hh_3974 --> gpencil_shader_shared.hh_4176
+9.32s style gpencil_shader_shared.hh_4176 fill:#4b0
+9.32s draw_view_infos.hh_5696 --> draw_defines.hh_678
+9.32s style draw_defines.hh_678 fill:#0f0
+9.32s draw_command_shared.hh_1480 --> GPU_shader_shared_utils.hh_933
+9.32s style GPU_shader_shared_utils.hh_933 fill:#0f0
+9.32s draw_view_infos.hh_5696 --> draw_command_shared.hh_1480
+9.32s style draw_command_shared.hh_1480 fill:#1e0
+9.32s draw_view_infos.hh_5696 --> draw_shader_shared.hh_24775
+9.32s style draw_shader_shared.hh_24775 fill:#f00
+9.32s draw_object_infos_infos.hh_3974 --> draw_view_infos.hh_5696
+9.32s style draw_view_infos.hh_5696 fill:#5a0
+9.32s draw_object_infos_infos.hh_3974 --> draw_defines.hh_678
+9.32s style draw_defines.hh_678 fill:#0f0
+9.32s overlay_extra_infos.hh_32368 --> draw_object_infos_infos.hh_3974
+9.32s style draw_object_infos_infos.hh_3974 fill:#3c0
+9.32s overlay_extra_infos.hh_32368 --> draw_view_infos.hh_5696
+9.32s style draw_view_infos.hh_5696 fill:#5a0
+9.32s GPU_shader_shared.hh_13548 --> GPU_shader_shared_utils.hh_933
+9.32s style GPU_shader_shared_utils.hh_933 fill:#0f0
+9.32s gpu_index_load_infos.hh_567 --> GPU_shader_shared.hh_13548
+9.32s style GPU_shader_shared.hh_13548 fill:#d20
+9.32s overlay_extra_infos.hh_32368 --> gpu_index_load_infos.hh_567
+9.32s style gpu_index_load_infos.hh_567 fill:#0f0
+9.32s overlay_shader_shared.hh_16231 --> GPU_shader_shared_utils.hh_933
+9.32s style GPU_shader_shared_utils.hh_933 fill:#0f0
+9.32s overlay_extra_infos.hh_32368 --> overlay_shader_shared.hh_16231
+9.32s style overlay_shader_shared.hh_16231 fill:#f00
+9.32s overlay_common_infos.hh_1184 --> overlay_shader_shared.hh_16231
+9.32s style overlay_shader_shared.hh_16231 fill:#f00
+9.32s overlay_common_infos.hh_1184 --> select_shader_shared.hh_773
+9.32s style select_shader_shared.hh_773 fill:#0f0
+9.32s overlay_common_infos.hh_1184 --> select_defines.hh_108
+9.32s style select_defines.hh_108 fill:#0f0
+9.32s overlay_extra_infos.hh_32368 --> overlay_common_infos.hh_1184
+9.32s style overlay_common_infos.hh_1184 fill:#1e0
+9.32s overlay_extra_frag.glsl_316 --> overlay_extra_infos.hh_32368
+9.32s style overlay_extra_infos.hh_32368 fill:#f00
+9.32s draw_view_lib.glsl_3779 --> draw_view_infos.hh_5696
+9.32s style draw_view_infos.hh_5696 fill:#5a0
+9.32s overlay_common_lib.glsl_1652 --> draw_view_lib.glsl_3779
+9.32s style draw_view_lib.glsl_3779 fill:#3c0
+9.32s overlay_extra_frag.glsl_316 --> overlay_common_lib.glsl_1652
+9.32s style overlay_common_lib.glsl_1652 fill:#1e0
+9.32s overlay_extra_frag.glsl_316 --> select_lib.glsl_1221
+9.32s style select_lib.glsl_1221 fill:#1e0
+9.32s 
+9.32s 00:08.700  gpu.shader.deps  | Resolved Source Tree (Mermaid flowchart) 
+9.32s flowchart LR
+9.32s gpu_shader_compat_glsl.glsl_4944 --> gpu_shader_glsl_extension.glsl_644
+9.32s style gpu_shader_glsl_extension.glsl_644 fill:#0f0
+9.32s 
+9.46s 00:08.854  gpu.shader       | Compiling Shader "overlay_extra_wire_object"
+9.46s 00:08.854  gpu.shader.deps  | Resolved Source Tree (Mermaid flowchart) overlay_extra_wire_object
+9.46s flowchart LR
+9.46s draw_shader_shared.hh_24775 --> GPU_shader_shared_utils.hh_933
+9.46s style GPU_shader_shared_utils.hh_933 fill:#0f0
+9.46s draw_object_infos_infos.hh_3974 --> draw_shader_shared.hh_24775
+9.47s style draw_shader_shared.hh_24775 fill:#f00
+9.47s gpencil_shader_shared.hh_4176 --> GPU_shader_shared_utils.hh_933
+9.47s style GPU_shader_shared_utils.hh_933 fill:#0f0
+9.47s draw_object_infos_infos.hh_3974 --> gpencil_shader_shared.hh_4176
+9.47s style gpencil_shader_shared.hh_4176 fill:#4b0
+9.47s draw_view_infos.hh_5696 --> draw_defines.hh_678
+9.47s style draw_defines.hh_678 fill:#0f0
+9.47s draw_command_shared.hh_1480 --> GPU_shader_shared_utils.hh_933
+9.47s style GPU_shader_shared_utils.hh_933 fill:#0f0
+9.47s draw_view_infos.hh_5696 --> draw_command_shared.hh_1480
+9.47s style draw_command_shared.hh_1480 fill:#1e0
+9.47s draw_view_infos.hh_5696 --> draw_shader_shared.hh_24775
+9.47s style draw_shader_shared.hh_24775 fill:#f00
+9.47s draw_object_infos_infos.hh_3974 --> draw_view_infos.hh_5696
+9.47s style draw_view_infos.hh_5696 fill:#5a0
+9.47s draw_object_infos_infos.hh_3974 --> draw_defines.hh_678
+9.47s style draw_defines.hh_678 fill:#0f0
+9.47s overlay_extra_infos.hh_32368 --> draw_object_infos_infos.hh_3974
+9.47s style draw_object_infos_infos.hh_3974 fill:#3c0
+9.47s overlay_extra_infos.hh_32368 --> draw_view_infos.hh_5696
+9.47s style draw_view_infos.hh_5696 fill:#5a0
+9.47s GPU_shader_shared.hh_13548 --> GPU_shader_shared_utils.hh_933
+9.47s style GPU_shader_shared_utils.hh_933 fill:#0f0
+9.47s gpu_index_load_infos.hh_567 --> GPU_shader_shared.hh_13548
+9.47s style GPU_shader_shared.hh_13548 fill:#d20
+9.47s overlay_extra_infos.hh_32368 --> gpu_index_load_infos.hh_567
+9.47s style gpu_index_load_infos.hh_567 fill:#0f0
+9.47s overlay_shader_shared.hh_16231 --> GPU_shader_shared_utils.hh_933
+9.47s style GPU_shader_shared_utils.hh_933 fill:#0f0
+9.47s overlay_extra_infos.hh_32368 --> overlay_shader_shared.hh_16231
+9.47s style overlay_shader_shared.hh_16231 fill:#f00
+9.47s overlay_common_infos.hh_1184 --> overlay_shader_shared.hh_16231
+9.47s style overlay_shader_shared.hh_16231 fill:#f00
+9.47s overlay_common_infos.hh_1184 --> select_shader_shared.hh_773
+9.47s style select_shader_shared.hh_773 fill:#0f0
+9.47s overlay_common_infos.hh_1184 --> select_defines.hh_108
+9.47s style select_defines.hh_108 fill:#0f0
+9.47s overlay_extra_infos.hh_32368 --> overlay_common_infos.hh_1184
+9.47s style overlay_common_infos.hh_1184 fill:#1e0
+9.47s overlay_extra_wire_vert.glsl_1162 --> overlay_extra_infos.hh_32368
+9.47s style overlay_extra_infos.hh_32368 fill:#f00
+9.47s draw_model_lib.glsl_2881 --> draw_view_infos.hh_5696
+9.47s style draw_view_infos.hh_5696 fill:#5a0
+9.47s draw_view_lib.glsl_3779 --> draw_view_infos.hh_5696
+9.47s style draw_view_infos.hh_5696 fill:#5a0
+9.47s draw_model_lib.glsl_2881 --> draw_view_lib.glsl_3779
+9.47s style draw_view_lib.glsl_3779 fill:#3c0
+9.47s overlay_extra_wire_vert.glsl_1162 --> draw_model_lib.glsl_2881
+9.47s style draw_model_lib.glsl_2881 fill:#2d0
+9.47s overlay_extra_wire_vert.glsl_1162 --> draw_view_clipping_lib.glsl_1192
+9.47s style draw_view_clipping_lib.glsl_1192 fill:#1e0
+9.47s overlay_extra_wire_vert.glsl_1162 --> draw_view_lib.glsl_3779
+9.47s style draw_view_lib.glsl_3779 fill:#3c0
+9.47s overlay_extra_wire_vert.glsl_1162 --> select_lib.glsl_1221
+9.47s style select_lib.glsl_1221 fill:#1e0
+9.47s 
+9.47s 00:08.855  gpu.shader.deps  | Resolved Source Tree (Mermaid flowchart) 
+9.47s flowchart LR
+9.47s gpu_shader_compat_glsl.glsl_4944 --> gpu_shader_glsl_extension.glsl_644
+9.47s style gpu_shader_glsl_extension.glsl_644 fill:#0f0
+9.47s 
+9.47s 00:08.856  gpu.shader.deps  | Resolved Source Tree (Mermaid flowchart) overlay_extra_wire_object
+9.47s flowchart LR
+9.47s draw_shader_shared.hh_24775 --> GPU_shader_shared_utils.hh_933
+9.47s style GPU_shader_shared_utils.hh_933 fill:#0f0
+9.47s draw_object_infos_infos.hh_3974 --> draw_shader_shared.hh_24775
+9.47s style draw_shader_shared.hh_24775 fill:#f00
+9.47s gpencil_shader_shared.hh_4176 --> GPU_shader_shared_utils.hh_933
+9.47s style GPU_shader_shared_utils.hh_933 fill:#0f0
+9.47s draw_object_infos_infos.hh_3974 --> gpencil_shader_shared.hh_4176
+9.47s style gpencil_shader_shared.hh_4176 fill:#4b0
+9.47s draw_view_infos.hh_5696 --> draw_defines.hh_678
+9.47s style draw_defines.hh_678 fill:#0f0
+9.47s draw_command_shared.hh_1480 --> GPU_shader_shared_utils.hh_933
+9.47s style GPU_shader_shared_utils.hh_933 fill:#0f0
+9.47s draw_view_infos.hh_5696 --> draw_command_shared.hh_1480
+9.47s style draw_command_shared.hh_1480 fill:#1e0
+9.47s draw_view_infos.hh_5696 --> draw_shader_shared.hh_24775
+9.47s style draw_shader_shared.hh_24775 fill:#f00
+9.47s draw_object_infos_infos.hh_3974 --> draw_view_infos.hh_5696
+9.47s style draw_view_infos.hh_5696 fill:#5a0
+9.47s draw_object_infos_infos.hh_3974 --> draw_defines.hh_678
+9.47s style draw_defines.hh_678 fill:#0f0
+9.47s overlay_extra_infos.hh_32368 --> draw_object_infos_infos.hh_3974
+9.47s style draw_object_infos_infos.hh_3974 fill:#3c0
+9.47s overlay_extra_infos.hh_32368 --> draw_view_infos.hh_5696
+9.47s style draw_view_infos.hh_5696 fill:#5a0
+9.47s GPU_shader_shared.hh_13548 --> GPU_shader_shared_utils.hh_933
+9.47s style GPU_shader_shared_utils.hh_933 fill:#0f0
+9.47s gpu_index_load_infos.hh_567 --> GPU_shader_shared.hh_13548
+9.47s style GPU_shader_shared.hh_13548 fill:#d20
+9.47s overlay_extra_infos.hh_32368 --> gpu_index_load_infos.hh_567
+9.47s style gpu_index_load_infos.hh_567 fill:#0f0
+9.47s overlay_shader_shared.hh_16231 --> GPU_shader_shared_utils.hh_933
+9.47s style GPU_shader_shared_utils.hh_933 fill:#0f0
+9.47s overlay_extra_infos.hh_32368 --> overlay_shader_shared.hh_16231
+9.47s style overlay_shader_shared.hh_16231 fill:#f00
+9.47s overlay_common_infos.hh_1184 --> overlay_shader_shared.hh_16231
+9.47s style overlay_shader_shared.hh_16231 fill:#f00
+9.47s overlay_common_infos.hh_1184 --> select_shader_shared.hh_773
+9.47s style select_shader_shared.hh_773 fill:#0f0
+9.47s overlay_common_infos.hh_1184 --> select_defines.hh_108
+9.47s style select_defines.hh_108 fill:#0f0
+9.47s overlay_extra_infos.hh_32368 --> overlay_common_infos.hh_1184
+9.47s style overlay_common_infos.hh_1184 fill:#1e0
+9.47s overlay_extra_wire_frag.glsl_603 --> overlay_extra_infos.hh_32368
+9.47s style overlay_extra_infos.hh_32368 fill:#f00
+9.47s draw_view_lib.glsl_3779 --> draw_view_infos.hh_5696
+9.47s style draw_view_infos.hh_5696 fill:#5a0
+9.47s overlay_common_lib.glsl_1652 --> draw_view_lib.glsl_3779
+9.47s style draw_view_lib.glsl_3779 fill:#3c0
+9.47s overlay_extra_wire_frag.glsl_603 --> overlay_common_lib.glsl_1652
+9.47s style overlay_common_lib.glsl_1652 fill:#1e0
+9.47s overlay_extra_wire_frag.glsl_603 --> select_lib.glsl_1221
+9.47s style select_lib.glsl_1221 fill:#1e0
+9.47s 
+9.47s 00:08.856  gpu.shader.deps  | Resolved Source Tree (Mermaid flowchart) 
+9.47s flowchart LR
+9.47s gpu_shader_compat_glsl.glsl_4944 --> gpu_shader_glsl_extension.glsl_644
+9.47s style gpu_shader_glsl_extension.glsl_644 fill:#0f0
+9.47s 
+9.61s 00:09.006  gpu.shader       | Compiling Shader "overlay_extra_wire"
+9.61s 00:09.006  gpu.shader.deps  | Resolved Source Tree (Mermaid flowchart) overlay_extra_wire
+9.61s flowchart LR
+9.61s draw_shader_shared.hh_24775 --> GPU_shader_shared_utils.hh_933
+9.61s style GPU_shader_shared_utils.hh_933 fill:#0f0
+9.61s draw_object_infos_infos.hh_3974 --> draw_shader_shared.hh_24775
+9.61s style draw_shader_shared.hh_24775 fill:#f00
+9.61s gpencil_shader_shared.hh_4176 --> GPU_shader_shared_utils.hh_933
+9.62s style GPU_shader_shared_utils.hh_933 fill:#0f0
+9.62s draw_object_infos_infos.hh_3974 --> gpencil_shader_shared.hh_4176
+9.62s style gpencil_shader_shared.hh_4176 fill:#4b0
+9.62s draw_view_infos.hh_5696 --> draw_defines.hh_678
+9.62s style draw_defines.hh_678 fill:#0f0
+9.62s draw_command_shared.hh_1480 --> GPU_shader_shared_utils.hh_933
+9.62s style GPU_shader_shared_utils.hh_933 fill:#0f0
+9.62s draw_view_infos.hh_5696 --> draw_command_shared.hh_1480
+9.62s style draw_command_shared.hh_1480 fill:#1e0
+9.62s draw_view_infos.hh_5696 --> draw_shader_shared.hh_24775
+9.62s style draw_shader_shared.hh_24775 fill:#f00
+9.62s draw_object_infos_infos.hh_3974 --> draw_view_infos.hh_5696
+9.62s style draw_view_infos.hh_5696 fill:#5a0
+9.62s draw_object_infos_infos.hh_3974 --> draw_defines.hh_678
+9.62s style draw_defines.hh_678 fill:#0f0
+9.62s overlay_extra_infos.hh_32368 --> draw_object_infos_infos.hh_3974
+9.62s style draw_object_infos_infos.hh_3974 fill:#3c0
+9.62s overlay_extra_infos.hh_32368 --> draw_view_infos.hh_5696
+9.62s style draw_view_infos.hh_5696 fill:#5a0
+9.62s GPU_shader_shared.hh_13548 --> GPU_shader_shared_utils.hh_933
+9.62s style GPU_shader_shared_utils.hh_933 fill:#0f0
+9.62s gpu_index_load_infos.hh_567 --> GPU_shader_shared.hh_13548
+9.62s style GPU_shader_shared.hh_13548 fill:#d20
+9.62s overlay_extra_infos.hh_32368 --> gpu_index_load_infos.hh_567
+9.62s style gpu_index_load_infos.hh_567 fill:#0f0
+9.62s overlay_shader_shared.hh_16231 --> GPU_shader_shared_utils.hh_933
+9.62s style GPU_shader_shared_utils.hh_933 fill:#0f0
+9.62s overlay_extra_infos.hh_32368 --> overlay_shader_shared.hh_16231
+9.62s style overlay_shader_shared.hh_16231 fill:#f00
+9.62s overlay_common_infos.hh_1184 --> overlay_shader_shared.hh_16231
+9.62s style overlay_shader_shared.hh_16231 fill:#f00
+9.62s overlay_common_infos.hh_1184 --> select_shader_shared.hh_773
+9.62s style select_shader_shared.hh_773 fill:#0f0
+9.62s overlay_common_infos.hh_1184 --> select_defines.hh_108
+9.62s style select_defines.hh_108 fill:#0f0
+9.62s overlay_extra_infos.hh_32368 --> overlay_common_infos.hh_1184
+9.62s style overlay_common_infos.hh_1184 fill:#1e0
+9.62s overlay_extra_wire_vert.glsl_1162 --> overlay_extra_infos.hh_32368
+9.62s style overlay_extra_infos.hh_32368 fill:#f00
+9.62s draw_model_lib.glsl_2881 --> draw_view_infos.hh_5696
+9.62s style draw_view_infos.hh_5696 fill:#5a0
+9.62s draw_view_lib.glsl_3779 --> draw_view_infos.hh_5696
+9.62s style draw_view_infos.hh_5696 fill:#5a0
+9.62s draw_model_lib.glsl_2881 --> draw_view_lib.glsl_3779
+9.62s style draw_view_lib.glsl_3779 fill:#3c0
+9.62s overlay_extra_wire_vert.glsl_1162 --> draw_model_lib.glsl_2881
+9.62s style draw_model_lib.glsl_2881 fill:#2d0
+9.62s overlay_extra_wire_vert.glsl_1162 --> draw_view_clipping_lib.glsl_1192
+9.62s style draw_view_clipping_lib.glsl_1192 fill:#1e0
+9.62s overlay_extra_wire_vert.glsl_1162 --> draw_view_lib.glsl_3779
+9.62s style draw_view_lib.glsl_3779 fill:#3c0
+9.62s overlay_extra_wire_vert.glsl_1162 --> select_lib.glsl_1221
+9.62s style select_lib.glsl_1221 fill:#1e0
+9.62s 
+9.62s 00:09.006  gpu.shader.deps  | Resolved Source Tree (Mermaid flowchart) 
+9.62s flowchart LR
+9.62s gpu_shader_compat_glsl.glsl_4944 --> gpu_shader_glsl_extension.glsl_644
+9.62s style gpu_shader_glsl_extension.glsl_644 fill:#0f0
+9.62s 
+9.62s 00:09.007  gpu.shader.deps  | Resolved Source Tree (Mermaid flowchart) overlay_extra_wire
+9.62s flowchart LR
+9.62s draw_shader_shared.hh_24775 --> GPU_shader_shared_utils.hh_933
+9.62s style GPU_shader_shared_utils.hh_933 fill:#0f0
+9.62s draw_object_infos_infos.hh_3974 --> draw_shader_shared.hh_24775
+9.62s style draw_shader_shared.hh_24775 fill:#f00
+9.62s gpencil_shader_shared.hh_4176 --> GPU_shader_shared_utils.hh_933
+9.62s style GPU_shader_shared_utils.hh_933 fill:#0f0
+9.62s draw_object_infos_infos.hh_3974 --> gpencil_shader_shared.hh_4176
+9.62s style gpencil_shader_shared.hh_4176 fill:#4b0
+9.62s draw_view_infos.hh_5696 --> draw_defines.hh_678
+9.62s style draw_defines.hh_678 fill:#0f0
+9.62s draw_command_shared.hh_1480 --> GPU_shader_shared_utils.hh_933
+9.62s style GPU_shader_shared_utils.hh_933 fill:#0f0
+9.62s draw_view_infos.hh_5696 --> draw_command_shared.hh_1480
+9.62s style draw_command_shared.hh_1480 fill:#1e0
+9.62s draw_view_infos.hh_5696 --> draw_shader_shared.hh_24775
+9.62s style draw_shader_shared.hh_24775 fill:#f00
+9.62s draw_object_infos_infos.hh_3974 --> draw_view_infos.hh_5696
+9.62s style draw_view_infos.hh_5696 fill:#5a0
+9.62s draw_object_infos_infos.hh_3974 --> draw_defines.hh_678
+9.62s style draw_defines.hh_678 fill:#0f0
+9.62s overlay_extra_infos.hh_32368 --> draw_object_infos_infos.hh_3974
+9.62s style draw_object_infos_infos.hh_3974 fill:#3c0
+9.62s overlay_extra_infos.hh_32368 --> draw_view_infos.hh_5696
+9.62s style draw_view_infos.hh_5696 fill:#5a0
+9.62s GPU_shader_shared.hh_13548 --> GPU_shader_shared_utils.hh_933
+9.62s style GPU_shader_shared_utils.hh_933 fill:#0f0
+9.62s gpu_index_load_infos.hh_567 --> GPU_shader_shared.hh_13548
+9.62s style GPU_shader_shared.hh_13548 fill:#d20
+9.62s overlay_extra_infos.hh_32368 --> gpu_index_load_infos.hh_567
+9.62s style gpu_index_load_infos.hh_567 fill:#0f0
+9.62s overlay_shader_shared.hh_16231 --> GPU_shader_shared_utils.hh_933
+9.62s style GPU_shader_shared_utils.hh_933 fill:#0f0
+9.62s overlay_extra_infos.hh_32368 --> overlay_shader_shared.hh_16231
+9.62s style overlay_shader_shared.hh_16231 fill:#f00
+9.62s overlay_common_infos.hh_1184 --> overlay_shader_shared.hh_16231
+9.62s style overlay_shader_shared.hh_16231 fill:#f00
+9.62s overlay_common_infos.hh_1184 --> select_shader_shared.hh_773
+9.62s style select_shader_shared.hh_773 fill:#0f0
+9.62s overlay_common_infos.hh_1184 --> select_defines.hh_108
+9.62s style select_defines.hh_108 fill:#0f0
+9.62s overlay_extra_infos.hh_32368 --> overlay_common_infos.hh_1184
+9.62s style overlay_common_infos.hh_1184 fill:#1e0
+9.62s overlay_extra_wire_frag.glsl_603 --> overlay_extra_infos.hh_32368
+9.62s style overlay_extra_infos.hh_32368 fill:#f00
+9.62s draw_view_lib.glsl_3779 --> draw_view_infos.hh_5696
+9.62s style draw_view_infos.hh_5696 fill:#5a0
+9.62s overlay_common_lib.glsl_1652 --> draw_view_lib.glsl_3779
+9.62s style draw_view_lib.glsl_3779 fill:#3c0
+9.62s overlay_extra_wire_frag.glsl_603 --> overlay_common_lib.glsl_1652
+9.62s style overlay_common_lib.glsl_1652 fill:#1e0
+9.62s overlay_extra_wire_frag.glsl_603 --> select_lib.glsl_1221
+9.62s style select_lib.glsl_1221 fill:#1e0
+9.62s 
+9.62s 00:09.007  gpu.shader.deps  | Resolved Source Tree (Mermaid flowchart) 
+9.62s flowchart LR
+9.62s gpu_shader_compat_glsl.glsl_4944 --> gpu_shader_glsl_extension.glsl_644
+9.62s style gpu_shader_glsl_extension.glsl_644 fill:#0f0
+9.62s 
+9.76s 00:09.155  gpu.shader       | Compiling Shader "overlay_volume_gridlines_flags"
+9.76s 00:09.155  gpu.shader.deps  | Resolved Source Tree (Mermaid flowchart) overlay_volume_gridlines_flags
+9.76s flowchart LR
+9.76s draw_shader_shared.hh_24775 --> GPU_shader_shared_utils.hh_933
+9.76s style GPU_shader_shared_utils.hh_933 fill:#0f0
+9.76s draw_object_infos_infos.hh_3974 --> draw_shader_shared.hh_24775
+9.76s style draw_shader_shared.hh_24775 fill:#f00
+9.76s gpencil_shader_shared.hh_4176 --> GPU_shader_shared_utils.hh_933
+9.77s style GPU_shader_shared_utils.hh_933 fill:#0f0
+9.77s draw_object_infos_infos.hh_3974 --> gpencil_shader_shared.hh_4176
+9.77s style gpencil_shader_shared.hh_4176 fill:#4b0
+9.77s draw_view_infos.hh_5696 --> draw_defines.hh_678
+9.77s style draw_defines.hh_678 fill:#0f0
+9.77s draw_command_shared.hh_1480 --> GPU_shader_shared_utils.hh_933
+9.77s style GPU_shader_shared_utils.hh_933 fill:#0f0
+9.77s draw_view_infos.hh_5696 --> draw_command_shared.hh_1480
+9.77s style draw_command_shared.hh_1480 fill:#1e0
+9.77s draw_view_infos.hh_5696 --> draw_shader_shared.hh_24775
+9.77s style draw_shader_shared.hh_24775 fill:#f00
+9.77s draw_object_infos_infos.hh_3974 --> draw_view_infos.hh_5696
+9.77s style draw_view_infos.hh_5696 fill:#5a0
+9.77s draw_object_infos_infos.hh_3974 --> draw_defines.hh_678
+9.77s style draw_defines.hh_678 fill:#0f0
+9.77s overlay_volume_infos.hh_7542 --> draw_object_infos_infos.hh_3974
+9.77s style draw_object_infos_infos.hh_3974 fill:#3c0
+9.77s overlay_volume_infos.hh_7542 --> draw_view_infos.hh_5696
+9.77s style draw_view_infos.hh_5696 fill:#5a0
+9.77s overlay_shader_shared.hh_16231 --> GPU_shader_shared_utils.hh_933
+9.77s style GPU_shader_shared_utils.hh_933 fill:#0f0
+9.77s overlay_common_infos.hh_1184 --> overlay_shader_shared.hh_16231
+9.77s style overlay_shader_shared.hh_16231 fill:#f00
+9.77s overlay_common_infos.hh_1184 --> select_shader_shared.hh_773
+9.77s style select_shader_shared.hh_773 fill:#0f0
+9.77s overlay_common_infos.hh_1184 --> select_defines.hh_108
+9.77s style select_defines.hh_108 fill:#0f0
+9.77s overlay_volume_infos.hh_7542 --> overlay_common_infos.hh_1184
+9.77s style overlay_common_infos.hh_1184 fill:#1e0
+9.77s overlay_volume_gridlines_vert.glsl_2787 --> overlay_volume_infos.hh_7542
+9.77s style overlay_volume_infos.hh_7542 fill:#780
+9.77s draw_model_lib.glsl_2881 --> draw_view_infos.hh_5696
+9.77s style draw_view_infos.hh_5696 fill:#5a0
+9.77s draw_view_lib.glsl_3779 --> draw_view_infos.hh_5696
+9.77s style draw_view_infos.hh_5696 fill:#5a0
+9.77s draw_model_lib.glsl_2881 --> draw_view_lib.glsl_3779
+9.77s style draw_view_lib.glsl_3779 fill:#3c0
+9.77s overlay_volume_gridlines_vert.glsl_2787 --> draw_model_lib.glsl_2881
+9.77s style draw_model_lib.glsl_2881 fill:#2d0
+9.77s overlay_volume_gridlines_vert.glsl_2787 --> draw_view_lib.glsl_3779
+9.77s style draw_view_lib.glsl_3779 fill:#3c0
+9.77s overlay_volume_gridlines_vert.glsl_2787 --> gpu_shader_math_vector_compare_lib.glsl_2302
+9.77s style gpu_shader_math_vector_compare_lib.glsl_2302 fill:#2d0
+9.77s overlay_volume_gridlines_vert.glsl_2787 --> select_lib.glsl_1221
+9.77s style select_lib.glsl_1221 fill:#1e0
+9.77s 
+9.77s 00:09.155  gpu.shader.deps  | Resolved Source Tree (Mermaid flowchart) 
+9.77s flowchart LR
+9.77s gpu_shader_compat_glsl.glsl_4944 --> gpu_shader_glsl_extension.glsl_644
+9.77s style gpu_shader_glsl_extension.glsl_644 fill:#0f0
+9.77s 
+9.77s 00:09.157  gpu.shader.deps  | Resolved Source Tree (Mermaid flowchart) overlay_volume_gridlines_flags
+9.77s flowchart LR
+9.77s draw_shader_shared.hh_24775 --> GPU_shader_shared_utils.hh_933
+9.77s style GPU_shader_shared_utils.hh_933 fill:#0f0
+9.77s draw_object_infos_infos.hh_3974 --> draw_shader_shared.hh_24775
+9.77s style draw_shader_shared.hh_24775 fill:#f00
+9.77s gpencil_shader_shared.hh_4176 --> GPU_shader_shared_utils.hh_933
+9.77s style GPU_shader_shared_utils.hh_933 fill:#0f0
+9.77s draw_object_infos_infos.hh_3974 --> gpencil_shader_shared.hh_4176
+9.77s style gpencil_shader_shared.hh_4176 fill:#4b0
+9.77s draw_view_infos.hh_5696 --> draw_defines.hh_678
+9.77s style draw_defines.hh_678 fill:#0f0
+9.77s draw_command_shared.hh_1480 --> GPU_shader_shared_utils.hh_933
+9.77s style GPU_shader_shared_utils.hh_933 fill:#0f0
+9.77s draw_view_infos.hh_5696 --> draw_command_shared.hh_1480
+9.77s style draw_command_shared.hh_1480 fill:#1e0
+9.77s draw_view_infos.hh_5696 --> draw_shader_shared.hh_24775
+9.77s style draw_shader_shared.hh_24775 fill:#f00
+9.77s draw_object_infos_infos.hh_3974 --> draw_view_infos.hh_5696
+9.77s style draw_view_infos.hh_5696 fill:#5a0
+9.77s draw_object_infos_infos.hh_3974 --> draw_defines.hh_678
+9.77s style draw_defines.hh_678 fill:#0f0
+9.77s overlay_volume_infos.hh_7542 --> draw_object_infos_infos.hh_3974
+9.77s style draw_object_infos_infos.hh_3974 fill:#3c0
+9.77s overlay_volume_infos.hh_7542 --> draw_view_infos.hh_5696
+9.77s style draw_view_infos.hh_5696 fill:#5a0
+9.77s overlay_shader_shared.hh_16231 --> GPU_shader_shared_utils.hh_933
+9.77s style GPU_shader_shared_utils.hh_933 fill:#0f0
+9.77s overlay_common_infos.hh_1184 --> overlay_shader_shared.hh_16231
+9.77s style overlay_shader_shared.hh_16231 fill:#f00
+9.77s overlay_common_infos.hh_1184 --> select_shader_shared.hh_773
+9.77s style select_shader_shared.hh_773 fill:#0f0
+9.77s overlay_common_infos.hh_1184 --> select_defines.hh_108
+9.77s style select_defines.hh_108 fill:#0f0
+9.77s overlay_volume_infos.hh_7542 --> overlay_common_infos.hh_1184
+9.77s style overlay_common_infos.hh_1184 fill:#1e0
+9.77s overlay_varying_color.glsl_355 --> overlay_volume_infos.hh_7542
+9.77s style overlay_volume_infos.hh_7542 fill:#780
+9.77s draw_view_lib.glsl_3779 --> draw_view_infos.hh_5696
+9.77s style draw_view_infos.hh_5696 fill:#5a0
+9.77s overlay_common_lib.glsl_1652 --> draw_view_lib.glsl_3779
+9.77s style draw_view_lib.glsl_3779 fill:#3c0
+9.77s overlay_varying_color.glsl_355 --> overlay_common_lib.glsl_1652
+9.77s style overlay_common_lib.glsl_1652 fill:#1e0
+9.77s overlay_varying_color.glsl_355 --> select_lib.glsl_1221
+9.77s style select_lib.glsl_1221 fill:#1e0
+9.77s 
+9.77s 00:09.157  gpu.shader.deps  | Resolved Source Tree (Mermaid flowchart) 
+9.77s flowchart LR
+9.77s gpu_shader_compat_glsl.glsl_4944 --> gpu_shader_glsl_extension.glsl_644
+9.77s style gpu_shader_glsl_extension.glsl_644 fill:#0f0
+9.77s 
+9.91s 00:09.306  gpu.shader       | Compiling Shader "overlay_volume_gridlines_flat"
+9.91s 00:09.306  gpu.shader.deps  | Resolved Source Tree (Mermaid flowchart) overlay_volume_gridlines_flat
+9.91s flowchart LR
+9.91s draw_shader_shared.hh_24775 --> GPU_shader_shared_utils.hh_933
+9.91s style GPU_shader_shared_utils.hh_933 fill:#0f0
+9.91s draw_object_infos_infos.hh_3974 --> draw_shader_shared.hh_24775
+9.91s style draw_shader_shared.hh_24775 fill:#f00
+9.92s gpencil_shader_shared.hh_4176 --> GPU_shader_shared_utils.hh_933
+9.92s style GPU_shader_shared_utils.hh_933 fill:#0f0
+9.92s draw_object_infos_infos.hh_3974 --> gpencil_shader_shared.hh_4176
+9.92s style gpencil_shader_shared.hh_4176 fill:#4b0
+9.92s draw_view_infos.hh_5696 --> draw_defines.hh_678
+9.92s style draw_defines.hh_678 fill:#0f0
+9.92s draw_command_shared.hh_1480 --> GPU_shader_shared_utils.hh_933
+9.92s style GPU_shader_shared_utils.hh_933 fill:#0f0
+9.92s draw_view_infos.hh_5696 --> draw_command_shared.hh_1480
+9.92s style draw_command_shared.hh_1480 fill:#1e0
+9.92s draw_view_infos.hh_5696 --> draw_shader_shared.hh_24775
+9.92s style draw_shader_shared.hh_24775 fill:#f00
+9.92s draw_object_infos_infos.hh_3974 --> draw_view_infos.hh_5696
+9.92s style draw_view_infos.hh_5696 fill:#5a0
+9.92s draw_object_infos_infos.hh_3974 --> draw_defines.hh_678
+9.92s style draw_defines.hh_678 fill:#0f0
+9.92s overlay_volume_infos.hh_7542 --> draw_object_infos_infos.hh_3974
+9.92s style draw_object_infos_infos.hh_3974 fill:#3c0
+9.92s overlay_volume_infos.hh_7542 --> draw_view_infos.hh_5696
+9.92s style draw_view_infos.hh_5696 fill:#5a0
+9.92s overlay_shader_shared.hh_16231 --> GPU_shader_shared_utils.hh_933
+9.92s style GPU_shader_shared_utils.hh_933 fill:#0f0
+9.92s overlay_common_infos.hh_1184 --> overlay_shader_shared.hh_16231
+9.92s style overlay_shader_shared.hh_16231 fill:#f00
+9.92s overlay_common_infos.hh_1184 --> select_shader_shared.hh_773
+9.92s style select_shader_shared.hh_773 fill:#0f0
+9.92s overlay_common_infos.hh_1184 --> select_defines.hh_108
+9.92s style select_defines.hh_108 fill:#0f0
+9.92s overlay_volume_infos.hh_7542 --> overlay_common_infos.hh_1184
+9.92s style overlay_common_infos.hh_1184 fill:#1e0
+9.92s overlay_volume_gridlines_vert.glsl_2787 --> overlay_volume_infos.hh_7542
+9.92s style overlay_volume_infos.hh_7542 fill:#780
+9.92s draw_model_lib.glsl_2881 --> draw_view_infos.hh_5696
+9.92s style draw_view_infos.hh_5696 fill:#5a0
+9.92s draw_view_lib.glsl_3779 --> draw_view_infos.hh_5696
+9.92s style draw_view_infos.hh_5696 fill:#5a0
+9.92s draw_model_lib.glsl_2881 --> draw_view_lib.glsl_3779
+9.92s style draw_view_lib.glsl_3779 fill:#3c0
+9.92s overlay_volume_gridlines_vert.glsl_2787 --> draw_model_lib.glsl_2881
+9.92s style draw_model_lib.glsl_2881 fill:#2d0
+9.92s overlay_volume_gridlines_vert.glsl_2787 --> draw_view_lib.glsl_3779
+9.92s style draw_view_lib.glsl_3779 fill:#3c0
+9.92s overlay_volume_gridlines_vert.glsl_2787 --> gpu_shader_math_vector_compare_lib.glsl_2302
+9.92s style gpu_shader_math_vector_compare_lib.glsl_2302 fill:#2d0
+9.92s overlay_volume_gridlines_vert.glsl_2787 --> select_lib.glsl_1221
+9.92s style select_lib.glsl_1221 fill:#1e0
+9.92s 
+9.92s 00:09.306  gpu.shader.deps  | Resolved Source Tree (Mermaid flowchart) 
+9.92s flowchart LR
+9.92s gpu_shader_compat_glsl.glsl_4944 --> gpu_shader_glsl_extension.glsl_644
+9.92s style gpu_shader_glsl_extension.glsl_644 fill:#0f0
+9.92s 
+9.92s 00:09.307  gpu.shader.deps  | Resolved Source Tree (Mermaid flowchart) overlay_volume_gridlines_flat
+9.92s flowchart LR
+9.92s draw_shader_shared.hh_24775 --> GPU_shader_shared_utils.hh_933
+9.92s style GPU_shader_shared_utils.hh_933 fill:#0f0
+9.92s draw_object_infos_infos.hh_3974 --> draw_shader_shared.hh_24775
+9.92s style draw_shader_shared.hh_24775 fill:#f00
+9.92s gpencil_shader_shared.hh_4176 --> GPU_shader_shared_utils.hh_933
+9.92s style GPU_shader_shared_utils.hh_933 fill:#0f0
+9.92s draw_object_infos_infos.hh_3974 --> gpencil_shader_shared.hh_4176
+9.92s style gpencil_shader_shared.hh_4176 fill:#4b0
+9.92s draw_view_infos.hh_5696 --> draw_defines.hh_678
+9.92s style draw_defines.hh_678 fill:#0f0
+9.92s draw_command_shared.hh_1480 --> GPU_shader_shared_utils.hh_933
+9.92s style GPU_shader_shared_utils.hh_933 fill:#0f0
+9.92s draw_view_infos.hh_5696 --> draw_command_shared.hh_1480
+9.92s style draw_command_shared.hh_1480 fill:#1e0
+9.92s draw_view_infos.hh_5696 --> draw_shader_shared.hh_24775
+9.92s style draw_shader_shared.hh_24775 fill:#f00
+9.92s draw_object_infos_infos.hh_3974 --> draw_view_infos.hh_5696
+9.92s style draw_view_infos.hh_5696 fill:#5a0
+9.92s draw_object_infos_infos.hh_3974 --> draw_defines.hh_678
+9.92s style draw_defines.hh_678 fill:#0f0
+9.92s overlay_volume_infos.hh_7542 --> draw_object_infos_infos.hh_3974
+9.92s style draw_object_infos_infos.hh_3974 fill:#3c0
+9.92s overlay_volume_infos.hh_7542 --> draw_view_infos.hh_5696
+9.92s style draw_view_infos.hh_5696 fill:#5a0
+9.92s overlay_shader_shared.hh_16231 --> GPU_shader_shared_utils.hh_933
+9.92s style GPU_shader_shared_utils.hh_933 fill:#0f0
+9.92s overlay_common_infos.hh_1184 --> overlay_shader_shared.hh_16231
+9.92s style overlay_shader_shared.hh_16231 fill:#f00
+9.92s overlay_common_infos.hh_1184 --> select_shader_shared.hh_773
+9.92s style select_shader_shared.hh_773 fill:#0f0
+9.92s overlay_common_infos.hh_1184 --> select_defines.hh_108
+9.92s style select_defines.hh_108 fill:#0f0
+9.92s overlay_volume_infos.hh_7542 --> overlay_common_infos.hh_1184
+9.92s style overlay_common_infos.hh_1184 fill:#1e0
+9.92s overlay_varying_color.glsl_355 --> overlay_volume_infos.hh_7542
+9.92s style overlay_volume_infos.hh_7542 fill:#780
+9.92s draw_view_lib.glsl_3779 --> draw_view_infos.hh_5696
+9.92s style draw_view_infos.hh_5696 fill:#5a0
+9.92s overlay_common_lib.glsl_1652 --> draw_view_lib.glsl_3779
+9.92s style draw_view_lib.glsl_3779 fill:#3c0
+9.92s overlay_varying_color.glsl_355 --> overlay_common_lib.glsl_1652
+9.92s style overlay_common_lib.glsl_1652 fill:#1e0
+9.92s overlay_varying_color.glsl_355 --> select_lib.glsl_1221
+9.92s style select_lib.glsl_1221 fill:#1e0
+9.92s 
+9.92s 00:09.307  gpu.shader.deps  | Resolved Source Tree (Mermaid flowchart) 
+9.92s flowchart LR
+9.92s gpu_shader_compat_glsl.glsl_4944 --> gpu_shader_glsl_extension.glsl_644
+9.92s style gpu_shader_glsl_extension.glsl_644 fill:#0f0
+9.92s 
+10.05s 00:09.447  gpu.shader       | Compiling Shader "overlay_volume_gridlines_range"
+10.05s 00:09.448  gpu.shader.deps  | Resolved Source Tree (Mermaid flowchart) overlay_volume_gridlines_range
+10.05s flowchart LR
+10.05s draw_shader_shared.hh_24775 --> GPU_shader_shared_utils.hh_933
+10.05s style GPU_shader_shared_utils.hh_933 fill:#0f0
+10.05s draw_object_infos_infos.hh_3974 --> draw_shader_shared.hh_24775
+10.05s style draw_shader_shared.hh_24775 fill:#f00
+10.05s gpencil_shader_shared.hh_4176 --> GPU_shader_shared_utils.hh_933
+10.05s style GPU_shader_shared_utils.hh_933 fill:#0f0
+10.05s draw_object_infos_infos.hh_3974 --> gpencil_shader_shared.hh_4176
+10.05s style gpencil_shader_shared.hh_4176 fill:#4b0
+10.06s draw_view_infos.hh_5696 --> draw_defines.hh_678
+10.06s style draw_defines.hh_678 fill:#0f0
+10.06s draw_command_shared.hh_1480 --> GPU_shader_shared_utils.hh_933
+10.06s style GPU_shader_shared_utils.hh_933 fill:#0f0
+10.06s draw_view_infos.hh_5696 --> draw_command_shared.hh_1480
+10.06s style draw_command_shared.hh_1480 fill:#1e0
+10.06s draw_view_infos.hh_5696 --> draw_shader_shared.hh_24775
+10.06s style draw_shader_shared.hh_24775 fill:#f00
+10.06s draw_object_infos_infos.hh_3974 --> draw_view_infos.hh_5696
+10.06s style draw_view_infos.hh_5696 fill:#5a0
+10.06s draw_object_infos_infos.hh_3974 --> draw_defines.hh_678
+10.06s style draw_defines.hh_678 fill:#0f0
+10.06s overlay_volume_infos.hh_7542 --> draw_object_infos_infos.hh_3974
+10.06s style draw_object_infos_infos.hh_3974 fill:#3c0
+10.06s overlay_volume_infos.hh_7542 --> draw_view_infos.hh_5696
+10.06s style draw_view_infos.hh_5696 fill:#5a0
+10.06s overlay_shader_shared.hh_16231 --> GPU_shader_shared_utils.hh_933
+10.06s style GPU_shader_shared_utils.hh_933 fill:#0f0
+10.06s overlay_common_infos.hh_1184 --> overlay_shader_shared.hh_16231
+10.06s style overlay_shader_shared.hh_16231 fill:#f00
+10.06s overlay_common_infos.hh_1184 --> select_shader_shared.hh_773
+10.06s style select_shader_shared.hh_773 fill:#0f0
+10.06s overlay_common_infos.hh_1184 --> select_defines.hh_108
+10.06s style select_defines.hh_108 fill:#0f0
+10.06s overlay_volume_infos.hh_7542 --> overlay_common_infos.hh_1184
+10.06s style overlay_common_infos.hh_1184 fill:#1e0
+10.06s overlay_volume_gridlines_vert.glsl_2787 --> overlay_volume_infos.hh_7542
+10.06s style overlay_volume_infos.hh_7542 fill:#780
+10.06s draw_model_lib.glsl_2881 --> draw_view_infos.hh_5696
+10.06s style draw_view_infos.hh_5696 fill:#5a0
+10.06s draw_view_lib.glsl_3779 --> draw_view_infos.hh_5696
+10.06s style draw_view_infos.hh_5696 fill:#5a0
+10.06s draw_model_lib.glsl_2881 --> draw_view_lib.glsl_3779
+10.06s style draw_view_lib.glsl_3779 fill:#3c0
+10.06s overlay_volume_gridlines_vert.glsl_2787 --> draw_model_lib.glsl_2881
+10.06s style draw_model_lib.glsl_2881 fill:#2d0
+10.06s overlay_volume_gridlines_vert.glsl_2787 --> draw_view_lib.glsl_3779
+10.06s style draw_view_lib.glsl_3779 fill:#3c0
+10.06s overlay_volume_gridlines_vert.glsl_2787 --> gpu_shader_math_vector_compare_lib.glsl_2302
+10.06s style gpu_shader_math_vector_compare_lib.glsl_2302 fill:#2d0
+10.06s overlay_volume_gridlines_vert.glsl_2787 --> select_lib.glsl_1221
+10.06s style select_lib.glsl_1221 fill:#1e0
+10.06s 
+10.06s 00:09.448  gpu.shader.deps  | Resolved Source Tree (Mermaid flowchart) 
+10.06s flowchart LR
+10.06s gpu_shader_compat_glsl.glsl_4944 --> gpu_shader_glsl_extension.glsl_644
+10.06s style gpu_shader_glsl_extension.glsl_644 fill:#0f0
+10.06s 
+10.06s 00:09.449  gpu.shader.deps  | Resolved Source Tree (Mermaid flowchart) overlay_volume_gridlines_range
+10.06s flowchart LR
+10.06s draw_shader_shared.hh_24775 --> GPU_shader_shared_utils.hh_933
+10.06s style GPU_shader_shared_utils.hh_933 fill:#0f0
+10.06s draw_object_infos_infos.hh_3974 --> draw_shader_shared.hh_24775
+10.06s style draw_shader_shared.hh_24775 fill:#f00
+10.06s gpencil_shader_shared.hh_4176 --> GPU_shader_shared_utils.hh_933
+10.06s style GPU_shader_shared_utils.hh_933 fill:#0f0
+10.06s draw_object_infos_infos.hh_3974 --> gpencil_shader_shared.hh_4176
+10.06s style gpencil_shader_shared.hh_4176 fill:#4b0
+10.06s draw_view_infos.hh_5696 --> draw_defines.hh_678
+10.06s style draw_defines.hh_678 fill:#0f0
+10.06s draw_command_shared.hh_1480 --> GPU_shader_shared_utils.hh_933
+10.06s style GPU_shader_shared_utils.hh_933 fill:#0f0
+10.06s draw_view_infos.hh_5696 --> draw_command_shared.hh_1480
+10.06s style draw_command_shared.hh_1480 fill:#1e0
+10.06s draw_view_infos.hh_5696 --> draw_shader_shared.hh_24775
+10.06s style draw_shader_shared.hh_24775 fill:#f00
+10.06s draw_object_infos_infos.hh_3974 --> draw_view_infos.hh_5696
+10.06s style draw_view_infos.hh_5696 fill:#5a0
+10.06s draw_object_infos_infos.hh_3974 --> draw_defines.hh_678
+10.06s style draw_defines.hh_678 fill:#0f0
+10.06s overlay_volume_infos.hh_7542 --> draw_object_infos_infos.hh_3974
+10.06s style draw_object_infos_infos.hh_3974 fill:#3c0
+10.06s overlay_volume_infos.hh_7542 --> draw_view_infos.hh_5696
+10.06s style draw_view_infos.hh_5696 fill:#5a0
+10.06s overlay_shader_shared.hh_16231 --> GPU_shader_shared_utils.hh_933
+10.06s style GPU_shader_shared_utils.hh_933 fill:#0f0
+10.06s overlay_common_infos.hh_1184 --> overlay_shader_shared.hh_16231
+10.06s style overlay_shader_shared.hh_16231 fill:#f00
+10.06s overlay_common_infos.hh_1184 --> select_shader_shared.hh_773
+10.06s style select_shader_shared.hh_773 fill:#0f0
+10.06s overlay_common_infos.hh_1184 --> select_defines.hh_108
+10.06s style select_defines.hh_108 fill:#0f0
+10.06s overlay_volume_infos.hh_7542 --> overlay_common_infos.hh_1184
+10.06s style overlay_common_infos.hh_1184 fill:#1e0
+10.06s overlay_varying_color.glsl_355 --> overlay_volume_infos.hh_7542
+10.06s style overlay_volume_infos.hh_7542 fill:#780
+10.06s draw_view_lib.glsl_3779 --> draw_view_infos.hh_5696
+10.06s style draw_view_infos.hh_5696 fill:#5a0
+10.06s overlay_common_lib.glsl_1652 --> draw_view_lib.glsl_3779
+10.06s style draw_view_lib.glsl_3779 fill:#3c0
+10.06s overlay_varying_color.glsl_355 --> overlay_common_lib.glsl_1652
+10.06s style overlay_common_lib.glsl_1652 fill:#1e0
+10.06s overlay_varying_color.glsl_355 --> select_lib.glsl_1221
+10.06s style select_lib.glsl_1221 fill:#1e0
+10.06s 
+10.06s 00:09.449  gpu.shader.deps  | Resolved Source Tree (Mermaid flowchart) 
+10.06s flowchart LR
+10.06s gpu_shader_compat_glsl.glsl_4944 --> gpu_shader_glsl_extension.glsl_644
+10.06s style gpu_shader_glsl_extension.glsl_644 fill:#0f0
+10.06s 
+10.20s 00:09.591  gpu.shader       | Compiling Shader "overlay_volume_velocity_mac"
+10.20s 00:09.591  gpu.shader.deps  | Resolved Source Tree (Mermaid flowchart) overlay_volume_velocity_mac
+10.20s flowchart LR
+10.20s draw_shader_shared.hh_24775 --> GPU_shader_shared_utils.hh_933
+10.20s style GPU_shader_shared_utils.hh_933 fill:#0f0
+10.20s draw_object_infos_infos.hh_3974 --> draw_shader_shared.hh_24775
+10.20s style draw_shader_shared.hh_24775 fill:#f00
+10.20s gpencil_shader_shared.hh_4176 --> GPU_shader_shared_utils.hh_933
+10.20s style GPU_shader_shared_utils.hh_933 fill:#0f0
+10.20s draw_object_infos_infos.hh_3974 --> gpencil_shader_shared.hh_4176
+10.20s style gpencil_shader_shared.hh_4176 fill:#4b0
+10.20s draw_view_infos.hh_5696 --> draw_defines.hh_678
+10.20s style draw_defines.hh_678 fill:#0f0
+10.20s draw_command_shared.hh_1480 --> GPU_shader_shared_utils.hh_933
+10.20s style GPU_shader_shared_utils.hh_933 fill:#0f0
+10.20s draw_view_infos.hh_5696 --> draw_command_shared.hh_1480
+10.20s style draw_command_shared.hh_1480 fill:#1e0
+10.20s draw_view_infos.hh_5696 --> draw_shader_shared.hh_24775
+10.20s style draw_shader_shared.hh_24775 fill:#f00
+10.20s draw_object_infos_infos.hh_3974 --> draw_view_infos.hh_5696
+10.20s style draw_view_infos.hh_5696 fill:#5a0
+10.20s draw_object_infos_infos.hh_3974 --> draw_defines.hh_678
+10.20s style draw_defines.hh_678 fill:#0f0
+10.20s overlay_volume_infos.hh_7542 --> draw_object_infos_infos.hh_3974
+10.20s style draw_object_infos_infos.hh_3974 fill:#3c0
+10.20s overlay_volume_infos.hh_7542 --> draw_view_infos.hh_5696
+10.20s style draw_view_infos.hh_5696 fill:#5a0
+10.20s overlay_shader_shared.hh_16231 --> GPU_shader_shared_utils.hh_933
+10.20s style GPU_shader_shared_utils.hh_933 fill:#0f0
+10.20s overlay_common_infos.hh_1184 --> overlay_shader_shared.hh_16231
+10.20s style overlay_shader_shared.hh_16231 fill:#f00
+10.20s overlay_common_infos.hh_1184 --> select_shader_shared.hh_773
+10.20s style select_shader_shared.hh_773 fill:#0f0
+10.20s overlay_common_infos.hh_1184 --> select_defines.hh_108
+10.20s style select_defines.hh_108 fill:#0f0
+10.20s overlay_volume_infos.hh_7542 --> overlay_common_infos.hh_1184
+10.20s style overlay_common_infos.hh_1184 fill:#1e0
+10.20s overlay_volume_velocity_vert.glsl_5472 --> overlay_volume_infos.hh_7542
+10.20s style overlay_volume_infos.hh_7542 fill:#780
+10.20s draw_model_lib.glsl_2881 --> draw_view_infos.hh_5696
+10.20s style draw_view_infos.hh_5696 fill:#5a0
+10.20s draw_view_lib.glsl_3779 --> draw_view_infos.hh_5696
+10.20s style draw_view_infos.hh_5696 fill:#5a0
+10.20s draw_model_lib.glsl_2881 --> draw_view_lib.glsl_3779
+10.20s style draw_view_lib.glsl_3779 fill:#3c0
+10.20s overlay_volume_velocity_vert.glsl_5472 --> draw_model_lib.glsl_2881
+10.20s style draw_model_lib.glsl_2881 fill:#2d0
+10.20s overlay_volume_velocity_vert.glsl_5472 --> draw_view_lib.glsl_3779
+10.20s style draw_view_lib.glsl_3779 fill:#3c0
+10.20s overlay_volume_velocity_vert.glsl_5472 --> select_lib.glsl_1221
+10.20s style select_lib.glsl_1221 fill:#1e0
+10.20s 
+10.20s 00:09.591  gpu.shader.deps  | Resolved Source Tree (Mermaid flowchart) 
+10.20s flowchart LR
+10.20s gpu_shader_compat_glsl.glsl_4944 --> gpu_shader_glsl_extension.glsl_644
+10.20s style gpu_shader_glsl_extension.glsl_644 fill:#0f0
+10.20s 
+10.20s 00:09.592  gpu.shader.deps  | Resolved Source Tree (Mermaid flowchart) overlay_volume_velocity_mac
+10.20s flowchart LR
+10.20s draw_shader_shared.hh_24775 --> GPU_shader_shared_utils.hh_933
+10.20s style GPU_shader_shared_utils.hh_933 fill:#0f0
+10.20s draw_object_infos_infos.hh_3974 --> draw_shader_shared.hh_24775
+10.20s style draw_shader_shared.hh_24775 fill:#f00
+10.20s gpencil_shader_shared.hh_4176 --> GPU_shader_shared_utils.hh_933
+10.20s style GPU_shader_shared_utils.hh_933 fill:#0f0
+10.20s draw_object_infos_infos.hh_3974 --> gpencil_shader_shared.hh_4176
+10.20s style gpencil_shader_shared.hh_4176 fill:#4b0
+10.20s draw_view_infos.hh_5696 --> draw_defines.hh_678
+10.20s style draw_defines.hh_678 fill:#0f0
+10.20s draw_command_shared.hh_1480 --> GPU_shader_shared_utils.hh_933
+10.20s style GPU_shader_shared_utils.hh_933 fill:#0f0
+10.20s draw_view_infos.hh_5696 --> draw_command_shared.hh_1480
+10.20s style draw_command_shared.hh_1480 fill:#1e0
+10.20s draw_view_infos.hh_5696 --> draw_shader_shared.hh_24775
+10.20s style draw_shader_shared.hh_24775 fill:#f00
+10.20s draw_object_infos_infos.hh_3974 --> draw_view_infos.hh_5696
+10.20s style draw_view_infos.hh_5696 fill:#5a0
+10.20s draw_object_infos_infos.hh_3974 --> draw_defines.hh_678
+10.20s style draw_defines.hh_678 fill:#0f0
+10.20s overlay_volume_infos.hh_7542 --> draw_object_infos_infos.hh_3974
+10.20s style draw_object_infos_infos.hh_3974 fill:#3c0
+10.20s overlay_volume_infos.hh_7542 --> draw_view_infos.hh_5696
+10.20s style draw_view_infos.hh_5696 fill:#5a0
+10.20s overlay_shader_shared.hh_16231 --> GPU_shader_shared_utils.hh_933
+10.20s style GPU_shader_shared_utils.hh_933 fill:#0f0
+10.20s overlay_common_infos.hh_1184 --> overlay_shader_shared.hh_16231
+10.20s style overlay_shader_shared.hh_16231 fill:#f00
+10.20s overlay_common_infos.hh_1184 --> select_shader_shared.hh_773
+10.20s style select_shader_shared.hh_773 fill:#0f0
+10.20s overlay_common_infos.hh_1184 --> select_defines.hh_108
+10.20s style select_defines.hh_108 fill:#0f0
+10.20s overlay_volume_infos.hh_7542 --> overlay_common_infos.hh_1184
+10.20s style overlay_common_infos.hh_1184 fill:#1e0
+10.20s overlay_varying_color.glsl_355 --> overlay_volume_infos.hh_7542
+10.20s style overlay_volume_infos.hh_7542 fill:#780
+10.20s draw_view_lib.glsl_3779 --> draw_view_infos.hh_5696
+10.20s style draw_view_infos.hh_5696 fill:#5a0
+10.20s overlay_common_lib.glsl_1652 --> draw_view_lib.glsl_3779
+10.20s style draw_view_lib.glsl_3779 fill:#3c0
+10.20s overlay_varying_color.glsl_355 --> overlay_common_lib.glsl_1652
+10.20s style overlay_common_lib.glsl_1652 fill:#1e0
+10.20s overlay_varying_color.glsl_355 --> select_lib.glsl_1221
+10.20s style select_lib.glsl_1221 fill:#1e0
+10.20s 
+10.20s 00:09.592  gpu.shader.deps  | Resolved Source Tree (Mermaid flowchart) 
+10.20s flowchart LR
+10.20s gpu_shader_compat_glsl.glsl_4944 --> gpu_shader_glsl_extension.glsl_644
+10.20s style gpu_shader_glsl_extension.glsl_644 fill:#0f0
+10.20s 
+10.34s 00:09.736  gpu.shader       | Compiling Shader "overlay_volume_velocity_needle"
+10.34s 00:09.736  gpu.shader.deps  | Resolved Source Tree (Mermaid flowchart) overlay_volume_velocity_needle
+10.34s flowchart LR
+10.34s draw_shader_shared.hh_24775 --> GPU_shader_shared_utils.hh_933
+10.34s style GPU_shader_shared_utils.hh_933 fill:#0f0
+10.34s draw_object_infos_infos.hh_3974 --> draw_shader_shared.hh_24775
+10.34s style draw_shader_shared.hh_24775 fill:#f00
+10.34s gpencil_shader_shared.hh_4176 --> GPU_shader_shared_utils.hh_933
+10.34s style GPU_shader_shared_utils.hh_933 fill:#0f0
+10.35s draw_object_infos_infos.hh_3974 --> gpencil_shader_shared.hh_4176
+10.35s style gpencil_shader_shared.hh_4176 fill:#4b0
+10.35s draw_view_infos.hh_5696 --> draw_defines.hh_678
+10.35s style draw_defines.hh_678 fill:#0f0
+10.35s draw_command_shared.hh_1480 --> GPU_shader_shared_utils.hh_933
+10.35s style GPU_shader_shared_utils.hh_933 fill:#0f0
+10.35s draw_view_infos.hh_5696 --> draw_command_shared.hh_1480
+10.35s style draw_command_shared.hh_1480 fill:#1e0
+10.35s draw_view_infos.hh_5696 --> draw_shader_shared.hh_24775
+10.35s style draw_shader_shared.hh_24775 fill:#f00
+10.35s draw_object_infos_infos.hh_3974 --> draw_view_infos.hh_5696
+10.35s style draw_view_infos.hh_5696 fill:#5a0
+10.35s draw_object_infos_infos.hh_3974 --> draw_defines.hh_678
+10.35s style draw_defines.hh_678 fill:#0f0
+10.35s overlay_volume_infos.hh_7542 --> draw_object_infos_infos.hh_3974
+10.35s style draw_object_infos_infos.hh_3974 fill:#3c0
+10.35s overlay_volume_infos.hh_7542 --> draw_view_infos.hh_5696
+10.35s style draw_view_infos.hh_5696 fill:#5a0
+10.35s overlay_shader_shared.hh_16231 --> GPU_shader_shared_utils.hh_933
+10.35s style GPU_shader_shared_utils.hh_933 fill:#0f0
+10.35s overlay_common_infos.hh_1184 --> overlay_shader_shared.hh_16231
+10.35s style overlay_shader_shared.hh_16231 fill:#f00
+10.35s overlay_common_infos.hh_1184 --> select_shader_shared.hh_773
+10.35s style select_shader_shared.hh_773 fill:#0f0
+10.35s overlay_common_infos.hh_1184 --> select_defines.hh_108
+10.35s style select_defines.hh_108 fill:#0f0
+10.35s overlay_volume_infos.hh_7542 --> overlay_common_infos.hh_1184
+10.35s style overlay_common_infos.hh_1184 fill:#1e0
+10.35s overlay_volume_velocity_vert.glsl_5472 --> overlay_volume_infos.hh_7542
+10.35s style overlay_volume_infos.hh_7542 fill:#780
+10.35s draw_model_lib.glsl_2881 --> draw_view_infos.hh_5696
+10.35s style draw_view_infos.hh_5696 fill:#5a0
+10.35s draw_view_lib.glsl_3779 --> draw_view_infos.hh_5696
+10.35s style draw_view_infos.hh_5696 fill:#5a0
+10.35s draw_model_lib.glsl_2881 --> draw_view_lib.glsl_3779
+10.35s style draw_view_lib.glsl_3779 fill:#3c0
+10.35s overlay_volume_velocity_vert.glsl_5472 --> draw_model_lib.glsl_2881
+10.35s style draw_model_lib.glsl_2881 fill:#2d0
+10.35s overlay_volume_velocity_vert.glsl_5472 --> draw_view_lib.glsl_3779
+10.35s style draw_view_lib.glsl_3779 fill:#3c0
+10.35s overlay_volume_velocity_vert.glsl_5472 --> select_lib.glsl_1221
+10.35s style select_lib.glsl_1221 fill:#1e0
+10.35s 
+10.35s 00:09.736  gpu.shader.deps  | Resolved Source Tree (Mermaid flowchart) 
+10.35s flowchart LR
+10.35s gpu_shader_compat_glsl.glsl_4944 --> gpu_shader_glsl_extension.glsl_644
+10.35s style gpu_shader_glsl_extension.glsl_644 fill:#0f0
+10.35s 
+10.35s 00:09.737  gpu.shader.deps  | Resolved Source Tree (Mermaid flowchart) overlay_volume_velocity_needle
+10.35s flowchart LR
+10.35s draw_shader_shared.hh_24775 --> GPU_shader_shared_utils.hh_933
+10.35s style GPU_shader_shared_utils.hh_933 fill:#0f0
+10.35s draw_object_infos_infos.hh_3974 --> draw_shader_shared.hh_24775
+10.35s style draw_shader_shared.hh_24775 fill:#f00
+10.35s gpencil_shader_shared.hh_4176 --> GPU_shader_shared_utils.hh_933
+10.35s style GPU_shader_shared_utils.hh_933 fill:#0f0
+10.35s draw_object_infos_infos.hh_3974 --> gpencil_shader_shared.hh_4176
+10.35s style gpencil_shader_shared.hh_4176 fill:#4b0
+10.35s draw_view_infos.hh_5696 --> draw_defines.hh_678
+10.35s style draw_defines.hh_678 fill:#0f0
+10.35s draw_command_shared.hh_1480 --> GPU_shader_shared_utils.hh_933
+10.35s style GPU_shader_shared_utils.hh_933 fill:#0f0
+10.35s draw_view_infos.hh_5696 --> draw_command_shared.hh_1480
+10.35s style draw_command_shared.hh_1480 fill:#1e0
+10.35s draw_view_infos.hh_5696 --> draw_shader_shared.hh_24775
+10.35s style draw_shader_shared.hh_24775 fill:#f00
+10.35s draw_object_infos_infos.hh_3974 --> draw_view_infos.hh_5696
+10.35s style draw_view_infos.hh_5696 fill:#5a0
+10.35s draw_object_infos_infos.hh_3974 --> draw_defines.hh_678
+10.35s style draw_defines.hh_678 fill:#0f0
+10.35s overlay_volume_infos.hh_7542 --> draw_object_infos_infos.hh_3974
+10.35s style draw_object_infos_infos.hh_3974 fill:#3c0
+10.35s overlay_volume_infos.hh_7542 --> draw_view_infos.hh_5696
+10.35s style draw_view_infos.hh_5696 fill:#5a0
+10.35s overlay_shader_shared.hh_16231 --> GPU_shader_shared_utils.hh_933
+10.35s style GPU_shader_shared_utils.hh_933 fill:#0f0
+10.35s overlay_common_infos.hh_1184 --> overlay_shader_shared.hh_16231
+10.35s style overlay_shader_shared.hh_16231 fill:#f00
+10.35s overlay_common_infos.hh_1184 --> select_shader_shared.hh_773
+10.35s style select_shader_shared.hh_773 fill:#0f0
+10.35s overlay_common_infos.hh_1184 --> select_defines.hh_108
+10.35s style select_defines.hh_108 fill:#0f0
+10.35s overlay_volume_infos.hh_7542 --> overlay_common_infos.hh_1184
+10.35s style overlay_common_infos.hh_1184 fill:#1e0
+10.35s overlay_varying_color.glsl_355 --> overlay_volume_infos.hh_7542
+10.35s style overlay_volume_infos.hh_7542 fill:#780
+10.35s draw_view_lib.glsl_3779 --> draw_view_infos.hh_5696
+10.35s style draw_view_infos.hh_5696 fill:#5a0
+10.35s overlay_common_lib.glsl_1652 --> draw_view_lib.glsl_3779
+10.35s style draw_view_lib.glsl_3779 fill:#3c0
+10.35s overlay_varying_color.glsl_355 --> overlay_common_lib.glsl_1652
+10.35s style overlay_common_lib.glsl_1652 fill:#1e0
+10.35s overlay_varying_color.glsl_355 --> select_lib.glsl_1221
+10.35s style select_lib.glsl_1221 fill:#1e0
+10.35s 
+10.35s 00:09.737  gpu.shader.deps  | Resolved Source Tree (Mermaid flowchart) 
+10.35s flowchart LR
+10.35s gpu_shader_compat_glsl.glsl_4944 --> gpu_shader_glsl_extension.glsl_644
+10.35s style gpu_shader_glsl_extension.glsl_644 fill:#0f0
+10.35s 
+10.49s 00:09.884  gpu.shader       | Compiling Shader "overlay_volume_velocity_streamline"
+10.49s 00:09.884  gpu.shader.deps  | Resolved Source Tree (Mermaid flowchart) overlay_volume_velocity_streamline
+10.49s flowchart LR
+10.49s draw_shader_shared.hh_24775 --> GPU_shader_shared_utils.hh_933
+10.49s style GPU_shader_shared_utils.hh_933 fill:#0f0
+10.49s draw_object_infos_infos.hh_3974 --> draw_shader_shared.hh_24775
+10.49s style draw_shader_shared.hh_24775 fill:#f00
+10.49s gpencil_shader_shared.hh_4176 --> GPU_shader_shared_utils.hh_933
+10.49s style GPU_shader_shared_utils.hh_933 fill:#0f0
+10.49s draw_object_infos_infos.hh_3974 --> gpencil_shader_shared.hh_4176
+10.49s style gpencil_shader_shared.hh_4176 fill:#4b0
+10.49s draw_view_infos.hh_5696 --> draw_defines.hh_678
+10.49s style draw_defines.hh_678 fill:#0f0
+10.49s draw_command_shared.hh_1480 --> GPU_shader_shared_utils.hh_933
+10.49s style GPU_shader_shared_utils.hh_933 fill:#0f0
+10.50s draw_view_infos.hh_5696 --> draw_command_shared.hh_1480
+10.50s style draw_command_shared.hh_1480 fill:#1e0
+10.50s draw_view_infos.hh_5696 --> draw_shader_shared.hh_24775
+10.50s style draw_shader_shared.hh_24775 fill:#f00
+10.50s draw_object_infos_infos.hh_3974 --> draw_view_infos.hh_5696
+10.50s style draw_view_infos.hh_5696 fill:#5a0
+10.50s draw_object_infos_infos.hh_3974 --> draw_defines.hh_678
+10.50s style draw_defines.hh_678 fill:#0f0
+10.50s overlay_volume_infos.hh_7542 --> draw_object_infos_infos.hh_3974
+10.50s style draw_object_infos_infos.hh_3974 fill:#3c0
+10.50s overlay_volume_infos.hh_7542 --> draw_view_infos.hh_5696
+10.50s style draw_view_infos.hh_5696 fill:#5a0
+10.50s overlay_shader_shared.hh_16231 --> GPU_shader_shared_utils.hh_933
+10.50s style GPU_shader_shared_utils.hh_933 fill:#0f0
+10.50s overlay_common_infos.hh_1184 --> overlay_shader_shared.hh_16231
+10.50s style overlay_shader_shared.hh_16231 fill:#f00
+10.50s overlay_common_infos.hh_1184 --> select_shader_shared.hh_773
+10.50s style select_shader_shared.hh_773 fill:#0f0
+10.50s overlay_common_infos.hh_1184 --> select_defines.hh_108
+10.50s style select_defines.hh_108 fill:#0f0
+10.50s overlay_volume_infos.hh_7542 --> overlay_common_infos.hh_1184
+10.50s style overlay_common_infos.hh_1184 fill:#1e0
+10.50s overlay_volume_velocity_vert.glsl_5472 --> overlay_volume_infos.hh_7542
+10.50s style overlay_volume_infos.hh_7542 fill:#780
+10.50s draw_model_lib.glsl_2881 --> draw_view_infos.hh_5696
+10.50s style draw_view_infos.hh_5696 fill:#5a0
+10.50s draw_view_lib.glsl_3779 --> draw_view_infos.hh_5696
+10.50s style draw_view_infos.hh_5696 fill:#5a0
+10.50s draw_model_lib.glsl_2881 --> draw_view_lib.glsl_3779
+10.50s style draw_view_lib.glsl_3779 fill:#3c0
+10.50s overlay_volume_velocity_vert.glsl_5472 --> draw_model_lib.glsl_2881
+10.50s style draw_model_lib.glsl_2881 fill:#2d0
+10.50s overlay_volume_velocity_vert.glsl_5472 --> draw_view_lib.glsl_3779
+10.50s style draw_view_lib.glsl_3779 fill:#3c0
+10.50s overlay_volume_velocity_vert.glsl_5472 --> select_lib.glsl_1221
+10.50s style select_lib.glsl_1221 fill:#1e0
+10.50s 
+10.50s 00:09.884  gpu.shader.deps  | Resolved Source Tree (Mermaid flowchart) 
+10.50s flowchart LR
+10.50s gpu_shader_compat_glsl.glsl_4944 --> gpu_shader_glsl_extension.glsl_644
+10.50s style gpu_shader_glsl_extension.glsl_644 fill:#0f0
+10.50s 
+10.50s 00:09.885  gpu.shader.deps  | Resolved Source Tree (Mermaid flowchart) overlay_volume_velocity_streamline
+10.50s flowchart LR
+10.50s draw_shader_shared.hh_24775 --> GPU_shader_shared_utils.hh_933
+10.50s style GPU_shader_shared_utils.hh_933 fill:#0f0
+10.50s draw_object_infos_infos.hh_3974 --> draw_shader_shared.hh_24775
+10.50s style draw_shader_shared.hh_24775 fill:#f00
+10.50s gpencil_shader_shared.hh_4176 --> GPU_shader_shared_utils.hh_933
+10.50s style GPU_shader_shared_utils.hh_933 fill:#0f0
+10.50s draw_object_infos_infos.hh_3974 --> gpencil_shader_shared.hh_4176
+10.50s style gpencil_shader_shared.hh_4176 fill:#4b0
+10.50s draw_view_infos.hh_5696 --> draw_defines.hh_678
+10.50s style draw_defines.hh_678 fill:#0f0
+10.50s draw_command_shared.hh_1480 --> GPU_shader_shared_utils.hh_933
+10.50s style GPU_shader_shared_utils.hh_933 fill:#0f0
+10.50s draw_view_infos.hh_5696 --> draw_command_shared.hh_1480
+10.50s style draw_command_shared.hh_1480 fill:#1e0
+10.50s draw_view_infos.hh_5696 --> draw_shader_shared.hh_24775
+10.50s style draw_shader_shared.hh_24775 fill:#f00
+10.50s draw_object_infos_infos.hh_3974 --> draw_view_infos.hh_5696
+10.50s style draw_view_infos.hh_5696 fill:#5a0
+10.50s draw_object_infos_infos.hh_3974 --> draw_defines.hh_678
+10.50s style draw_defines.hh_678 fill:#0f0
+10.50s overlay_volume_infos.hh_7542 --> draw_object_infos_infos.hh_3974
+10.50s style draw_object_infos_infos.hh_3974 fill:#3c0
+10.50s overlay_volume_infos.hh_7542 --> draw_view_infos.hh_5696
+10.50s style draw_view_infos.hh_5696 fill:#5a0
+10.50s overlay_shader_shared.hh_16231 --> GPU_shader_shared_utils.hh_933
+10.50s style GPU_shader_shared_utils.hh_933 fill:#0f0
+10.50s overlay_common_infos.hh_1184 --> overlay_shader_shared.hh_16231
+10.50s style overlay_shader_shared.hh_16231 fill:#f00
+10.50s overlay_common_infos.hh_1184 --> select_shader_shared.hh_773
+10.50s style select_shader_shared.hh_773 fill:#0f0
+10.50s overlay_common_infos.hh_1184 --> select_defines.hh_108
+10.50s style select_defines.hh_108 fill:#0f0
+10.50s overlay_volume_infos.hh_7542 --> overlay_common_infos.hh_1184
+10.50s style overlay_common_infos.hh_1184 fill:#1e0
+10.50s overlay_varying_color.glsl_355 --> overlay_volume_infos.hh_7542
+10.50s style overlay_volume_infos.hh_7542 fill:#780
+10.50s draw_view_lib.glsl_3779 --> draw_view_infos.hh_5696
+10.50s style draw_view_infos.hh_5696 fill:#5a0
+10.50s overlay_common_lib.glsl_1652 --> draw_view_lib.glsl_3779
+10.50s style draw_view_lib.glsl_3779 fill:#3c0
+10.50s overlay_varying_color.glsl_355 --> overlay_common_lib.glsl_1652
+10.50s style overlay_common_lib.glsl_1652 fill:#1e0
+10.50s overlay_varying_color.glsl_355 --> select_lib.glsl_1221
+10.50s style select_lib.glsl_1221 fill:#1e0
+10.50s 
+10.50s 00:09.885  gpu.shader.deps  | Resolved Source Tree (Mermaid flowchart) 
+10.50s flowchart LR
+10.50s gpu_shader_compat_glsl.glsl_4944 --> gpu_shader_glsl_extension.glsl_644
+10.50s style gpu_shader_glsl_extension.glsl_644 fill:#0f0
+10.50s 
+10.63s 00:10.027  gpu.shader       | Compiling Shader "overlay_grid_next"
+10.63s 00:10.027  gpu.shader.deps  | Resolved Source Tree (Mermaid flowchart) overlay_grid_next
+10.63s flowchart LR
+10.63s draw_view_infos.hh_5696 --> draw_defines.hh_678
+10.63s style draw_defines.hh_678 fill:#0f0
+10.63s draw_command_shared.hh_1480 --> GPU_shader_shared_utils.hh_933
+10.64s style GPU_shader_shared_utils.hh_933 fill:#0f0
+10.64s draw_view_infos.hh_5696 --> draw_command_shared.hh_1480
+10.64s style draw_command_shared.hh_1480 fill:#1e0
+10.64s draw_shader_shared.hh_24775 --> GPU_shader_shared_utils.hh_933
+10.64s style GPU_shader_shared_utils.hh_933 fill:#0f0
+10.64s draw_view_infos.hh_5696 --> draw_shader_shared.hh_24775
+10.64s style draw_shader_shared.hh_24775 fill:#f00
+10.64s overlay_grid_infos.hh_1310 --> draw_view_infos.hh_5696
+10.64s style draw_view_infos.hh_5696 fill:#5a0
+10.64s overlay_shader_shared.hh_16231 --> GPU_shader_shared_utils.hh_933
+10.64s style GPU_shader_shared_utils.hh_933 fill:#0f0
+10.64s overlay_grid_infos.hh_1310 --> overlay_shader_shared.hh_16231
+10.64s style overlay_shader_shared.hh_16231 fill:#f00
+10.64s overlay_common_infos.hh_1184 --> overlay_shader_shared.hh_16231
+10.64s style overlay_shader_shared.hh_16231 fill:#f00
+10.64s overlay_common_infos.hh_1184 --> select_shader_shared.hh_773
+10.64s style select_shader_shared.hh_773 fill:#0f0
+10.64s overlay_common_infos.hh_1184 --> select_defines.hh_108
+10.64s style select_defines.hh_108 fill:#0f0
+10.64s overlay_grid_infos.hh_1310 --> overlay_common_infos.hh_1184
+10.64s style overlay_common_infos.hh_1184 fill:#1e0
+10.64s overlay_grid_vert.glsl_5500 --> overlay_grid_infos.hh_1310
+10.64s style overlay_grid_infos.hh_1310 fill:#1e0
+10.64s draw_view_lib.glsl_3779 --> draw_view_infos.hh_5696
+10.64s style draw_view_infos.hh_5696 fill:#5a0
+10.64s overlay_grid_vert.glsl_5500 --> draw_view_lib.glsl_3779
+10.64s style draw_view_lib.glsl_3779 fill:#3c0
+10.64s overlay_grid_vert.glsl_5500 --> gpu_shader_math_base_lib.glsl_1464
+10.64s style gpu_shader_math_base_lib.glsl_1464 fill:#1e0
+10.64s overlay_grid_vert.glsl_5500 --> gpu_shader_utildefines_lib.glsl_3296
+10.64s style gpu_shader_utildefines_lib.glsl_3296 fill:#3c0
+10.64s overlay_grid_vert.glsl_5500 --> overlay_grid_common_lib.glsl_466
+10.64s style overlay_grid_common_lib.glsl_466 fill:#0f0
+10.64s 
+10.64s 00:10.027  gpu.shader.deps  | Resolved Source Tree (Mermaid flowchart) 
+10.64s flowchart LR
+10.64s gpu_shader_compat_glsl.glsl_4944 --> gpu_shader_glsl_extension.glsl_644
+10.64s style gpu_shader_glsl_extension.glsl_644 fill:#0f0
+10.64s 
+10.64s 00:10.028  gpu.shader.deps  | Resolved Source Tree (Mermaid flowchart) overlay_grid_next
+10.64s flowchart LR
+10.64s draw_view_infos.hh_5696 --> draw_defines.hh_678
+10.64s style draw_defines.hh_678 fill:#0f0
+10.64s draw_command_shared.hh_1480 --> GPU_shader_shared_utils.hh_933
+10.64s style GPU_shader_shared_utils.hh_933 fill:#0f0
+10.64s draw_view_infos.hh_5696 --> draw_command_shared.hh_1480
+10.64s style draw_command_shared.hh_1480 fill:#1e0
+10.64s draw_shader_shared.hh_24775 --> GPU_shader_shared_utils.hh_933
+10.64s style GPU_shader_shared_utils.hh_933 fill:#0f0
+10.64s draw_view_infos.hh_5696 --> draw_shader_shared.hh_24775
+10.64s style draw_shader_shared.hh_24775 fill:#f00
+10.64s overlay_grid_infos.hh_1310 --> draw_view_infos.hh_5696
+10.64s style draw_view_infos.hh_5696 fill:#5a0
+10.64s overlay_shader_shared.hh_16231 --> GPU_shader_shared_utils.hh_933
+10.64s style GPU_shader_shared_utils.hh_933 fill:#0f0
+10.64s overlay_grid_infos.hh_1310 --> overlay_shader_shared.hh_16231
+10.64s style overlay_shader_shared.hh_16231 fill:#f00
+10.64s overlay_common_infos.hh_1184 --> overlay_shader_shared.hh_16231
+10.64s style overlay_shader_shared.hh_16231 fill:#f00
+10.64s overlay_common_infos.hh_1184 --> select_shader_shared.hh_773
+10.64s style select_shader_shared.hh_773 fill:#0f0
+10.64s overlay_common_infos.hh_1184 --> select_defines.hh_108
+10.64s style select_defines.hh_108 fill:#0f0
+10.64s overlay_grid_infos.hh_1310 --> overlay_common_infos.hh_1184
+10.64s style overlay_common_infos.hh_1184 fill:#1e0
+10.64s overlay_grid_frag.glsl_2586 --> overlay_grid_infos.hh_1310
+10.64s style overlay_grid_infos.hh_1310 fill:#1e0
+10.64s draw_view_lib.glsl_3779 --> draw_view_infos.hh_5696
+10.64s style draw_view_infos.hh_5696 fill:#5a0
+10.64s overlay_grid_frag.glsl_2586 --> draw_view_lib.glsl_3779
+10.64s style draw_view_lib.glsl_3779 fill:#3c0
+10.64s overlay_grid_frag.glsl_2586 --> gpu_shader_math_base_lib.glsl_1464
+10.64s style gpu_shader_math_base_lib.glsl_1464 fill:#1e0
+10.64s overlay_grid_frag.glsl_2586 --> gpu_shader_utildefines_lib.glsl_3296
+10.64s style gpu_shader_utildefines_lib.glsl_3296 fill:#3c0
+10.64s overlay_common_lib.glsl_1652 --> draw_view_lib.glsl_3779
+10.64s style draw_view_lib.glsl_3779 fill:#3c0
+10.64s overlay_grid_frag.glsl_2586 --> overlay_common_lib.glsl_1652
+10.64s style overlay_common_lib.glsl_1652 fill:#1e0
+10.64s overlay_grid_frag.glsl_2586 --> overlay_grid_common_lib.glsl_466
+10.64s style overlay_grid_common_lib.glsl_466 fill:#0f0
+10.64s 
+10.64s 00:10.028  gpu.shader.deps  | Resolved Source Tree (Mermaid flowchart) 
+10.64s flowchart LR
+10.64s gpu_shader_compat_glsl.glsl_4944 --> gpu_shader_glsl_extension.glsl_644
+10.64s style gpu_shader_glsl_extension.glsl_644 fill:#0f0
+10.64s 
+10.79s 00:10.185  gpu.shader       | Compiling Shader "overlay_image_depth_bias"
+10.79s 00:10.185  gpu.shader.deps  | Resolved Source Tree (Mermaid flowchart) overlay_image_depth_bias
+10.79s flowchart LR
+10.79s draw_shader_shared.hh_24775 --> GPU_shader_shared_utils.hh_933
+10.79s style GPU_shader_shared_utils.hh_933 fill:#0f0
+10.79s draw_object_infos_infos.hh_3974 --> draw_shader_shared.hh_24775
+10.79s style draw_shader_shared.hh_24775 fill:#f00
+10.79s gpencil_shader_shared.hh_4176 --> GPU_shader_shared_utils.hh_933
+10.80s style GPU_shader_shared_utils.hh_933 fill:#0f0
+10.80s draw_object_infos_infos.hh_3974 --> gpencil_shader_shared.hh_4176
+10.80s style gpencil_shader_shared.hh_4176 fill:#4b0
+10.80s draw_view_infos.hh_5696 --> draw_defines.hh_678
+10.80s style draw_defines.hh_678 fill:#0f0
+10.80s draw_command_shared.hh_1480 --> GPU_shader_shared_utils.hh_933
+10.80s style GPU_shader_shared_utils.hh_933 fill:#0f0
+10.80s draw_view_infos.hh_5696 --> draw_command_shared.hh_1480
+10.80s style draw_command_shared.hh_1480 fill:#1e0
+10.80s draw_view_infos.hh_5696 --> draw_shader_shared.hh_24775
+10.80s style draw_shader_shared.hh_24775 fill:#f00
+10.80s draw_object_infos_infos.hh_3974 --> draw_view_infos.hh_5696
+10.80s style draw_view_infos.hh_5696 fill:#5a0
+10.80s draw_object_infos_infos.hh_3974 --> draw_defines.hh_678
+10.80s style draw_defines.hh_678 fill:#0f0
+10.80s overlay_extra_infos.hh_32368 --> draw_object_infos_infos.hh_3974
+10.80s style draw_object_infos_infos.hh_3974 fill:#3c0
+10.80s overlay_extra_infos.hh_32368 --> draw_view_infos.hh_5696
+10.80s style draw_view_infos.hh_5696 fill:#5a0
+10.80s GPU_shader_shared.hh_13548 --> GPU_shader_shared_utils.hh_933
+10.80s style GPU_shader_shared_utils.hh_933 fill:#0f0
+10.80s gpu_index_load_infos.hh_567 --> GPU_shader_shared.hh_13548
+10.80s style GPU_shader_shared.hh_13548 fill:#d20
+10.80s overlay_extra_infos.hh_32368 --> gpu_index_load_infos.hh_567
+10.80s style gpu_index_load_infos.hh_567 fill:#0f0
+10.80s overlay_shader_shared.hh_16231 --> GPU_shader_shared_utils.hh_933
+10.80s style GPU_shader_shared_utils.hh_933 fill:#0f0
+10.80s overlay_extra_infos.hh_32368 --> overlay_shader_shared.hh_16231
+10.80s style overlay_shader_shared.hh_16231 fill:#f00
+10.80s overlay_common_infos.hh_1184 --> overlay_shader_shared.hh_16231
+10.80s style overlay_shader_shared.hh_16231 fill:#f00
+10.80s overlay_common_infos.hh_1184 --> select_shader_shared.hh_773
+10.80s style select_shader_shared.hh_773 fill:#0f0
+10.80s overlay_common_infos.hh_1184 --> select_defines.hh_108
+10.80s style select_defines.hh_108 fill:#0f0
+10.80s overlay_extra_infos.hh_32368 --> overlay_common_infos.hh_1184
+10.80s style overlay_common_infos.hh_1184 fill:#1e0
+10.80s overlay_image_vert.glsl_855 --> overlay_extra_infos.hh_32368
+10.80s style overlay_extra_infos.hh_32368 fill:#f00
+10.80s draw_model_lib.glsl_2881 --> draw_view_infos.hh_5696
+10.80s style draw_view_infos.hh_5696 fill:#5a0
+10.80s draw_view_lib.glsl_3779 --> draw_view_infos.hh_5696
+10.80s style draw_view_infos.hh_5696 fill:#5a0
+10.80s draw_model_lib.glsl_2881 --> draw_view_lib.glsl_3779
+10.80s style draw_view_lib.glsl_3779 fill:#3c0
+10.80s overlay_image_vert.glsl_855 --> draw_model_lib.glsl_2881
+10.80s style draw_model_lib.glsl_2881 fill:#2d0
+10.80s overlay_image_vert.glsl_855 --> draw_view_clipping_lib.glsl_1192
+10.80s style draw_view_clipping_lib.glsl_1192 fill:#1e0
+10.80s overlay_image_vert.glsl_855 --> draw_view_lib.glsl_3779
+10.80s style draw_view_lib.glsl_3779 fill:#3c0
+10.80s overlay_image_vert.glsl_855 --> select_lib.glsl_1221
+10.80s style select_lib.glsl_1221 fill:#1e0
+10.80s 
+10.80s 00:10.185  gpu.shader.deps  | Resolved Source Tree (Mermaid flowchart) 
+10.80s flowchart LR
+10.80s gpu_shader_compat_glsl.glsl_4944 --> gpu_shader_glsl_extension.glsl_644
+10.80s style gpu_shader_glsl_extension.glsl_644 fill:#0f0
+10.80s 
+10.80s 00:10.186  gpu.shader.deps  | Resolved Source Tree (Mermaid flowchart) overlay_image_depth_bias
+10.80s flowchart LR
+10.80s draw_shader_shared.hh_24775 --> GPU_shader_shared_utils.hh_933
+10.80s style GPU_shader_shared_utils.hh_933 fill:#0f0
+10.80s draw_object_infos_infos.hh_3974 --> draw_shader_shared.hh_24775
+10.80s style draw_shader_shared.hh_24775 fill:#f00
+10.80s gpencil_shader_shared.hh_4176 --> GPU_shader_shared_utils.hh_933
+10.80s style GPU_shader_shared_utils.hh_933 fill:#0f0
+10.80s draw_object_infos_infos.hh_3974 --> gpencil_shader_shared.hh_4176
+10.80s style gpencil_shader_shared.hh_4176 fill:#4b0
+10.80s draw_view_infos.hh_5696 --> draw_defines.hh_678
+10.80s style draw_defines.hh_678 fill:#0f0
+10.80s draw_command_shared.hh_1480 --> GPU_shader_shared_utils.hh_933
+10.80s style GPU_shader_shared_utils.hh_933 fill:#0f0
+10.80s draw_view_infos.hh_5696 --> draw_command_shared.hh_1480
+10.80s style draw_command_shared.hh_1480 fill:#1e0
+10.80s draw_view_infos.hh_5696 --> draw_shader_shared.hh_24775
+10.80s style draw_shader_shared.hh_24775 fill:#f00
+10.80s draw_object_infos_infos.hh_3974 --> draw_view_infos.hh_5696
+10.80s style draw_view_infos.hh_5696 fill:#5a0
+10.80s draw_object_infos_infos.hh_3974 --> draw_defines.hh_678
+10.80s style draw_defines.hh_678 fill:#0f0
+10.80s overlay_edit_mode_infos.hh_43170 --> draw_object_infos_infos.hh_3974
+10.80s style draw_object_infos_infos.hh_3974 fill:#3c0
+10.80s overlay_edit_mode_infos.hh_43170 --> draw_view_infos.hh_5696
+10.80s style draw_view_infos.hh_5696 fill:#5a0
+10.80s GPU_shader_shared.hh_13548 --> GPU_shader_shared_utils.hh_933
+10.80s style GPU_shader_shared_utils.hh_933 fill:#0f0
+10.80s gpu_index_load_infos.hh_567 --> GPU_shader_shared.hh_13548
+10.80s style GPU_shader_shared.hh_13548 fill:#d20
+10.80s overlay_edit_mode_infos.hh_43170 --> gpu_index_load_infos.hh_567
+10.80s style gpu_index_load_infos.hh_567 fill:#0f0
+10.80s overlay_shader_shared.hh_16231 --> GPU_shader_shared_utils.hh_933
+10.80s style GPU_shader_shared_utils.hh_933 fill:#0f0
+10.80s overlay_edit_mode_infos.hh_43170 --> overlay_shader_shared.hh_16231
+10.80s style overlay_shader_shared.hh_16231 fill:#f00
+10.80s overlay_common_infos.hh_1184 --> overlay_shader_shared.hh_16231
+10.80s style overlay_shader_shared.hh_16231 fill:#f00
+10.80s overlay_common_infos.hh_1184 --> select_shader_shared.hh_773
+10.80s style select_shader_shared.hh_773 fill:#0f0
+10.80s overlay_common_infos.hh_1184 --> select_defines.hh_108
+10.80s style select_defines.hh_108 fill:#0f0
+10.80s overlay_edit_mode_infos.hh_43170 --> overlay_common_infos.hh_1184
+10.80s style overlay_common_infos.hh_1184 fill:#1e0
+10.80s overlay_image_frag.glsl_527 --> overlay_edit_mode_infos.hh_43170
+10.80s style overlay_edit_mode_infos.hh_43170 fill:#f00
+10.80s overlay_extra_infos.hh_32368 --> draw_object_infos_infos.hh_3974
+10.80s style draw_object_infos_infos.hh_3974 fill:#3c0
+10.80s overlay_extra_infos.hh_32368 --> draw_view_infos.hh_5696
+10.80s style draw_view_infos.hh_5696 fill:#5a0
+10.80s overlay_extra_infos.hh_32368 --> gpu_index_load_infos.hh_567
+10.80s style gpu_index_load_infos.hh_567 fill:#0f0
+10.80s overlay_extra_infos.hh_32368 --> overlay_shader_shared.hh_16231
+10.80s style overlay_shader_shared.hh_16231 fill:#f00
+10.80s overlay_extra_infos.hh_32368 --> overlay_common_infos.hh_1184
+10.80s style overlay_common_infos.hh_1184 fill:#1e0
+10.80s overlay_image_frag.glsl_527 --> overlay_extra_infos.hh_32368
+10.80s style overlay_extra_infos.hh_32368 fill:#f00
+10.80s overlay_image_frag.glsl_527 --> draw_colormanagement_lib.glsl_724
+10.80s style draw_colormanagement_lib.glsl_724 fill:#0f0
+10.80s overlay_image_frag.glsl_527 --> select_lib.glsl_1221
+10.80s style select_lib.glsl_1221 fill:#1e0
+10.80s 
+10.80s 00:10.187  gpu.shader.deps  | Resolved Source Tree (Mermaid flowchart) 
+10.80s flowchart LR
+10.80s gpu_shader_compat_glsl.glsl_4944 --> gpu_shader_glsl_extension.glsl_644
+10.80s style gpu_shader_glsl_extension.glsl_644 fill:#0f0
+10.80s 
+10.94s 00:10.332  gpu.shader       | Compiling Shader "overlay_edit_lattice_point"
+10.94s 00:10.332  gpu.shader.deps  | Resolved Source Tree (Mermaid flowchart) overlay_edit_lattice_point
+10.94s flowchart LR
+10.94s draw_shader_shared.hh_24775 --> GPU_shader_shared_utils.hh_933
+10.94s style GPU_shader_shared_utils.hh_933 fill:#0f0
+10.94s draw_object_infos_infos.hh_3974 --> draw_shader_shared.hh_24775
+10.94s style draw_shader_shared.hh_24775 fill:#f00
+10.94s gpencil_shader_shared.hh_4176 --> GPU_shader_shared_utils.hh_933
+10.94s style GPU_shader_shared_utils.hh_933 fill:#0f0
+10.94s draw_object_infos_infos.hh_3974 --> gpencil_shader_shared.hh_4176
+10.94s style gpencil_shader_shared.hh_4176 fill:#4b0
+10.95s draw_view_infos.hh_5696 --> draw_defines.hh_678
+10.95s style draw_defines.hh_678 fill:#0f0
+10.95s draw_command_shared.hh_1480 --> GPU_shader_shared_utils.hh_933
+10.95s style GPU_shader_shared_utils.hh_933 fill:#0f0
+10.95s draw_view_infos.hh_5696 --> draw_command_shared.hh_1480
+10.95s style draw_command_shared.hh_1480 fill:#1e0
+10.95s draw_view_infos.hh_5696 --> draw_shader_shared.hh_24775
+10.95s style draw_shader_shared.hh_24775 fill:#f00
+10.95s draw_object_infos_infos.hh_3974 --> draw_view_infos.hh_5696
+10.95s style draw_view_infos.hh_5696 fill:#5a0
+10.95s draw_object_infos_infos.hh_3974 --> draw_defines.hh_678
+10.95s style draw_defines.hh_678 fill:#0f0
+10.95s overlay_edit_mode_infos.hh_43170 --> draw_object_infos_infos.hh_3974
+10.95s style draw_object_infos_infos.hh_3974 fill:#3c0
+10.95s overlay_edit_mode_infos.hh_43170 --> draw_view_infos.hh_5696
+10.95s style draw_view_infos.hh_5696 fill:#5a0
+10.95s GPU_shader_shared.hh_13548 --> GPU_shader_shared_utils.hh_933
+10.95s style GPU_shader_shared_utils.hh_933 fill:#0f0
+10.95s gpu_index_load_infos.hh_567 --> GPU_shader_shared.hh_13548
+10.95s style GPU_shader_shared.hh_13548 fill:#d20
+10.95s overlay_edit_mode_infos.hh_43170 --> gpu_index_load_infos.hh_567
+10.95s style gpu_index_load_infos.hh_567 fill:#0f0
+10.95s overlay_shader_shared.hh_16231 --> GPU_shader_shared_utils.hh_933
+10.95s style GPU_shader_shared_utils.hh_933 fill:#0f0
+10.95s overlay_edit_mode_infos.hh_43170 --> overlay_shader_shared.hh_16231
+10.95s style overlay_shader_shared.hh_16231 fill:#f00
+10.95s overlay_common_infos.hh_1184 --> overlay_shader_shared.hh_16231
+10.95s style overlay_shader_shared.hh_16231 fill:#f00
+10.95s overlay_common_infos.hh_1184 --> select_shader_shared.hh_773
+10.95s style select_shader_shared.hh_773 fill:#0f0
+10.95s overlay_common_infos.hh_1184 --> select_defines.hh_108
+10.95s style select_defines.hh_108 fill:#0f0
+10.95s overlay_edit_mode_infos.hh_43170 --> overlay_common_infos.hh_1184
+10.95s style overlay_common_infos.hh_1184 fill:#1e0
+10.95s overlay_edit_lattice_point_vert.glsl_595 --> overlay_edit_mode_infos.hh_43170
+10.95s style overlay_edit_mode_infos.hh_43170 fill:#f00
+10.95s draw_model_lib.glsl_2881 --> draw_view_infos.hh_5696
+10.95s style draw_view_infos.hh_5696 fill:#5a0
+10.95s draw_view_lib.glsl_3779 --> draw_view_infos.hh_5696
+10.95s style draw_view_infos.hh_5696 fill:#5a0
+10.95s draw_model_lib.glsl_2881 --> draw_view_lib.glsl_3779
+10.95s style draw_view_lib.glsl_3779 fill:#3c0
+10.95s overlay_edit_lattice_point_vert.glsl_595 --> draw_model_lib.glsl_2881
+10.95s style draw_model_lib.glsl_2881 fill:#2d0
+10.95s overlay_edit_lattice_point_vert.glsl_595 --> draw_view_clipping_lib.glsl_1192
+10.95s style draw_view_clipping_lib.glsl_1192 fill:#1e0
+10.95s overlay_edit_lattice_point_vert.glsl_595 --> draw_view_lib.glsl_3779
+10.95s style draw_view_lib.glsl_3779 fill:#3c0
+10.95s 
+10.95s 00:10.332  gpu.shader.deps  | Resolved Source Tree (Mermaid flowchart) 
+10.95s flowchart LR
+10.95s gpu_shader_compat_glsl.glsl_4944 --> gpu_shader_glsl_extension.glsl_644
+10.95s style gpu_shader_glsl_extension.glsl_644 fill:#0f0
+10.95s 
+10.95s 00:10.333  gpu.shader.deps  | Resolved Source Tree (Mermaid flowchart) overlay_edit_lattice_point
+10.95s flowchart LR
+10.95s draw_shader_shared.hh_24775 --> GPU_shader_shared_utils.hh_933
+10.95s style GPU_shader_shared_utils.hh_933 fill:#0f0
+10.95s draw_object_infos_infos.hh_3974 --> draw_shader_shared.hh_24775
+10.95s style draw_shader_shared.hh_24775 fill:#f00
+10.95s gpencil_shader_shared.hh_4176 --> GPU_shader_shared_utils.hh_933
+10.95s style GPU_shader_shared_utils.hh_933 fill:#0f0
+10.95s draw_object_infos_infos.hh_3974 --> gpencil_shader_shared.hh_4176
+10.95s style gpencil_shader_shared.hh_4176 fill:#4b0
+10.95s draw_view_infos.hh_5696 --> draw_defines.hh_678
+10.95s style draw_defines.hh_678 fill:#0f0
+10.95s draw_command_shared.hh_1480 --> GPU_shader_shared_utils.hh_933
+10.95s style GPU_shader_shared_utils.hh_933 fill:#0f0
+10.95s draw_view_infos.hh_5696 --> draw_command_shared.hh_1480
+10.95s style draw_command_shared.hh_1480 fill:#1e0
+10.95s draw_view_infos.hh_5696 --> draw_shader_shared.hh_24775
+10.95s style draw_shader_shared.hh_24775 fill:#f00
+10.95s draw_object_infos_infos.hh_3974 --> draw_view_infos.hh_5696
+10.95s style draw_view_infos.hh_5696 fill:#5a0
+10.95s draw_object_infos_infos.hh_3974 --> draw_defines.hh_678
+10.95s style draw_defines.hh_678 fill:#0f0
+10.95s overlay_extra_infos.hh_32368 --> draw_object_infos_infos.hh_3974
+10.95s style draw_object_infos_infos.hh_3974 fill:#3c0
+10.95s overlay_extra_infos.hh_32368 --> draw_view_infos.hh_5696
+10.95s style draw_view_infos.hh_5696 fill:#5a0
+10.95s GPU_shader_shared.hh_13548 --> GPU_shader_shared_utils.hh_933
+10.95s style GPU_shader_shared_utils.hh_933 fill:#0f0
+10.95s gpu_index_load_infos.hh_567 --> GPU_shader_shared.hh_13548
+10.95s style GPU_shader_shared.hh_13548 fill:#d20
+10.95s overlay_extra_infos.hh_32368 --> gpu_index_load_infos.hh_567
+10.95s style gpu_index_load_infos.hh_567 fill:#0f0
+10.95s overlay_shader_shared.hh_16231 --> GPU_shader_shared_utils.hh_933
+10.95s style GPU_shader_shared_utils.hh_933 fill:#0f0
+10.95s overlay_extra_infos.hh_32368 --> overlay_shader_shared.hh_16231
+10.95s style overlay_shader_shared.hh_16231 fill:#f00
+10.95s overlay_common_infos.hh_1184 --> overlay_shader_shared.hh_16231
+10.95s style overlay_shader_shared.hh_16231 fill:#f00
+10.95s overlay_common_infos.hh_1184 --> select_shader_shared.hh_773
+10.95s style select_shader_shared.hh_773 fill:#0f0
+10.95s overlay_common_infos.hh_1184 --> select_defines.hh_108
+10.95s style select_defines.hh_108 fill:#0f0
+10.95s overlay_extra_infos.hh_32368 --> overlay_common_infos.hh_1184
+10.95s style overlay_common_infos.hh_1184 fill:#1e0
+10.95s overlay_point_varying_color_frag.glsl_729 --> overlay_extra_infos.hh_32368
+10.95s style overlay_extra_infos.hh_32368 fill:#f00
+10.95s overlay_point_varying_color_frag.glsl_729 --> select_lib.glsl_1221
+10.95s style select_lib.glsl_1221 fill:#1e0
+10.95s 
+10.95s 00:10.333  gpu.shader.deps  | Resolved Source Tree (Mermaid flowchart) 
+10.95s flowchart LR
+10.95s gpu_shader_compat_glsl.glsl_4944 --> gpu_shader_glsl_extension.glsl_644
+10.95s style gpu_shader_glsl_extension.glsl_644 fill:#0f0
+10.95s 
+11.09s 00:10.480  gpu.shader       | Compiling Shader "overlay_edit_lattice_wire"
+11.09s 00:10.480  gpu.shader.deps  | Resolved Source Tree (Mermaid flowchart) overlay_edit_lattice_wire
+11.09s flowchart LR
+11.09s draw_shader_shared.hh_24775 --> GPU_shader_shared_utils.hh_933
+11.09s style GPU_shader_shared_utils.hh_933 fill:#0f0
+11.09s draw_object_infos_infos.hh_3974 --> draw_shader_shared.hh_24775
+11.09s style draw_shader_shared.hh_24775 fill:#f00
+11.09s gpencil_shader_shared.hh_4176 --> GPU_shader_shared_utils.hh_933
+11.09s style GPU_shader_shared_utils.hh_933 fill:#0f0
+11.09s draw_object_infos_infos.hh_3974 --> gpencil_shader_shared.hh_4176
+11.09s style gpencil_shader_shared.hh_4176 fill:#4b0
+11.09s draw_view_infos.hh_5696 --> draw_defines.hh_678
+11.09s style draw_defines.hh_678 fill:#0f0
+11.09s draw_command_shared.hh_1480 --> GPU_shader_shared_utils.hh_933
+11.09s style GPU_shader_shared_utils.hh_933 fill:#0f0
+11.09s draw_view_infos.hh_5696 --> draw_command_shared.hh_1480
+11.09s style draw_command_shared.hh_1480 fill:#1e0
+11.09s draw_view_infos.hh_5696 --> draw_shader_shared.hh_24775
+11.09s style draw_shader_shared.hh_24775 fill:#f00
+11.09s draw_object_infos_infos.hh_3974 --> draw_view_infos.hh_5696
+11.09s style draw_view_infos.hh_5696 fill:#5a0
+11.09s draw_object_infos_infos.hh_3974 --> draw_defines.hh_678
+11.09s style draw_defines.hh_678 fill:#0f0
+11.09s overlay_edit_mode_infos.hh_43170 --> draw_object_infos_infos.hh_3974
+11.09s style draw_object_infos_infos.hh_3974 fill:#3c0
+11.09s overlay_edit_mode_infos.hh_43170 --> draw_view_infos.hh_5696
+11.09s style draw_view_infos.hh_5696 fill:#5a0
+11.09s GPU_shader_shared.hh_13548 --> GPU_shader_shared_utils.hh_933
+11.09s style GPU_shader_shared_utils.hh_933 fill:#0f0
+11.09s gpu_index_load_infos.hh_567 --> GPU_shader_shared.hh_13548
+11.09s style GPU_shader_shared.hh_13548 fill:#d20
+11.09s overlay_edit_mode_infos.hh_43170 --> gpu_index_load_infos.hh_567
+11.09s style gpu_index_load_infos.hh_567 fill:#0f0
+11.09s overlay_shader_shared.hh_16231 --> GPU_shader_shared_utils.hh_933
+11.09s style GPU_shader_shared_utils.hh_933 fill:#0f0
+11.09s overlay_edit_mode_infos.hh_43170 --> overlay_shader_shared.hh_16231
+11.09s style overlay_shader_shared.hh_16231 fill:#f00
+11.09s overlay_common_infos.hh_1184 --> overlay_shader_shared.hh_16231
+11.09s style overlay_shader_shared.hh_16231 fill:#f00
+11.09s overlay_common_infos.hh_1184 --> select_shader_shared.hh_773
+11.09s style select_shader_shared.hh_773 fill:#0f0
+11.09s overlay_common_infos.hh_1184 --> select_defines.hh_108
+11.09s style select_defines.hh_108 fill:#0f0
+11.09s overlay_edit_mode_infos.hh_43170 --> overlay_common_infos.hh_1184
+11.09s style overlay_common_infos.hh_1184 fill:#1e0
+11.09s overlay_edit_lattice_wire_vert.glsl_599 --> overlay_edit_mode_infos.hh_43170
+11.09s style overlay_edit_mode_infos.hh_43170 fill:#f00
+11.09s draw_model_lib.glsl_2881 --> draw_view_infos.hh_5696
+11.09s style draw_view_infos.hh_5696 fill:#5a0
+11.09s draw_view_lib.glsl_3779 --> draw_view_infos.hh_5696
+11.09s style draw_view_infos.hh_5696 fill:#5a0
+11.09s draw_model_lib.glsl_2881 --> draw_view_lib.glsl_3779
+11.09s style draw_view_lib.glsl_3779 fill:#3c0
+11.09s overlay_edit_lattice_wire_vert.glsl_599 --> draw_model_lib.glsl_2881
+11.09s style draw_model_lib.glsl_2881 fill:#2d0
+11.09s overlay_edit_lattice_wire_vert.glsl_599 --> draw_view_clipping_lib.glsl_1192
+11.09s style draw_view_clipping_lib.glsl_1192 fill:#1e0
+11.09s overlay_edit_lattice_wire_vert.glsl_599 --> draw_view_lib.glsl_3779
+11.09s style draw_view_lib.glsl_3779 fill:#3c0
+11.09s 
+11.09s 00:10.480  gpu.shader.deps  | Resolved Source Tree (Mermaid flowchart) 
+11.09s flowchart LR
+11.09s gpu_shader_compat_glsl.glsl_4944 --> gpu_shader_glsl_extension.glsl_644
+11.09s style gpu_shader_glsl_extension.glsl_644 fill:#0f0
+11.09s 
+11.09s 00:10.481  gpu.shader.deps  | Resolved Source Tree (Mermaid flowchart) overlay_edit_lattice_wire
+11.09s flowchart LR
+11.09s draw_shader_shared.hh_24775 --> GPU_shader_shared_utils.hh_933
+11.09s style GPU_shader_shared_utils.hh_933 fill:#0f0
+11.09s draw_object_infos_infos.hh_3974 --> draw_shader_shared.hh_24775
+11.09s style draw_shader_shared.hh_24775 fill:#f00
+11.09s gpencil_shader_shared.hh_4176 --> GPU_shader_shared_utils.hh_933
+11.09s style GPU_shader_shared_utils.hh_933 fill:#0f0
+11.09s draw_object_infos_infos.hh_3974 --> gpencil_shader_shared.hh_4176
+11.09s style gpencil_shader_shared.hh_4176 fill:#4b0
+11.09s draw_view_infos.hh_5696 --> draw_defines.hh_678
+11.09s style draw_defines.hh_678 fill:#0f0
+11.09s draw_command_shared.hh_1480 --> GPU_shader_shared_utils.hh_933
+11.09s style GPU_shader_shared_utils.hh_933 fill:#0f0
+11.09s draw_view_infos.hh_5696 --> draw_command_shared.hh_1480
+11.09s style draw_command_shared.hh_1480 fill:#1e0
+11.09s draw_view_infos.hh_5696 --> draw_shader_shared.hh_24775
+11.09s style draw_shader_shared.hh_24775 fill:#f00
+11.09s draw_object_infos_infos.hh_3974 --> draw_view_infos.hh_5696
+11.09s style draw_view_infos.hh_5696 fill:#5a0
+11.09s draw_object_infos_infos.hh_3974 --> draw_defines.hh_678
+11.09s style draw_defines.hh_678 fill:#0f0
+11.09s overlay_volume_infos.hh_7542 --> draw_object_infos_infos.hh_3974
+11.09s style draw_object_infos_infos.hh_3974 fill:#3c0
+11.09s overlay_volume_infos.hh_7542 --> draw_view_infos.hh_5696
+11.09s style draw_view_infos.hh_5696 fill:#5a0
+11.09s overlay_shader_shared.hh_16231 --> GPU_shader_shared_utils.hh_933
+11.09s style GPU_shader_shared_utils.hh_933 fill:#0f0
+11.09s overlay_common_infos.hh_1184 --> overlay_shader_shared.hh_16231
+11.09s style overlay_shader_shared.hh_16231 fill:#f00
+11.09s overlay_common_infos.hh_1184 --> select_shader_shared.hh_773
+11.09s style select_shader_shared.hh_773 fill:#0f0
+11.09s overlay_common_infos.hh_1184 --> select_defines.hh_108
+11.09s style select_defines.hh_108 fill:#0f0
+11.09s overlay_volume_infos.hh_7542 --> overlay_common_infos.hh_1184
+11.09s style overlay_common_infos.hh_1184 fill:#1e0
+11.09s overlay_varying_color.glsl_355 --> overlay_volume_infos.hh_7542
+11.09s style overlay_volume_infos.hh_7542 fill:#780
+11.09s draw_view_lib.glsl_3779 --> draw_view_infos.hh_5696
+11.09s style draw_view_infos.hh_5696 fill:#5a0
+11.09s overlay_common_lib.glsl_1652 --> draw_view_lib.glsl_3779
+11.09s style draw_view_lib.glsl_3779 fill:#3c0
+11.09s overlay_varying_color.glsl_355 --> overlay_common_lib.glsl_1652
+11.09s style overlay_common_lib.glsl_1652 fill:#1e0
+11.09s overlay_varying_color.glsl_355 --> select_lib.glsl_1221
+11.09s style select_lib.glsl_1221 fill:#1e0
+11.09s 
+11.09s 00:10.482  gpu.shader.deps  | Resolved Source Tree (Mermaid flowchart) 
+11.09s flowchart LR
+11.09s gpu_shader_compat_glsl.glsl_4944 --> gpu_shader_glsl_extension.glsl_644
+11.09s style gpu_shader_glsl_extension.glsl_644 fill:#0f0
+11.09s 
+11.23s 00:10.623  gpu.shader       | Compiling Shader "overlay_edit_curve_handle"
+11.23s 00:10.623  gpu.shader.deps  | Resolved Source Tree (Mermaid flowchart) overlay_edit_curve_handle
+11.23s flowchart LR
+11.23s draw_shader_shared.hh_24775 --> GPU_shader_shared_utils.hh_933
+11.23s style GPU_shader_shared_utils.hh_933 fill:#0f0
+11.23s draw_object_infos_infos.hh_3974 --> draw_shader_shared.hh_24775
+11.23s style draw_shader_shared.hh_24775 fill:#f00
+11.23s gpencil_shader_shared.hh_4176 --> GPU_shader_shared_utils.hh_933
+11.23s style GPU_shader_shared_utils.hh_933 fill:#0f0
+11.23s draw_object_infos_infos.hh_3974 --> gpencil_shader_shared.hh_4176
+11.23s style gpencil_shader_shared.hh_4176 fill:#4b0
+11.23s draw_view_infos.hh_5696 --> draw_defines.hh_678
+11.23s style draw_defines.hh_678 fill:#0f0
+11.24s draw_command_shared.hh_1480 --> GPU_shader_shared_utils.hh_933
+11.24s style GPU_shader_shared_utils.hh_933 fill:#0f0
+11.24s draw_view_infos.hh_5696 --> draw_command_shared.hh_1480
+11.24s style draw_command_shared.hh_1480 fill:#1e0
+11.24s draw_view_infos.hh_5696 --> draw_shader_shared.hh_24775
+11.24s style draw_shader_shared.hh_24775 fill:#f00
+11.24s draw_object_infos_infos.hh_3974 --> draw_view_infos.hh_5696
+11.24s style draw_view_infos.hh_5696 fill:#5a0
+11.24s draw_object_infos_infos.hh_3974 --> draw_defines.hh_678
+11.24s style draw_defines.hh_678 fill:#0f0
+11.24s overlay_edit_mode_infos.hh_43170 --> draw_object_infos_infos.hh_3974
+11.24s style draw_object_infos_infos.hh_3974 fill:#3c0
+11.24s overlay_edit_mode_infos.hh_43170 --> draw_view_infos.hh_5696
+11.24s style draw_view_infos.hh_5696 fill:#5a0
+11.24s GPU_shader_shared.hh_13548 --> GPU_shader_shared_utils.hh_933
+11.24s style GPU_shader_shared_utils.hh_933 fill:#0f0
+11.24s gpu_index_load_infos.hh_567 --> GPU_shader_shared.hh_13548
+11.24s style GPU_shader_shared.hh_13548 fill:#d20
+11.24s overlay_edit_mode_infos.hh_43170 --> gpu_index_load_infos.hh_567
+11.24s style gpu_index_load_infos.hh_567 fill:#0f0
+11.24s overlay_shader_shared.hh_16231 --> GPU_shader_shared_utils.hh_933
+11.24s style GPU_shader_shared_utils.hh_933 fill:#0f0
+11.24s overlay_edit_mode_infos.hh_43170 --> overlay_shader_shared.hh_16231
+11.24s style overlay_shader_shared.hh_16231 fill:#f00
+11.24s overlay_common_infos.hh_1184 --> overlay_shader_shared.hh_16231
+11.24s style overlay_shader_shared.hh_16231 fill:#f00
+11.24s overlay_common_infos.hh_1184 --> select_shader_shared.hh_773
+11.24s style select_shader_shared.hh_773 fill:#0f0
+11.24s overlay_common_infos.hh_1184 --> select_defines.hh_108
+11.24s style select_defines.hh_108 fill:#0f0
+11.24s overlay_edit_mode_infos.hh_43170 --> overlay_common_infos.hh_1184
+11.24s style overlay_common_infos.hh_1184 fill:#1e0
+11.24s overlay_edit_curve_handle_vert.glsl_7297 --> overlay_edit_mode_infos.hh_43170
+11.24s style overlay_edit_mode_infos.hh_43170 fill:#f00
+11.24s draw_model_lib.glsl_2881 --> draw_view_infos.hh_5696
+11.24s style draw_view_infos.hh_5696 fill:#5a0
+11.24s draw_view_lib.glsl_3779 --> draw_view_infos.hh_5696
+11.24s style draw_view_infos.hh_5696 fill:#5a0
+11.24s draw_model_lib.glsl_2881 --> draw_view_lib.glsl_3779
+11.24s style draw_view_lib.glsl_3779 fill:#3c0
+11.24s overlay_edit_curve_handle_vert.glsl_7297 --> draw_model_lib.glsl_2881
+11.24s style draw_model_lib.glsl_2881 fill:#2d0
+11.24s overlay_edit_curve_handle_vert.glsl_7297 --> draw_view_clipping_lib.glsl_1192
+11.24s style draw_view_clipping_lib.glsl_1192 fill:#1e0
+11.24s overlay_edit_curve_handle_vert.glsl_7297 --> draw_view_lib.glsl_3779
+11.24s style draw_view_lib.glsl_3779 fill:#3c0
+11.24s overlay_edit_curve_handle_vert.glsl_7297 --> gpu_shader_attribute_load_lib.glsl_3268
+11.24s style gpu_shader_attribute_load_lib.glsl_3268 fill:#3c0
+11.24s gpu_shader_index_load_lib.glsl_627 --> gpu_index_load_infos.hh_567
+11.24s style gpu_index_load_infos.hh_567 fill:#0f0
+11.24s overlay_edit_curve_handle_vert.glsl_7297 --> gpu_shader_index_load_lib.glsl_627
+11.24s style gpu_shader_index_load_lib.glsl_627 fill:#0f0
+11.24s overlay_edit_curve_handle_vert.glsl_7297 --> gpu_shader_utildefines_lib.glsl_3296
+11.24s style gpu_shader_utildefines_lib.glsl_3296 fill:#3c0
+11.24s 
+11.24s 00:10.623  gpu.shader.deps  | Resolved Source Tree (Mermaid flowchart) 
+11.24s flowchart LR
+11.24s gpu_shader_compat_glsl.glsl_4944 --> gpu_shader_glsl_extension.glsl_644
+11.24s style gpu_shader_glsl_extension.glsl_644 fill:#0f0
+11.24s 
+11.24s 00:10.625  gpu.shader.deps  | Resolved Source Tree (Mermaid flowchart) overlay_edit_curve_handle
+11.24s flowchart LR
+11.24s draw_shader_shared.hh_24775 --> GPU_shader_shared_utils.hh_933
+11.24s style GPU_shader_shared_utils.hh_933 fill:#0f0
+11.24s draw_object_infos_infos.hh_3974 --> draw_shader_shared.hh_24775
+11.24s style draw_shader_shared.hh_24775 fill:#f00
+11.24s gpencil_shader_shared.hh_4176 --> GPU_shader_shared_utils.hh_933
+11.24s style GPU_shader_shared_utils.hh_933 fill:#0f0
+11.24s draw_object_infos_infos.hh_3974 --> gpencil_shader_shared.hh_4176
+11.24s style gpencil_shader_shared.hh_4176 fill:#4b0
+11.24s draw_view_infos.hh_5696 --> draw_defines.hh_678
+11.24s style draw_defines.hh_678 fill:#0f0
+11.24s draw_command_shared.hh_1480 --> GPU_shader_shared_utils.hh_933
+11.24s style GPU_shader_shared_utils.hh_933 fill:#0f0
+11.24s draw_view_infos.hh_5696 --> draw_command_shared.hh_1480
+11.24s style draw_command_shared.hh_1480 fill:#1e0
+11.24s draw_view_infos.hh_5696 --> draw_shader_shared.hh_24775
+11.24s style draw_shader_shared.hh_24775 fill:#f00
+11.24s draw_object_infos_infos.hh_3974 --> draw_view_infos.hh_5696
+11.24s style draw_view_infos.hh_5696 fill:#5a0
+11.24s draw_object_infos_infos.hh_3974 --> draw_defines.hh_678
+11.24s style draw_defines.hh_678 fill:#0f0
+11.24s overlay_volume_infos.hh_7542 --> draw_object_infos_infos.hh_3974
+11.24s style draw_object_infos_infos.hh_3974 fill:#3c0
+11.24s overlay_volume_infos.hh_7542 --> draw_view_infos.hh_5696
+11.24s style draw_view_infos.hh_5696 fill:#5a0
+11.24s overlay_shader_shared.hh_16231 --> GPU_shader_shared_utils.hh_933
+11.24s style GPU_shader_shared_utils.hh_933 fill:#0f0
+11.24s overlay_common_infos.hh_1184 --> overlay_shader_shared.hh_16231
+11.24s style overlay_shader_shared.hh_16231 fill:#f00
+11.24s overlay_common_infos.hh_1184 --> select_shader_shared.hh_773
+11.24s style select_shader_shared.hh_773 fill:#0f0
+11.24s overlay_common_infos.hh_1184 --> select_defines.hh_108
+11.24s style select_defines.hh_108 fill:#0f0
+11.24s overlay_volume_infos.hh_7542 --> overlay_common_infos.hh_1184
+11.24s style overlay_common_infos.hh_1184 fill:#1e0
+11.24s overlay_varying_color.glsl_355 --> overlay_volume_infos.hh_7542
+11.24s style overlay_volume_infos.hh_7542 fill:#780
+11.24s draw_view_lib.glsl_3779 --> draw_view_infos.hh_5696
+11.24s style draw_view_infos.hh_5696 fill:#5a0
+11.24s overlay_common_lib.glsl_1652 --> draw_view_lib.glsl_3779
+11.24s style draw_view_lib.glsl_3779 fill:#3c0
+11.24s overlay_varying_color.glsl_355 --> overlay_common_lib.glsl_1652
+11.24s style overlay_common_lib.glsl_1652 fill:#1e0
+11.24s overlay_varying_color.glsl_355 --> select_lib.glsl_1221
+11.24s style select_lib.glsl_1221 fill:#1e0
+11.24s 
+11.24s 00:10.625  gpu.shader.deps  | Resolved Source Tree (Mermaid flowchart) 
+11.24s flowchart LR
+11.24s gpu_shader_compat_glsl.glsl_4944 --> gpu_shader_glsl_extension.glsl_644
+11.24s style gpu_shader_glsl_extension.glsl_644 fill:#0f0
+11.24s 
+11.38s 00:10.774  gpu.shader       | Compiling Shader "overlay_edit_curve_point"
+11.38s 00:10.774  gpu.shader.deps  | Resolved Source Tree (Mermaid flowchart) overlay_edit_curve_point
+11.38s flowchart LR
+11.38s draw_shader_shared.hh_24775 --> GPU_shader_shared_utils.hh_933
+11.38s style GPU_shader_shared_utils.hh_933 fill:#0f0
+11.38s draw_object_infos_infos.hh_3974 --> draw_shader_shared.hh_24775
+11.39s style draw_shader_shared.hh_24775 fill:#f00
+11.39s gpencil_shader_shared.hh_4176 --> GPU_shader_shared_utils.hh_933
+11.39s style GPU_shader_shared_utils.hh_933 fill:#0f0
+11.39s draw_object_infos_infos.hh_3974 --> gpencil_shader_shared.hh_4176
+11.39s style gpencil_shader_shared.hh_4176 fill:#4b0
+11.39s draw_view_infos.hh_5696 --> draw_defines.hh_678
+11.39s style draw_defines.hh_678 fill:#0f0
+11.39s draw_command_shared.hh_1480 --> GPU_shader_shared_utils.hh_933
+11.39s style GPU_shader_shared_utils.hh_933 fill:#0f0
+11.39s draw_view_infos.hh_5696 --> draw_command_shared.hh_1480
+11.39s style draw_command_shared.hh_1480 fill:#1e0
+11.39s draw_view_infos.hh_5696 --> draw_shader_shared.hh_24775
+11.39s style draw_shader_shared.hh_24775 fill:#f00
+11.39s draw_object_infos_infos.hh_3974 --> draw_view_infos.hh_5696
+11.39s style draw_view_infos.hh_5696 fill:#5a0
+11.39s draw_object_infos_infos.hh_3974 --> draw_defines.hh_678
+11.39s style draw_defines.hh_678 fill:#0f0
+11.39s overlay_edit_mode_infos.hh_43170 --> draw_object_infos_infos.hh_3974
+11.39s style draw_object_infos_infos.hh_3974 fill:#3c0
+11.39s overlay_edit_mode_infos.hh_43170 --> draw_view_infos.hh_5696
+11.39s style draw_view_infos.hh_5696 fill:#5a0
+11.39s GPU_shader_shared.hh_13548 --> GPU_shader_shared_utils.hh_933
+11.39s style GPU_shader_shared_utils.hh_933 fill:#0f0
+11.39s gpu_index_load_infos.hh_567 --> GPU_shader_shared.hh_13548
+11.39s style GPU_shader_shared.hh_13548 fill:#d20
+11.39s overlay_edit_mode_infos.hh_43170 --> gpu_index_load_infos.hh_567
+11.39s style gpu_index_load_infos.hh_567 fill:#0f0
+11.39s overlay_shader_shared.hh_16231 --> GPU_shader_shared_utils.hh_933
+11.39s style GPU_shader_shared_utils.hh_933 fill:#0f0
+11.39s overlay_edit_mode_infos.hh_43170 --> overlay_shader_shared.hh_16231
+11.39s style overlay_shader_shared.hh_16231 fill:#f00
+11.39s overlay_common_infos.hh_1184 --> overlay_shader_shared.hh_16231
+11.39s style overlay_shader_shared.hh_16231 fill:#f00
+11.39s overlay_common_infos.hh_1184 --> select_shader_shared.hh_773
+11.39s style select_shader_shared.hh_773 fill:#0f0
+11.39s overlay_common_infos.hh_1184 --> select_defines.hh_108
+11.39s style select_defines.hh_108 fill:#0f0
+11.39s overlay_edit_mode_infos.hh_43170 --> overlay_common_infos.hh_1184
+11.39s style overlay_common_infos.hh_1184 fill:#1e0
+11.39s overlay_edit_curve_point_vert.glsl_1081 --> overlay_edit_mode_infos.hh_43170
+11.39s style overlay_edit_mode_infos.hh_43170 fill:#f00
+11.39s draw_model_lib.glsl_2881 --> draw_view_infos.hh_5696
+11.39s style draw_view_infos.hh_5696 fill:#5a0
+11.39s draw_view_lib.glsl_3779 --> draw_view_infos.hh_5696
+11.39s style draw_view_infos.hh_5696 fill:#5a0
+11.39s draw_model_lib.glsl_2881 --> draw_view_lib.glsl_3779
+11.39s style draw_view_lib.glsl_3779 fill:#3c0
+11.39s overlay_edit_curve_point_vert.glsl_1081 --> draw_model_lib.glsl_2881
+11.39s style draw_model_lib.glsl_2881 fill:#2d0
+11.39s overlay_edit_curve_point_vert.glsl_1081 --> draw_view_clipping_lib.glsl_1192
+11.39s style draw_view_clipping_lib.glsl_1192 fill:#1e0
+11.39s overlay_edit_curve_point_vert.glsl_1081 --> draw_view_lib.glsl_3779
+11.39s style draw_view_lib.glsl_3779 fill:#3c0
+11.39s 
+11.39s 00:10.774  gpu.shader.deps  | Resolved Source Tree (Mermaid flowchart) 
+11.39s flowchart LR
+11.39s gpu_shader_compat_glsl.glsl_4944 --> gpu_shader_glsl_extension.glsl_644
+11.39s style gpu_shader_glsl_extension.glsl_644 fill:#0f0
+11.39s 
+11.39s 00:10.776  gpu.shader.deps  | Resolved Source Tree (Mermaid flowchart) overlay_edit_curve_point
+11.39s flowchart LR
+11.39s draw_shader_shared.hh_24775 --> GPU_shader_shared_utils.hh_933
+11.39s style GPU_shader_shared_utils.hh_933 fill:#0f0
+11.39s draw_object_infos_infos.hh_3974 --> draw_shader_shared.hh_24775
+11.39s style draw_shader_shared.hh_24775 fill:#f00
+11.39s gpencil_shader_shared.hh_4176 --> GPU_shader_shared_utils.hh_933
+11.39s style GPU_shader_shared_utils.hh_933 fill:#0f0
+11.39s draw_object_infos_infos.hh_3974 --> gpencil_shader_shared.hh_4176
+11.39s style gpencil_shader_shared.hh_4176 fill:#4b0
+11.39s draw_view_infos.hh_5696 --> draw_defines.hh_678
+11.39s style draw_defines.hh_678 fill:#0f0
+11.39s draw_command_shared.hh_1480 --> GPU_shader_shared_utils.hh_933
+11.39s style GPU_shader_shared_utils.hh_933 fill:#0f0
+11.39s draw_view_infos.hh_5696 --> draw_command_shared.hh_1480
+11.39s style draw_command_shared.hh_1480 fill:#1e0
+11.39s draw_view_infos.hh_5696 --> draw_shader_shared.hh_24775
+11.39s style draw_shader_shared.hh_24775 fill:#f00
+11.39s draw_object_infos_infos.hh_3974 --> draw_view_infos.hh_5696
+11.39s style draw_view_infos.hh_5696 fill:#5a0
+11.39s draw_object_infos_infos.hh_3974 --> draw_defines.hh_678
+11.39s style draw_defines.hh_678 fill:#0f0
+11.39s overlay_extra_infos.hh_32368 --> draw_object_infos_infos.hh_3974
+11.39s style draw_object_infos_infos.hh_3974 fill:#3c0
+11.39s overlay_extra_infos.hh_32368 --> draw_view_infos.hh_5696
+11.39s style draw_view_infos.hh_5696 fill:#5a0
+11.39s GPU_shader_shared.hh_13548 --> GPU_shader_shared_utils.hh_933
+11.39s style GPU_shader_shared_utils.hh_933 fill:#0f0
+11.39s gpu_index_load_infos.hh_567 --> GPU_shader_shared.hh_13548
+11.39s style GPU_shader_shared.hh_13548 fill:#d20
+11.39s overlay_extra_infos.hh_32368 --> gpu_index_load_infos.hh_567
+11.39s style gpu_index_load_infos.hh_567 fill:#0f0
+11.39s overlay_shader_shared.hh_16231 --> GPU_shader_shared_utils.hh_933
+11.39s style GPU_shader_shared_utils.hh_933 fill:#0f0
+11.39s overlay_extra_infos.hh_32368 --> overlay_shader_shared.hh_16231
+11.39s style overlay_shader_shared.hh_16231 fill:#f00
+11.39s overlay_common_infos.hh_1184 --> overlay_shader_shared.hh_16231
+11.39s style overlay_shader_shared.hh_16231 fill:#f00
+11.39s overlay_common_infos.hh_1184 --> select_shader_shared.hh_773
+11.39s style select_shader_shared.hh_773 fill:#0f0
+11.39s overlay_common_infos.hh_1184 --> select_defines.hh_108
+11.39s style select_defines.hh_108 fill:#0f0
+11.39s overlay_extra_infos.hh_32368 --> overlay_common_infos.hh_1184
+11.39s style overlay_common_infos.hh_1184 fill:#1e0
+11.39s overlay_point_varying_color_frag.glsl_729 --> overlay_extra_infos.hh_32368
+11.39s style overlay_extra_infos.hh_32368 fill:#f00
+11.39s overlay_point_varying_color_frag.glsl_729 --> select_lib.glsl_1221
+11.39s style select_lib.glsl_1221 fill:#1e0
+11.39s 
+11.39s 00:10.776  gpu.shader.deps  | Resolved Source Tree (Mermaid flowchart) 
+11.39s flowchart LR
+11.39s gpu_shader_compat_glsl.glsl_4944 --> gpu_shader_glsl_extension.glsl_644
+11.39s style gpu_shader_glsl_extension.glsl_644 fill:#0f0
+11.39s 
+11.53s 00:10.922  gpu.shader       | Compiling Shader "overlay_edit_curve_wire"
+11.53s 00:10.922  gpu.shader.deps  | Resolved Source Tree (Mermaid flowchart) overlay_edit_curve_wire
+11.53s flowchart LR
+11.53s draw_shader_shared.hh_24775 --> GPU_shader_shared_utils.hh_933
+11.53s style GPU_shader_shared_utils.hh_933 fill:#0f0
+11.53s draw_object_infos_infos.hh_3974 --> draw_shader_shared.hh_24775
+11.53s style draw_shader_shared.hh_24775 fill:#f00
+11.53s gpencil_shader_shared.hh_4176 --> GPU_shader_shared_utils.hh_933
+11.53s style GPU_shader_shared_utils.hh_933 fill:#0f0
+11.53s draw_object_infos_infos.hh_3974 --> gpencil_shader_shared.hh_4176
+11.53s style gpencil_shader_shared.hh_4176 fill:#4b0
+11.53s draw_view_infos.hh_5696 --> draw_defines.hh_678
+11.53s style draw_defines.hh_678 fill:#0f0
+11.53s draw_command_shared.hh_1480 --> GPU_shader_shared_utils.hh_933
+11.53s style GPU_shader_shared_utils.hh_933 fill:#0f0
+11.53s draw_view_infos.hh_5696 --> draw_command_shared.hh_1480
+11.53s style draw_command_shared.hh_1480 fill:#1e0
+11.53s draw_view_infos.hh_5696 --> draw_shader_shared.hh_24775
+11.53s style draw_shader_shared.hh_24775 fill:#f00
+11.53s draw_object_infos_infos.hh_3974 --> draw_view_infos.hh_5696
+11.53s style draw_view_infos.hh_5696 fill:#5a0
+11.53s draw_object_infos_infos.hh_3974 --> draw_defines.hh_678
+11.53s style draw_defines.hh_678 fill:#0f0
+11.53s overlay_edit_mode_infos.hh_43170 --> draw_object_infos_infos.hh_3974
+11.53s style draw_object_infos_infos.hh_3974 fill:#3c0
+11.53s overlay_edit_mode_infos.hh_43170 --> draw_view_infos.hh_5696
+11.53s style draw_view_infos.hh_5696 fill:#5a0
+11.53s GPU_shader_shared.hh_13548 --> GPU_shader_shared_utils.hh_933
+11.54s style GPU_shader_shared_utils.hh_933 fill:#0f0
+11.54s gpu_index_load_infos.hh_567 --> GPU_shader_shared.hh_13548
+11.54s style GPU_shader_shared.hh_13548 fill:#d20
+11.54s overlay_edit_mode_infos.hh_43170 --> gpu_index_load_infos.hh_567
+11.54s style gpu_index_load_infos.hh_567 fill:#0f0
+11.54s overlay_shader_shared.hh_16231 --> GPU_shader_shared_utils.hh_933
+11.54s style GPU_shader_shared_utils.hh_933 fill:#0f0
+11.54s overlay_edit_mode_infos.hh_43170 --> overlay_shader_shared.hh_16231
+11.54s style overlay_shader_shared.hh_16231 fill:#f00
+11.54s overlay_common_infos.hh_1184 --> overlay_shader_shared.hh_16231
+11.54s style overlay_shader_shared.hh_16231 fill:#f00
+11.54s overlay_common_infos.hh_1184 --> select_shader_shared.hh_773
+11.54s style select_shader_shared.hh_773 fill:#0f0
+11.54s overlay_common_infos.hh_1184 --> select_defines.hh_108
+11.54s style select_defines.hh_108 fill:#0f0
+11.54s overlay_edit_mode_infos.hh_43170 --> overlay_common_infos.hh_1184
+11.54s style overlay_common_infos.hh_1184 fill:#1e0
+11.54s overlay_edit_curve_wire_vert.glsl_634 --> overlay_edit_mode_infos.hh_43170
+11.54s style overlay_edit_mode_infos.hh_43170 fill:#f00
+11.54s draw_model_lib.glsl_2881 --> draw_view_infos.hh_5696
+11.54s style draw_view_infos.hh_5696 fill:#5a0
+11.54s draw_view_lib.glsl_3779 --> draw_view_infos.hh_5696
+11.54s style draw_view_infos.hh_5696 fill:#5a0
+11.54s draw_model_lib.glsl_2881 --> draw_view_lib.glsl_3779
+11.54s style draw_view_lib.glsl_3779 fill:#3c0
+11.54s overlay_edit_curve_wire_vert.glsl_634 --> draw_model_lib.glsl_2881
+11.54s style draw_model_lib.glsl_2881 fill:#2d0
+11.54s overlay_edit_curve_wire_vert.glsl_634 --> draw_view_clipping_lib.glsl_1192
+11.54s style draw_view_clipping_lib.glsl_1192 fill:#1e0
+11.54s overlay_edit_curve_wire_vert.glsl_634 --> draw_view_lib.glsl_3779
+11.54s style draw_view_lib.glsl_3779 fill:#3c0
+11.54s 
+11.54s 00:10.922  gpu.shader.deps  | Resolved Source Tree (Mermaid flowchart) 
+11.54s flowchart LR
+11.54s gpu_shader_compat_glsl.glsl_4944 --> gpu_shader_glsl_extension.glsl_644
+11.54s style gpu_shader_glsl_extension.glsl_644 fill:#0f0
+11.54s 
+11.54s 00:10.924  gpu.shader.deps  | Resolved Source Tree (Mermaid flowchart) overlay_edit_curve_wire
+11.54s flowchart LR
+11.54s draw_shader_shared.hh_24775 --> GPU_shader_shared_utils.hh_933
+11.54s style GPU_shader_shared_utils.hh_933 fill:#0f0
+11.54s draw_object_infos_infos.hh_3974 --> draw_shader_shared.hh_24775
+11.54s style draw_shader_shared.hh_24775 fill:#f00
+11.54s gpencil_shader_shared.hh_4176 --> GPU_shader_shared_utils.hh_933
+11.54s style GPU_shader_shared_utils.hh_933 fill:#0f0
+11.54s draw_object_infos_infos.hh_3974 --> gpencil_shader_shared.hh_4176
+11.54s style gpencil_shader_shared.hh_4176 fill:#4b0
+11.54s draw_view_infos.hh_5696 --> draw_defines.hh_678
+11.54s style draw_defines.hh_678 fill:#0f0
+11.54s draw_command_shared.hh_1480 --> GPU_shader_shared_utils.hh_933
+11.54s style GPU_shader_shared_utils.hh_933 fill:#0f0
+11.54s draw_view_infos.hh_5696 --> draw_command_shared.hh_1480
+11.54s style draw_command_shared.hh_1480 fill:#1e0
+11.54s draw_view_infos.hh_5696 --> draw_shader_shared.hh_24775
+11.54s style draw_shader_shared.hh_24775 fill:#f00
+11.54s draw_object_infos_infos.hh_3974 --> draw_view_infos.hh_5696
+11.54s style draw_view_infos.hh_5696 fill:#5a0
+11.54s draw_object_infos_infos.hh_3974 --> draw_defines.hh_678
+11.54s style draw_defines.hh_678 fill:#0f0
+11.54s overlay_volume_infos.hh_7542 --> draw_object_infos_infos.hh_3974
+11.54s style draw_object_infos_infos.hh_3974 fill:#3c0
+11.54s overlay_volume_infos.hh_7542 --> draw_view_infos.hh_5696
+11.54s style draw_view_infos.hh_5696 fill:#5a0
+11.54s overlay_shader_shared.hh_16231 --> GPU_shader_shared_utils.hh_933
+11.54s style GPU_shader_shared_utils.hh_933 fill:#0f0
+11.54s overlay_common_infos.hh_1184 --> overlay_shader_shared.hh_16231
+11.54s style overlay_shader_shared.hh_16231 fill:#f00
+11.54s overlay_common_infos.hh_1184 --> select_shader_shared.hh_773
+11.54s style select_shader_shared.hh_773 fill:#0f0
+11.54s overlay_common_infos.hh_1184 --> select_defines.hh_108
+11.54s style select_defines.hh_108 fill:#0f0
+11.54s overlay_volume_infos.hh_7542 --> overlay_common_infos.hh_1184
+11.54s style overlay_common_infos.hh_1184 fill:#1e0
+11.54s overlay_varying_color.glsl_355 --> overlay_volume_infos.hh_7542
+11.54s style overlay_volume_infos.hh_7542 fill:#780
+11.54s draw_view_lib.glsl_3779 --> draw_view_infos.hh_5696
+11.54s style draw_view_infos.hh_5696 fill:#5a0
+11.54s overlay_common_lib.glsl_1652 --> draw_view_lib.glsl_3779
+11.54s style draw_view_lib.glsl_3779 fill:#3c0
+11.54s overlay_varying_color.glsl_355 --> overlay_common_lib.glsl_1652
+11.54s style overlay_common_lib.glsl_1652 fill:#1e0
+11.54s overlay_varying_color.glsl_355 --> select_lib.glsl_1221
+11.54s style select_lib.glsl_1221 fill:#1e0
+11.54s 
+11.54s 00:10.924  gpu.shader.deps  | Resolved Source Tree (Mermaid flowchart) 
+11.54s flowchart LR
+11.54s gpu_shader_compat_glsl.glsl_4944 --> gpu_shader_glsl_extension.glsl_644
+11.54s style gpu_shader_glsl_extension.glsl_644 fill:#0f0
+11.54s 
+11.68s 00:11.076  gpu.shader       | Compiling Shader "overlay_extra_spot_cone"
+11.68s 00:11.076  gpu.shader.deps  | Resolved Source Tree (Mermaid flowchart) overlay_extra_spot_cone
+11.68s flowchart LR
+11.68s draw_shader_shared.hh_24775 --> GPU_shader_shared_utils.hh_933
+11.68s style GPU_shader_shared_utils.hh_933 fill:#0f0
+11.68s draw_object_infos_infos.hh_3974 --> draw_shader_shared.hh_24775
+11.68s style draw_shader_shared.hh_24775 fill:#f00
+11.69s gpencil_shader_shared.hh_4176 --> GPU_shader_shared_utils.hh_933
+11.69s style GPU_shader_shared_utils.hh_933 fill:#0f0
+11.69s draw_object_infos_infos.hh_3974 --> gpencil_shader_shared.hh_4176
+11.69s style gpencil_shader_shared.hh_4176 fill:#4b0
+11.69s draw_view_infos.hh_5696 --> draw_defines.hh_678
+11.69s style draw_defines.hh_678 fill:#0f0
+11.69s draw_command_shared.hh_1480 --> GPU_shader_shared_utils.hh_933
+11.69s style GPU_shader_shared_utils.hh_933 fill:#0f0
+11.69s draw_view_infos.hh_5696 --> draw_command_shared.hh_1480
+11.69s style draw_command_shared.hh_1480 fill:#1e0
+11.69s draw_view_infos.hh_5696 --> draw_shader_shared.hh_24775
+11.69s style draw_shader_shared.hh_24775 fill:#f00
+11.69s draw_object_infos_infos.hh_3974 --> draw_view_infos.hh_5696
+11.69s style draw_view_infos.hh_5696 fill:#5a0
+11.69s draw_object_infos_infos.hh_3974 --> draw_defines.hh_678
+11.69s style draw_defines.hh_678 fill:#0f0
+11.69s overlay_extra_infos.hh_32368 --> draw_object_infos_infos.hh_3974
+11.69s style draw_object_infos_infos.hh_3974 fill:#3c0
+11.69s overlay_extra_infos.hh_32368 --> draw_view_infos.hh_5696
+11.69s style draw_view_infos.hh_5696 fill:#5a0
+11.69s GPU_shader_shared.hh_13548 --> GPU_shader_shared_utils.hh_933
+11.69s style GPU_shader_shared_utils.hh_933 fill:#0f0
+11.69s gpu_index_load_infos.hh_567 --> GPU_shader_shared.hh_13548
+11.69s style GPU_shader_shared.hh_13548 fill:#d20
+11.69s overlay_extra_infos.hh_32368 --> gpu_index_load_infos.hh_567
+11.69s style gpu_index_load_infos.hh_567 fill:#0f0
+11.69s overlay_shader_shared.hh_16231 --> GPU_shader_shared_utils.hh_933
+11.69s style GPU_shader_shared_utils.hh_933 fill:#0f0
+11.69s overlay_extra_infos.hh_32368 --> overlay_shader_shared.hh_16231
+11.69s style overlay_shader_shared.hh_16231 fill:#f00
+11.69s overlay_common_infos.hh_1184 --> overlay_shader_shared.hh_16231
+11.69s style overlay_shader_shared.hh_16231 fill:#f00
+11.69s overlay_common_infos.hh_1184 --> select_shader_shared.hh_773
+11.69s style select_shader_shared.hh_773 fill:#0f0
+11.69s overlay_common_infos.hh_1184 --> select_defines.hh_108
+11.69s style select_defines.hh_108 fill:#0f0
+11.69s overlay_extra_infos.hh_32368 --> overlay_common_infos.hh_1184
+11.69s style overlay_common_infos.hh_1184 fill:#1e0
+11.69s overlay_extra_vert.glsl_6302 --> overlay_extra_infos.hh_32368
+11.69s style overlay_extra_infos.hh_32368 fill:#f00
+11.69s overlay_extra_vert.glsl_6302 --> draw_view_clipping_lib.glsl_1192
+11.69s style draw_view_clipping_lib.glsl_1192 fill:#1e0
+11.69s draw_view_lib.glsl_3779 --> draw_view_infos.hh_5696
+11.69s style draw_view_infos.hh_5696 fill:#5a0
+11.69s overlay_extra_vert.glsl_6302 --> draw_view_lib.glsl_3779
+11.69s style draw_view_lib.glsl_3779 fill:#3c0
+11.69s overlay_extra_vert.glsl_6302 --> gpu_shader_utildefines_lib.glsl_3296
+11.69s style gpu_shader_utildefines_lib.glsl_3296 fill:#3c0
+11.69s overlay_common_lib.glsl_1652 --> draw_view_lib.glsl_3779
+11.69s style draw_view_lib.glsl_3779 fill:#3c0
+11.69s overlay_extra_vert.glsl_6302 --> overlay_common_lib.glsl_1652
+11.69s style overlay_common_lib.glsl_1652 fill:#1e0
+11.69s overlay_extra_vert.glsl_6302 --> select_lib.glsl_1221
+11.69s style select_lib.glsl_1221 fill:#1e0
+11.69s 
+11.69s 00:11.076  gpu.shader.deps  | Resolved Source Tree (Mermaid flowchart) 
+11.69s flowchart LR
+11.69s gpu_shader_compat_glsl.glsl_4944 --> gpu_shader_glsl_extension.glsl_644
+11.69s style gpu_shader_glsl_extension.glsl_644 fill:#0f0
+11.69s 
+11.69s 00:11.077  gpu.shader.deps  | Resolved Source Tree (Mermaid flowchart) overlay_extra_spot_cone
+11.69s flowchart LR
+11.69s draw_shader_shared.hh_24775 --> GPU_shader_shared_utils.hh_933
+11.69s style GPU_shader_shared_utils.hh_933 fill:#0f0
+11.69s draw_object_infos_infos.hh_3974 --> draw_shader_shared.hh_24775
+11.69s style draw_shader_shared.hh_24775 fill:#f00
+11.69s gpencil_shader_shared.hh_4176 --> GPU_shader_shared_utils.hh_933
+11.69s style GPU_shader_shared_utils.hh_933 fill:#0f0
+11.69s draw_object_infos_infos.hh_3974 --> gpencil_shader_shared.hh_4176
+11.69s style gpencil_shader_shared.hh_4176 fill:#4b0
+11.69s draw_view_infos.hh_5696 --> draw_defines.hh_678
+11.69s style draw_defines.hh_678 fill:#0f0
+11.69s draw_command_shared.hh_1480 --> GPU_shader_shared_utils.hh_933
+11.69s style GPU_shader_shared_utils.hh_933 fill:#0f0
+11.69s draw_view_infos.hh_5696 --> draw_command_shared.hh_1480
+11.69s style draw_command_shared.hh_1480 fill:#1e0
+11.69s draw_view_infos.hh_5696 --> draw_shader_shared.hh_24775
+11.69s style draw_shader_shared.hh_24775 fill:#f00
+11.69s draw_object_infos_infos.hh_3974 --> draw_view_infos.hh_5696
+11.69s style draw_view_infos.hh_5696 fill:#5a0
+11.69s draw_object_infos_infos.hh_3974 --> draw_defines.hh_678
+11.69s style draw_defines.hh_678 fill:#0f0
+11.69s overlay_extra_infos.hh_32368 --> draw_object_infos_infos.hh_3974
+11.69s style draw_object_infos_infos.hh_3974 fill:#3c0
+11.69s overlay_extra_infos.hh_32368 --> draw_view_infos.hh_5696
+11.69s style draw_view_infos.hh_5696 fill:#5a0
+11.69s GPU_shader_shared.hh_13548 --> GPU_shader_shared_utils.hh_933
+11.69s style GPU_shader_shared_utils.hh_933 fill:#0f0
+11.69s gpu_index_load_infos.hh_567 --> GPU_shader_shared.hh_13548
+11.69s style GPU_shader_shared.hh_13548 fill:#d20
+11.69s overlay_extra_infos.hh_32368 --> gpu_index_load_infos.hh_567
+11.69s style gpu_index_load_infos.hh_567 fill:#0f0
+11.69s overlay_shader_shared.hh_16231 --> GPU_shader_shared_utils.hh_933
+11.69s style GPU_shader_shared_utils.hh_933 fill:#0f0
+11.69s overlay_extra_infos.hh_32368 --> overlay_shader_shared.hh_16231
+11.69s style overlay_shader_shared.hh_16231 fill:#f00
+11.69s overlay_common_infos.hh_1184 --> overlay_shader_shared.hh_16231
+11.69s style overlay_shader_shared.hh_16231 fill:#f00
+11.69s overlay_common_infos.hh_1184 --> select_shader_shared.hh_773
+11.69s style select_shader_shared.hh_773 fill:#0f0
+11.69s overlay_common_infos.hh_1184 --> select_defines.hh_108
+11.69s style select_defines.hh_108 fill:#0f0
+11.69s overlay_extra_infos.hh_32368 --> overlay_common_infos.hh_1184
+11.69s style overlay_common_infos.hh_1184 fill:#1e0
+11.69s overlay_extra_frag.glsl_316 --> overlay_extra_infos.hh_32368
+11.69s style overlay_extra_infos.hh_32368 fill:#f00
+11.69s draw_view_lib.glsl_3779 --> draw_view_infos.hh_5696
+11.69s style draw_view_infos.hh_5696 fill:#5a0
+11.69s overlay_common_lib.glsl_1652 --> draw_view_lib.glsl_3779
+11.69s style draw_view_lib.glsl_3779 fill:#3c0
+11.69s overlay_extra_frag.glsl_316 --> overlay_common_lib.glsl_1652
+11.69s style overlay_common_lib.glsl_1652 fill:#1e0
+11.69s overlay_extra_frag.glsl_316 --> select_lib.glsl_1221
+11.69s style select_lib.glsl_1221 fill:#1e0
+11.69s 
+11.69s 00:11.077  gpu.shader.deps  | Resolved Source Tree (Mermaid flowchart) 
+11.69s flowchart LR
+11.69s gpu_shader_compat_glsl.glsl_4944 --> gpu_shader_glsl_extension.glsl_644
+11.69s style gpu_shader_glsl_extension.glsl_644 fill:#0f0
+11.69s 
+11.84s 00:11.229  gpu.shader       | Compiling Shader "overlay_edit_mesh_analysis"
+11.84s 00:11.230  gpu.shader.deps  | Resolved Source Tree (Mermaid flowchart) overlay_edit_mesh_analysis
+11.84s flowchart LR
+11.84s draw_shader_shared.hh_24775 --> GPU_shader_shared_utils.hh_933
+11.84s style GPU_shader_shared_utils.hh_933 fill:#0f0
+11.84s draw_object_infos_infos.hh_3974 --> draw_shader_shared.hh_24775
+11.84s style draw_shader_shared.hh_24775 fill:#f00
+11.84s gpencil_shader_shared.hh_4176 --> GPU_shader_shared_utils.hh_933
+11.84s style GPU_shader_shared_utils.hh_933 fill:#0f0
+11.84s draw_object_infos_infos.hh_3974 --> gpencil_shader_shared.hh_4176
+11.84s style gpencil_shader_shared.hh_4176 fill:#4b0
+11.84s draw_view_infos.hh_5696 --> draw_defines.hh_678
+11.84s style draw_defines.hh_678 fill:#0f0
+11.84s draw_command_shared.hh_1480 --> GPU_shader_shared_utils.hh_933
+11.84s style GPU_shader_shared_utils.hh_933 fill:#0f0
+11.84s draw_view_infos.hh_5696 --> draw_command_shared.hh_1480
+11.84s style draw_command_shared.hh_1480 fill:#1e0
+11.84s draw_view_infos.hh_5696 --> draw_shader_shared.hh_24775
+11.84s style draw_shader_shared.hh_24775 fill:#f00
+11.84s draw_object_infos_infos.hh_3974 --> draw_view_infos.hh_5696
+11.84s style draw_view_infos.hh_5696 fill:#5a0
+11.84s draw_object_infos_infos.hh_3974 --> draw_defines.hh_678
+11.84s style draw_defines.hh_678 fill:#0f0
+11.84s overlay_edit_mode_infos.hh_43170 --> draw_object_infos_infos.hh_3974
+11.84s style draw_object_infos_infos.hh_3974 fill:#3c0
+11.84s overlay_edit_mode_infos.hh_43170 --> draw_view_infos.hh_5696
+11.84s style draw_view_infos.hh_5696 fill:#5a0
+11.84s GPU_shader_shared.hh_13548 --> GPU_shader_shared_utils.hh_933
+11.84s style GPU_shader_shared_utils.hh_933 fill:#0f0
+11.84s gpu_index_load_infos.hh_567 --> GPU_shader_shared.hh_13548
+11.84s style GPU_shader_shared.hh_13548 fill:#d20
+11.84s overlay_edit_mode_infos.hh_43170 --> gpu_index_load_infos.hh_567
+11.84s style gpu_index_load_infos.hh_567 fill:#0f0
+11.84s overlay_shader_shared.hh_16231 --> GPU_shader_shared_utils.hh_933
+11.84s style GPU_shader_shared_utils.hh_933 fill:#0f0
+11.84s overlay_edit_mode_infos.hh_43170 --> overlay_shader_shared.hh_16231
+11.84s style overlay_shader_shared.hh_16231 fill:#f00
+11.84s overlay_common_infos.hh_1184 --> overlay_shader_shared.hh_16231
+11.84s style overlay_shader_shared.hh_16231 fill:#f00
+11.84s overlay_common_infos.hh_1184 --> select_shader_shared.hh_773
+11.84s style select_shader_shared.hh_773 fill:#0f0
+11.84s overlay_common_infos.hh_1184 --> select_defines.hh_108
+11.84s style select_defines.hh_108 fill:#0f0
+11.84s overlay_edit_mode_infos.hh_43170 --> overlay_common_infos.hh_1184
+11.84s style overlay_common_infos.hh_1184 fill:#1e0
+11.84s overlay_edit_mesh_analysis_vert.glsl_554 --> overlay_edit_mode_infos.hh_43170
+11.84s style overlay_edit_mode_infos.hh_43170 fill:#f00
+11.84s draw_model_lib.glsl_2881 --> draw_view_infos.hh_5696
+11.84s style draw_view_infos.hh_5696 fill:#5a0
+11.84s draw_view_lib.glsl_3779 --> draw_view_infos.hh_5696
+11.84s style draw_view_infos.hh_5696 fill:#5a0
+11.84s draw_model_lib.glsl_2881 --> draw_view_lib.glsl_3779
+11.84s style draw_view_lib.glsl_3779 fill:#3c0
+11.84s overlay_edit_mesh_analysis_vert.glsl_554 --> draw_model_lib.glsl_2881
+11.84s style draw_model_lib.glsl_2881 fill:#2d0
+11.84s overlay_edit_mesh_analysis_vert.glsl_554 --> draw_view_clipping_lib.glsl_1192
+11.84s style draw_view_clipping_lib.glsl_1192 fill:#1e0
+11.84s overlay_edit_mesh_analysis_vert.glsl_554 --> draw_view_lib.glsl_3779
+11.84s style draw_view_lib.glsl_3779 fill:#3c0
+11.84s 
+11.84s 00:11.230  gpu.shader.deps  | Resolved Source Tree (Mermaid flowchart) 
+11.84s flowchart LR
+11.84s gpu_shader_compat_glsl.glsl_4944 --> gpu_shader_glsl_extension.glsl_644
+11.84s style gpu_shader_glsl_extension.glsl_644 fill:#0f0
+11.84s 
+11.85s 00:11.231  gpu.shader.deps  | Resolved Source Tree (Mermaid flowchart) overlay_edit_mesh_analysis
+11.85s flowchart LR
+11.85s draw_shader_shared.hh_24775 --> GPU_shader_shared_utils.hh_933
+11.85s style GPU_shader_shared_utils.hh_933 fill:#0f0
+11.85s draw_object_infos_infos.hh_3974 --> draw_shader_shared.hh_24775
+11.85s style draw_shader_shared.hh_24775 fill:#f00
+11.85s gpencil_shader_shared.hh_4176 --> GPU_shader_shared_utils.hh_933
+11.85s style GPU_shader_shared_utils.hh_933 fill:#0f0
+11.85s draw_object_infos_infos.hh_3974 --> gpencil_shader_shared.hh_4176
+11.85s style gpencil_shader_shared.hh_4176 fill:#4b0
+11.85s draw_view_infos.hh_5696 --> draw_defines.hh_678
+11.85s style draw_defines.hh_678 fill:#0f0
+11.85s draw_command_shared.hh_1480 --> GPU_shader_shared_utils.hh_933
+11.85s style GPU_shader_shared_utils.hh_933 fill:#0f0
+11.85s draw_view_infos.hh_5696 --> draw_command_shared.hh_1480
+11.85s style draw_command_shared.hh_1480 fill:#1e0
+11.85s draw_view_infos.hh_5696 --> draw_shader_shared.hh_24775
+11.85s style draw_shader_shared.hh_24775 fill:#f00
+11.85s draw_object_infos_infos.hh_3974 --> draw_view_infos.hh_5696
+11.85s style draw_view_infos.hh_5696 fill:#5a0
+11.85s draw_object_infos_infos.hh_3974 --> draw_defines.hh_678
+11.85s style draw_defines.hh_678 fill:#0f0
+11.85s overlay_edit_mode_infos.hh_43170 --> draw_object_infos_infos.hh_3974
+11.85s style draw_object_infos_infos.hh_3974 fill:#3c0
+11.85s overlay_edit_mode_infos.hh_43170 --> draw_view_infos.hh_5696
+11.85s style draw_view_infos.hh_5696 fill:#5a0
+11.85s GPU_shader_shared.hh_13548 --> GPU_shader_shared_utils.hh_933
+11.85s style GPU_shader_shared_utils.hh_933 fill:#0f0
+11.85s gpu_index_load_infos.hh_567 --> GPU_shader_shared.hh_13548
+11.85s style GPU_shader_shared.hh_13548 fill:#d20
+11.85s overlay_edit_mode_infos.hh_43170 --> gpu_index_load_infos.hh_567
+11.85s style gpu_index_load_infos.hh_567 fill:#0f0
+11.85s overlay_shader_shared.hh_16231 --> GPU_shader_shared_utils.hh_933
+11.85s style GPU_shader_shared_utils.hh_933 fill:#0f0
+11.85s overlay_edit_mode_infos.hh_43170 --> overlay_shader_shared.hh_16231
+11.85s style overlay_shader_shared.hh_16231 fill:#f00
+11.85s overlay_common_infos.hh_1184 --> overlay_shader_shared.hh_16231
+11.85s style overlay_shader_shared.hh_16231 fill:#f00
+11.85s overlay_common_infos.hh_1184 --> select_shader_shared.hh_773
+11.85s style select_shader_shared.hh_773 fill:#0f0
+11.85s overlay_common_infos.hh_1184 --> select_defines.hh_108
+11.85s style select_defines.hh_108 fill:#0f0
+11.85s overlay_edit_mode_infos.hh_43170 --> overlay_common_infos.hh_1184
+11.85s style overlay_common_infos.hh_1184 fill:#1e0
+11.85s overlay_edit_mesh_analysis_frag.glsl_189 --> overlay_edit_mode_infos.hh_43170
+11.85s style overlay_edit_mode_infos.hh_43170 fill:#f00
+11.85s 
+11.85s 00:11.231  gpu.shader.deps  | Resolved Source Tree (Mermaid flowchart) 
+11.85s flowchart LR
+11.85s gpu_shader_compat_glsl.glsl_4944 --> gpu_shader_glsl_extension.glsl_644
+11.85s style gpu_shader_glsl_extension.glsl_644 fill:#0f0
+11.85s 
+11.99s 00:11.381  gpu.shader       | Compiling Shader "overlay_edit_mesh_depth"
+11.99s 00:11.381  gpu.shader.deps  | Resolved Source Tree (Mermaid flowchart) overlay_edit_mesh_depth
+11.99s flowchart LR
+11.99s draw_shader_shared.hh_24775 --> GPU_shader_shared_utils.hh_933
+11.99s style GPU_shader_shared_utils.hh_933 fill:#0f0
+11.99s draw_object_infos_infos.hh_3974 --> draw_shader_shared.hh_24775
+11.99s style draw_shader_shared.hh_24775 fill:#f00
+11.99s gpencil_shader_shared.hh_4176 --> GPU_shader_shared_utils.hh_933
+11.99s style GPU_shader_shared_utils.hh_933 fill:#0f0
+11.99s draw_object_infos_infos.hh_3974 --> gpencil_shader_shared.hh_4176
+11.99s style gpencil_shader_shared.hh_4176 fill:#4b0
+11.99s draw_view_infos.hh_5696 --> draw_defines.hh_678
+11.99s style draw_defines.hh_678 fill:#0f0
+11.99s draw_command_shared.hh_1480 --> GPU_shader_shared_utils.hh_933
+11.99s style GPU_shader_shared_utils.hh_933 fill:#0f0
+11.99s draw_view_infos.hh_5696 --> draw_command_shared.hh_1480
+11.99s style draw_command_shared.hh_1480 fill:#1e0
+11.99s draw_view_infos.hh_5696 --> draw_shader_shared.hh_24775
+11.99s style draw_shader_shared.hh_24775 fill:#f00
+11.99s draw_object_infos_infos.hh_3974 --> draw_view_infos.hh_5696
+11.99s style draw_view_infos.hh_5696 fill:#5a0
+11.99s draw_object_infos_infos.hh_3974 --> draw_defines.hh_678
+11.99s style draw_defines.hh_678 fill:#0f0
+11.99s overlay_edit_mode_infos.hh_43170 --> draw_object_infos_infos.hh_3974
+11.99s style draw_object_infos_infos.hh_3974 fill:#3c0
+11.99s overlay_edit_mode_infos.hh_43170 --> draw_view_infos.hh_5696
+11.99s style draw_view_infos.hh_5696 fill:#5a0
+11.99s GPU_shader_shared.hh_13548 --> GPU_shader_shared_utils.hh_933
+11.99s style GPU_shader_shared_utils.hh_933 fill:#0f0
+11.99s gpu_index_load_infos.hh_567 --> GPU_shader_shared.hh_13548
+11.99s style GPU_shader_shared.hh_13548 fill:#d20
+11.99s overlay_edit_mode_infos.hh_43170 --> gpu_index_load_infos.hh_567
+11.99s style gpu_index_load_infos.hh_567 fill:#0f0
+11.99s overlay_shader_shared.hh_16231 --> GPU_shader_shared_utils.hh_933
+11.99s style GPU_shader_shared_utils.hh_933 fill:#0f0
+11.99s overlay_edit_mode_infos.hh_43170 --> overlay_shader_shared.hh_16231
+11.99s style overlay_shader_shared.hh_16231 fill:#f00
+11.99s overlay_common_infos.hh_1184 --> overlay_shader_shared.hh_16231
+11.99s style overlay_shader_shared.hh_16231 fill:#f00
+11.99s overlay_common_infos.hh_1184 --> select_shader_shared.hh_773
+11.99s style select_shader_shared.hh_773 fill:#0f0
+11.99s overlay_common_infos.hh_1184 --> select_defines.hh_108
+11.99s style select_defines.hh_108 fill:#0f0
+11.99s overlay_edit_mode_infos.hh_43170 --> overlay_common_infos.hh_1184
+11.99s style overlay_common_infos.hh_1184 fill:#1e0
+11.99s overlay_edit_mesh_depth_vert.glsl_459 --> overlay_edit_mode_infos.hh_43170
+11.99s style overlay_edit_mode_infos.hh_43170 fill:#f00
+11.99s draw_model_lib.glsl_2881 --> draw_view_infos.hh_5696
+11.99s style draw_view_infos.hh_5696 fill:#5a0
+11.99s draw_view_lib.glsl_3779 --> draw_view_infos.hh_5696
+11.99s style draw_view_infos.hh_5696 fill:#5a0
+11.99s draw_model_lib.glsl_2881 --> draw_view_lib.glsl_3779
+11.99s style draw_view_lib.glsl_3779 fill:#3c0
+11.99s overlay_edit_mesh_depth_vert.glsl_459 --> draw_model_lib.glsl_2881
+11.99s style draw_model_lib.glsl_2881 fill:#2d0
+11.99s overlay_edit_mesh_depth_vert.glsl_459 --> draw_view_clipping_lib.glsl_1192
+11.99s style draw_view_clipping_lib.glsl_1192 fill:#1e0
+11.99s overlay_edit_mesh_depth_vert.glsl_459 --> draw_view_lib.glsl_3779
+11.99s style draw_view_lib.glsl_3779 fill:#3c0
+12.00s overlay_common_lib.glsl_1652 --> draw_view_lib.glsl_3779
+12.00s style draw_view_lib.glsl_3779 fill:#3c0
+12.00s overlay_edit_mesh_depth_vert.glsl_459 --> overlay_common_lib.glsl_1652
+12.00s style overlay_common_lib.glsl_1652 fill:#1e0
+12.00s 
+12.00s 00:11.382  gpu.shader.deps  | Resolved Source Tree (Mermaid flowchart) 
+12.00s flowchart LR
+12.00s gpu_shader_compat_glsl.glsl_4944 --> gpu_shader_glsl_extension.glsl_644
+12.00s style gpu_shader_glsl_extension.glsl_644 fill:#0f0
+12.00s 
+12.00s 00:11.383  gpu.shader.deps  | Resolved Source Tree (Mermaid flowchart) overlay_edit_mesh_depth
+12.00s flowchart LR
+12.00s draw_shader_shared.hh_24775 --> GPU_shader_shared_utils.hh_933
+12.00s style GPU_shader_shared_utils.hh_933 fill:#0f0
+12.00s draw_object_infos_infos.hh_3974 --> draw_shader_shared.hh_24775
+12.00s style draw_shader_shared.hh_24775 fill:#f00
+12.00s gpencil_shader_shared.hh_4176 --> GPU_shader_shared_utils.hh_933
+12.00s style GPU_shader_shared_utils.hh_933 fill:#0f0
+12.00s draw_object_infos_infos.hh_3974 --> gpencil_shader_shared.hh_4176
+12.00s style gpencil_shader_shared.hh_4176 fill:#4b0
+12.00s draw_view_infos.hh_5696 --> draw_defines.hh_678
+12.00s style draw_defines.hh_678 fill:#0f0
+12.00s draw_command_shared.hh_1480 --> GPU_shader_shared_utils.hh_933
+12.00s style GPU_shader_shared_utils.hh_933 fill:#0f0
+12.00s draw_view_infos.hh_5696 --> draw_command_shared.hh_1480
+12.00s style draw_command_shared.hh_1480 fill:#1e0
+12.00s draw_view_infos.hh_5696 --> draw_shader_shared.hh_24775
+12.00s style draw_shader_shared.hh_24775 fill:#f00
+12.00s draw_object_infos_infos.hh_3974 --> draw_view_infos.hh_5696
+12.00s style draw_view_infos.hh_5696 fill:#5a0
+12.00s draw_object_infos_infos.hh_3974 --> draw_defines.hh_678
+12.00s style draw_defines.hh_678 fill:#0f0
+12.00s overlay_edit_mode_infos.hh_43170 --> draw_object_infos_infos.hh_3974
+12.00s style draw_object_infos_infos.hh_3974 fill:#3c0
+12.00s overlay_edit_mode_infos.hh_43170 --> draw_view_infos.hh_5696
+12.00s style draw_view_infos.hh_5696 fill:#5a0
+12.00s GPU_shader_shared.hh_13548 --> GPU_shader_shared_utils.hh_933
+12.00s style GPU_shader_shared_utils.hh_933 fill:#0f0
+12.00s gpu_index_load_infos.hh_567 --> GPU_shader_shared.hh_13548
+12.00s style GPU_shader_shared.hh_13548 fill:#d20
+12.00s overlay_edit_mode_infos.hh_43170 --> gpu_index_load_infos.hh_567
+12.00s style gpu_index_load_infos.hh_567 fill:#0f0
+12.00s overlay_shader_shared.hh_16231 --> GPU_shader_shared_utils.hh_933
+12.00s style GPU_shader_shared_utils.hh_933 fill:#0f0
+12.00s overlay_edit_mode_infos.hh_43170 --> overlay_shader_shared.hh_16231
+12.00s style overlay_shader_shared.hh_16231 fill:#f00
+12.00s overlay_common_infos.hh_1184 --> overlay_shader_shared.hh_16231
+12.00s style overlay_shader_shared.hh_16231 fill:#f00
+12.00s overlay_common_infos.hh_1184 --> select_shader_shared.hh_773
+12.00s style select_shader_shared.hh_773 fill:#0f0
+12.00s overlay_common_infos.hh_1184 --> select_defines.hh_108
+12.00s style select_defines.hh_108 fill:#0f0
+12.00s overlay_edit_mode_infos.hh_43170 --> overlay_common_infos.hh_1184
+12.00s style overlay_common_infos.hh_1184 fill:#1e0
+12.00s overlay_depth_only_frag.glsl_269 --> overlay_edit_mode_infos.hh_43170
+12.00s style overlay_edit_mode_infos.hh_43170 fill:#f00
+12.00s overlay_depth_only_frag.glsl_269 --> select_lib.glsl_1221
+12.00s style select_lib.glsl_1221 fill:#1e0
+12.00s 
+12.00s 00:11.383  gpu.shader.deps  | Resolved Source Tree (Mermaid flowchart) 
+12.00s flowchart LR
+12.00s gpu_shader_compat_glsl.glsl_4944 --> gpu_shader_glsl_extension.glsl_644
+12.00s style gpu_shader_glsl_extension.glsl_644 fill:#0f0
+12.00s 
+12.13s 00:11.530  gpu.shader       | Compiling Shader "overlay_edit_mesh_edge"
+12.13s 00:11.530  gpu.shader.deps  | Resolved Source Tree (Mermaid flowchart) overlay_edit_mesh_edge
+12.13s flowchart LR
+12.13s draw_shader_shared.hh_24775 --> GPU_shader_shared_utils.hh_933
+12.13s style GPU_shader_shared_utils.hh_933 fill:#0f0
+12.13s draw_object_infos_infos.hh_3974 --> draw_shader_shared.hh_24775
+12.14s style draw_shader_shared.hh_24775 fill:#f00
+12.14s gpencil_shader_shared.hh_4176 --> GPU_shader_shared_utils.hh_933
+12.14s style GPU_shader_shared_utils.hh_933 fill:#0f0
+12.14s draw_object_infos_infos.hh_3974 --> gpencil_shader_shared.hh_4176
+12.14s style gpencil_shader_shared.hh_4176 fill:#4b0
+12.14s draw_view_infos.hh_5696 --> draw_defines.hh_678
+12.14s style draw_defines.hh_678 fill:#0f0
+12.14s draw_command_shared.hh_1480 --> GPU_shader_shared_utils.hh_933
+12.14s style GPU_shader_shared_utils.hh_933 fill:#0f0
+12.14s draw_view_infos.hh_5696 --> draw_command_shared.hh_1480
+12.14s style draw_command_shared.hh_1480 fill:#1e0
+12.14s draw_view_infos.hh_5696 --> draw_shader_shared.hh_24775
+12.14s style draw_shader_shared.hh_24775 fill:#f00
+12.14s draw_object_infos_infos.hh_3974 --> draw_view_infos.hh_5696
+12.14s style draw_view_infos.hh_5696 fill:#5a0
+12.14s draw_object_infos_infos.hh_3974 --> draw_defines.hh_678
+12.14s style draw_defines.hh_678 fill:#0f0
+12.14s overlay_edit_mode_infos.hh_43170 --> draw_object_infos_infos.hh_3974
+12.14s style draw_object_infos_infos.hh_3974 fill:#3c0
+12.14s overlay_edit_mode_infos.hh_43170 --> draw_view_infos.hh_5696
+12.14s style draw_view_infos.hh_5696 fill:#5a0
+12.14s GPU_shader_shared.hh_13548 --> GPU_shader_shared_utils.hh_933
+12.14s style GPU_shader_shared_utils.hh_933 fill:#0f0
+12.14s gpu_index_load_infos.hh_567 --> GPU_shader_shared.hh_13548
+12.14s style GPU_shader_shared.hh_13548 fill:#d20
+12.14s overlay_edit_mode_infos.hh_43170 --> gpu_index_load_infos.hh_567
+12.14s style gpu_index_load_infos.hh_567 fill:#0f0
+12.14s overlay_shader_shared.hh_16231 --> GPU_shader_shared_utils.hh_933
+12.14s style GPU_shader_shared_utils.hh_933 fill:#0f0
+12.14s overlay_edit_mode_infos.hh_43170 --> overlay_shader_shared.hh_16231
+12.14s style overlay_shader_shared.hh_16231 fill:#f00
+12.14s overlay_common_infos.hh_1184 --> overlay_shader_shared.hh_16231
+12.14s style overlay_shader_shared.hh_16231 fill:#f00
+12.14s overlay_common_infos.hh_1184 --> select_shader_shared.hh_773
+12.14s style select_shader_shared.hh_773 fill:#0f0
+12.14s overlay_common_infos.hh_1184 --> select_defines.hh_108
+12.14s style select_defines.hh_108 fill:#0f0
+12.14s overlay_edit_mode_infos.hh_43170 --> overlay_common_infos.hh_1184
+12.14s style overlay_common_infos.hh_1184 fill:#1e0
+12.14s overlay_edit_mesh_edge_vert.glsl_5830 --> overlay_edit_mode_infos.hh_43170
+12.14s style overlay_edit_mode_infos.hh_43170 fill:#f00
+12.14s draw_model_lib.glsl_2881 --> draw_view_infos.hh_5696
+12.14s style draw_view_infos.hh_5696 fill:#5a0
+12.14s draw_view_lib.glsl_3779 --> draw_view_infos.hh_5696
+12.14s style draw_view_infos.hh_5696 fill:#5a0
+12.14s draw_model_lib.glsl_2881 --> draw_view_lib.glsl_3779
+12.14s style draw_view_lib.glsl_3779 fill:#3c0
+12.14s overlay_edit_mesh_edge_vert.glsl_5830 --> draw_model_lib.glsl_2881
+12.14s style draw_model_lib.glsl_2881 fill:#2d0
+12.14s overlay_edit_mesh_edge_vert.glsl_5830 --> draw_view_clipping_lib.glsl_1192
+12.14s style draw_view_clipping_lib.glsl_1192 fill:#1e0
+12.14s overlay_edit_mesh_edge_vert.glsl_5830 --> draw_view_lib.glsl_3779
+12.14s style draw_view_lib.glsl_3779 fill:#3c0
+12.14s overlay_edit_mesh_edge_vert.glsl_5830 --> gpu_shader_attribute_load_lib.glsl_3268
+12.14s style gpu_shader_attribute_load_lib.glsl_3268 fill:#3c0
+12.14s gpu_shader_index_load_lib.glsl_627 --> gpu_index_load_infos.hh_567
+12.14s style gpu_index_load_infos.hh_567 fill:#0f0
+12.15s overlay_edit_mesh_edge_vert.glsl_5830 --> gpu_shader_index_load_lib.glsl_627
+12.15s style gpu_shader_index_load_lib.glsl_627 fill:#0f0
+12.15s overlay_edit_mesh_edge_vert.glsl_5830 --> gpu_shader_math_vector_lib.glsl_4416
+12.15s style gpu_shader_math_vector_lib.glsl_4416 fill:#4b0
+12.15s overlay_edit_mesh_edge_vert.glsl_5830 --> gpu_shader_utildefines_lib.glsl_3296
+12.15s style gpu_shader_utildefines_lib.glsl_3296 fill:#3c0
+12.15s overlay_edit_mesh_common_lib.glsl_3180 --> overlay_edit_mode_infos.hh_43170
+12.15s style overlay_edit_mode_infos.hh_43170 fill:#f00
+12.15s overlay_edit_mesh_edge_vert.glsl_5830 --> overlay_edit_mesh_common_lib.glsl_3180
+12.15s style overlay_edit_mesh_common_lib.glsl_3180 fill:#3c0
+12.15s overlay_edit_mesh_lib.glsl_3914 --> overlay_edit_mode_infos.hh_43170
+12.15s style overlay_edit_mode_infos.hh_43170 fill:#f00
+12.15s overlay_edit_mesh_lib.glsl_3914 --> draw_model_lib.glsl_2881
+12.15s style draw_model_lib.glsl_2881 fill:#2d0
+12.15s overlay_edit_mesh_lib.glsl_3914 --> draw_view_clipping_lib.glsl_1192
+12.15s style draw_view_clipping_lib.glsl_1192 fill:#1e0
+12.15s overlay_edit_mesh_lib.glsl_3914 --> draw_view_lib.glsl_3779
+12.15s style draw_view_lib.glsl_3779 fill:#3c0
+12.15s overlay_edit_mesh_lib.glsl_3914 --> gpu_shader_math_vector_lib.glsl_4416
+12.15s style gpu_shader_math_vector_lib.glsl_4416 fill:#4b0
+12.15s overlay_edit_mesh_lib.glsl_3914 --> gpu_shader_utildefines_lib.glsl_3296
+12.15s style gpu_shader_utildefines_lib.glsl_3296 fill:#3c0
+12.15s overlay_common_lib.glsl_1652 --> draw_view_lib.glsl_3779
+12.15s style draw_view_lib.glsl_3779 fill:#3c0
+12.15s overlay_edit_mesh_lib.glsl_3914 --> overlay_common_lib.glsl_1652
+12.15s style overlay_common_lib.glsl_1652 fill:#1e0
+12.15s overlay_edit_mesh_lib.glsl_3914 --> overlay_edit_mesh_common_lib.glsl_3180
+12.15s style overlay_edit_mesh_common_lib.glsl_3180 fill:#3c0
+12.15s overlay_edit_mesh_edge_vert.glsl_5830 --> overlay_edit_mesh_lib.glsl_3914
+12.15s style overlay_edit_mesh_lib.glsl_3914 fill:#3c0
+12.15s 
+12.15s 00:11.530  gpu.shader.deps  | Resolved Source Tree (Mermaid flowchart) 
+12.15s flowchart LR
+12.15s gpu_shader_compat_glsl.glsl_4944 --> gpu_shader_glsl_extension.glsl_644
+12.15s style gpu_shader_glsl_extension.glsl_644 fill:#0f0
+12.15s 
+12.15s 00:11.532  gpu.shader.deps  | Resolved Source Tree (Mermaid flowchart) overlay_edit_mesh_edge
+12.15s flowchart LR
+12.15s draw_shader_shared.hh_24775 --> GPU_shader_shared_utils.hh_933
+12.15s style GPU_shader_shared_utils.hh_933 fill:#0f0
+12.15s draw_object_infos_infos.hh_3974 --> draw_shader_shared.hh_24775
+12.15s style draw_shader_shared.hh_24775 fill:#f00
+12.15s gpencil_shader_shared.hh_4176 --> GPU_shader_shared_utils.hh_933
+12.15s style GPU_shader_shared_utils.hh_933 fill:#0f0
+12.15s draw_object_infos_infos.hh_3974 --> gpencil_shader_shared.hh_4176
+12.15s style gpencil_shader_shared.hh_4176 fill:#4b0
+12.15s draw_view_infos.hh_5696 --> draw_defines.hh_678
+12.15s style draw_defines.hh_678 fill:#0f0
+12.15s draw_command_shared.hh_1480 --> GPU_shader_shared_utils.hh_933
+12.15s style GPU_shader_shared_utils.hh_933 fill:#0f0
+12.15s draw_view_infos.hh_5696 --> draw_command_shared.hh_1480
+12.15s style draw_command_shared.hh_1480 fill:#1e0
+12.15s draw_view_infos.hh_5696 --> draw_shader_shared.hh_24775
+12.15s style draw_shader_shared.hh_24775 fill:#f00
+12.15s draw_object_infos_infos.hh_3974 --> draw_view_infos.hh_5696
+12.15s style draw_view_infos.hh_5696 fill:#5a0
+12.15s draw_object_infos_infos.hh_3974 --> draw_defines.hh_678
+12.15s style draw_defines.hh_678 fill:#0f0
+12.15s overlay_edit_mode_infos.hh_43170 --> draw_object_infos_infos.hh_3974
+12.15s style draw_object_infos_infos.hh_3974 fill:#3c0
+12.15s overlay_edit_mode_infos.hh_43170 --> draw_view_infos.hh_5696
+12.15s style draw_view_infos.hh_5696 fill:#5a0
+12.15s GPU_shader_shared.hh_13548 --> GPU_shader_shared_utils.hh_933
+12.15s style GPU_shader_shared_utils.hh_933 fill:#0f0
+12.15s gpu_index_load_infos.hh_567 --> GPU_shader_shared.hh_13548
+12.15s style GPU_shader_shared.hh_13548 fill:#d20
+12.15s overlay_edit_mode_infos.hh_43170 --> gpu_index_load_infos.hh_567
+12.15s style gpu_index_load_infos.hh_567 fill:#0f0
+12.15s overlay_shader_shared.hh_16231 --> GPU_shader_shared_utils.hh_933
+12.15s style GPU_shader_shared_utils.hh_933 fill:#0f0
+12.15s overlay_edit_mode_infos.hh_43170 --> overlay_shader_shared.hh_16231
+12.15s style overlay_shader_shared.hh_16231 fill:#f00
+12.15s overlay_common_infos.hh_1184 --> overlay_shader_shared.hh_16231
+12.15s style overlay_shader_shared.hh_16231 fill:#f00
+12.15s overlay_common_infos.hh_1184 --> select_shader_shared.hh_773
+12.15s style select_shader_shared.hh_773 fill:#0f0
+12.15s overlay_common_infos.hh_1184 --> select_defines.hh_108
+12.15s style select_defines.hh_108 fill:#0f0
+12.15s overlay_edit_mode_infos.hh_43170 --> overlay_common_infos.hh_1184
+12.15s style overlay_common_infos.hh_1184 fill:#1e0
+12.15s overlay_edit_mesh_frag.glsl_973 --> overlay_edit_mode_infos.hh_43170
+12.15s style overlay_edit_mode_infos.hh_43170 fill:#f00
+12.15s 
+12.15s 00:11.532  gpu.shader.deps  | Resolved Source Tree (Mermaid flowchart) 
+12.15s flowchart LR
+12.15s gpu_shader_compat_glsl.glsl_4944 --> gpu_shader_glsl_extension.glsl_644
+12.15s style gpu_shader_glsl_extension.glsl_644 fill:#0f0
+12.15s 
+12.30s 00:11.696  gpu.shader       | Compiling Shader "overlay_edit_mesh_face"
+12.30s 00:11.696  gpu.shader.deps  | Resolved Source Tree (Mermaid flowchart) overlay_edit_mesh_face
+12.30s flowchart LR
+12.30s draw_shader_shared.hh_24775 --> GPU_shader_shared_utils.hh_933
+12.30s style GPU_shader_shared_utils.hh_933 fill:#0f0
+12.30s draw_object_infos_infos.hh_3974 --> draw_shader_shared.hh_24775
+12.31s style draw_shader_shared.hh_24775 fill:#f00
+12.31s gpencil_shader_shared.hh_4176 --> GPU_shader_shared_utils.hh_933
+12.31s style GPU_shader_shared_utils.hh_933 fill:#0f0
+12.31s draw_object_infos_infos.hh_3974 --> gpencil_shader_shared.hh_4176
+12.31s style gpencil_shader_shared.hh_4176 fill:#4b0
+12.31s draw_view_infos.hh_5696 --> draw_defines.hh_678
+12.31s style draw_defines.hh_678 fill:#0f0
+12.31s draw_command_shared.hh_1480 --> GPU_shader_shared_utils.hh_933
+12.31s style GPU_shader_shared_utils.hh_933 fill:#0f0
+12.31s draw_view_infos.hh_5696 --> draw_command_shared.hh_1480
+12.31s style draw_command_shared.hh_1480 fill:#1e0
+12.31s draw_view_infos.hh_5696 --> draw_shader_shared.hh_24775
+12.31s style draw_shader_shared.hh_24775 fill:#f00
+12.31s draw_object_infos_infos.hh_3974 --> draw_view_infos.hh_5696
+12.31s style draw_view_infos.hh_5696 fill:#5a0
+12.31s draw_object_infos_infos.hh_3974 --> draw_defines.hh_678
+12.31s style draw_defines.hh_678 fill:#0f0
+12.31s overlay_edit_mode_infos.hh_43170 --> draw_object_infos_infos.hh_3974
+12.31s style draw_object_infos_infos.hh_3974 fill:#3c0
+12.31s overlay_edit_mode_infos.hh_43170 --> draw_view_infos.hh_5696
+12.31s style draw_view_infos.hh_5696 fill:#5a0
+12.31s GPU_shader_shared.hh_13548 --> GPU_shader_shared_utils.hh_933
+12.31s style GPU_shader_shared_utils.hh_933 fill:#0f0
+12.31s gpu_index_load_infos.hh_567 --> GPU_shader_shared.hh_13548
+12.31s style GPU_shader_shared.hh_13548 fill:#d20
+12.31s overlay_edit_mode_infos.hh_43170 --> gpu_index_load_infos.hh_567
+12.31s style gpu_index_load_infos.hh_567 fill:#0f0
+12.31s overlay_shader_shared.hh_16231 --> GPU_shader_shared_utils.hh_933
+12.31s style GPU_shader_shared_utils.hh_933 fill:#0f0
+12.31s overlay_edit_mode_infos.hh_43170 --> overlay_shader_shared.hh_16231
+12.31s style overlay_shader_shared.hh_16231 fill:#f00
+12.31s overlay_common_infos.hh_1184 --> overlay_shader_shared.hh_16231
+12.31s style overlay_shader_shared.hh_16231 fill:#f00
+12.31s overlay_common_infos.hh_1184 --> select_shader_shared.hh_773
+12.31s style select_shader_shared.hh_773 fill:#0f0
+12.31s overlay_common_infos.hh_1184 --> select_defines.hh_108
+12.31s style select_defines.hh_108 fill:#0f0
+12.31s overlay_edit_mode_infos.hh_43170 --> overlay_common_infos.hh_1184
+12.31s style overlay_common_infos.hh_1184 fill:#1e0
+12.31s overlay_edit_mesh_vert.glsl_3121 --> overlay_edit_mode_infos.hh_43170
+12.31s style overlay_edit_mode_infos.hh_43170 fill:#f00
+12.31s draw_model_lib.glsl_2881 --> draw_view_infos.hh_5696
+12.31s style draw_view_infos.hh_5696 fill:#5a0
+12.31s draw_view_lib.glsl_3779 --> draw_view_infos.hh_5696
+12.31s style draw_view_infos.hh_5696 fill:#5a0
+12.31s draw_model_lib.glsl_2881 --> draw_view_lib.glsl_3779
+12.31s style draw_view_lib.glsl_3779 fill:#3c0
+12.31s overlay_edit_mesh_vert.glsl_3121 --> draw_model_lib.glsl_2881
+12.31s style draw_model_lib.glsl_2881 fill:#2d0
+12.31s overlay_edit_mesh_vert.glsl_3121 --> draw_view_clipping_lib.glsl_1192
+12.31s style draw_view_clipping_lib.glsl_1192 fill:#1e0
+12.31s overlay_edit_mesh_vert.glsl_3121 --> draw_view_lib.glsl_3779
+12.31s style draw_view_lib.glsl_3779 fill:#3c0
+12.31s overlay_common_lib.glsl_1652 --> draw_view_lib.glsl_3779
+12.31s style draw_view_lib.glsl_3779 fill:#3c0
+12.31s overlay_edit_mesh_vert.glsl_3121 --> overlay_common_lib.glsl_1652
+12.31s style overlay_common_lib.glsl_1652 fill:#1e0
+12.31s overlay_edit_mesh_common_lib.glsl_3180 --> overlay_edit_mode_infos.hh_43170
+12.31s style overlay_edit_mode_infos.hh_43170 fill:#f00
+12.31s overlay_edit_mesh_vert.glsl_3121 --> overlay_edit_mesh_common_lib.glsl_3180
+12.31s style overlay_edit_mesh_common_lib.glsl_3180 fill:#3c0
+12.31s 
+12.31s 00:11.697  gpu.shader.deps  | Resolved Source Tree (Mermaid flowchart) 
+12.31s flowchart LR
+12.31s gpu_shader_compat_glsl.glsl_4944 --> gpu_shader_glsl_extension.glsl_644
+12.31s style gpu_shader_glsl_extension.glsl_644 fill:#0f0
+12.31s 
+12.31s 00:11.698  gpu.shader.deps  | Resolved Source Tree (Mermaid flowchart) overlay_edit_mesh_face
+12.31s flowchart LR
+12.31s draw_shader_shared.hh_24775 --> GPU_shader_shared_utils.hh_933
+12.31s style GPU_shader_shared_utils.hh_933 fill:#0f0
+12.31s draw_object_infos_infos.hh_3974 --> draw_shader_shared.hh_24775
+12.31s style draw_shader_shared.hh_24775 fill:#f00
+12.31s gpencil_shader_shared.hh_4176 --> GPU_shader_shared_utils.hh_933
+12.31s style GPU_shader_shared_utils.hh_933 fill:#0f0
+12.31s draw_object_infos_infos.hh_3974 --> gpencil_shader_shared.hh_4176
+12.31s style gpencil_shader_shared.hh_4176 fill:#4b0
+12.31s draw_view_infos.hh_5696 --> draw_defines.hh_678
+12.31s style draw_defines.hh_678 fill:#0f0
+12.31s draw_command_shared.hh_1480 --> GPU_shader_shared_utils.hh_933
+12.31s style GPU_shader_shared_utils.hh_933 fill:#0f0
+12.31s draw_view_infos.hh_5696 --> draw_command_shared.hh_1480
+12.31s style draw_command_shared.hh_1480 fill:#1e0
+12.31s draw_view_infos.hh_5696 --> draw_shader_shared.hh_24775
+12.31s style draw_shader_shared.hh_24775 fill:#f00
+12.31s draw_object_infos_infos.hh_3974 --> draw_view_infos.hh_5696
+12.31s style draw_view_infos.hh_5696 fill:#5a0
+12.31s draw_object_infos_infos.hh_3974 --> draw_defines.hh_678
+12.31s style draw_defines.hh_678 fill:#0f0
+12.31s overlay_volume_infos.hh_7542 --> draw_object_infos_infos.hh_3974
+12.31s style draw_object_infos_infos.hh_3974 fill:#3c0
+12.31s overlay_volume_infos.hh_7542 --> draw_view_infos.hh_5696
+12.31s style draw_view_infos.hh_5696 fill:#5a0
+12.31s overlay_shader_shared.hh_16231 --> GPU_shader_shared_utils.hh_933
+12.31s style GPU_shader_shared_utils.hh_933 fill:#0f0
+12.31s overlay_common_infos.hh_1184 --> overlay_shader_shared.hh_16231
+12.31s style overlay_shader_shared.hh_16231 fill:#f00
+12.31s overlay_common_infos.hh_1184 --> select_shader_shared.hh_773
+12.31s style select_shader_shared.hh_773 fill:#0f0
+12.31s overlay_common_infos.hh_1184 --> select_defines.hh_108
+12.31s style select_defines.hh_108 fill:#0f0
+12.31s overlay_volume_infos.hh_7542 --> overlay_common_infos.hh_1184
+12.31s style overlay_common_infos.hh_1184 fill:#1e0
+12.31s overlay_varying_color.glsl_355 --> overlay_volume_infos.hh_7542
+12.31s style overlay_volume_infos.hh_7542 fill:#780
+12.31s draw_view_lib.glsl_3779 --> draw_view_infos.hh_5696
+12.31s style draw_view_infos.hh_5696 fill:#5a0
+12.31s overlay_common_lib.glsl_1652 --> draw_view_lib.glsl_3779
+12.31s style draw_view_lib.glsl_3779 fill:#3c0
+12.31s overlay_varying_color.glsl_355 --> overlay_common_lib.glsl_1652
+12.31s style overlay_common_lib.glsl_1652 fill:#1e0
+12.31s overlay_varying_color.glsl_355 --> select_lib.glsl_1221
+12.31s style select_lib.glsl_1221 fill:#1e0
+12.31s 
+12.31s 00:11.698  gpu.shader.deps  | Resolved Source Tree (Mermaid flowchart) 
+12.31s flowchart LR
+12.31s gpu_shader_compat_glsl.glsl_4944 --> gpu_shader_glsl_extension.glsl_644
+12.31s style gpu_shader_glsl_extension.glsl_644 fill:#0f0
+12.31s 
+12.44s 00:11.837  gpu.shader       | Compiling Shader "overlay_edit_mesh_facedot"
+12.44s 00:11.837  gpu.shader.deps  | Resolved Source Tree (Mermaid flowchart) overlay_edit_mesh_facedot
+12.44s flowchart LR
+12.44s draw_shader_shared.hh_24775 --> GPU_shader_shared_utils.hh_933
+12.44s style GPU_shader_shared_utils.hh_933 fill:#0f0
+12.44s draw_object_infos_infos.hh_3974 --> draw_shader_shared.hh_24775
+12.45s style draw_shader_shared.hh_24775 fill:#f00
+12.45s gpencil_shader_shared.hh_4176 --> GPU_shader_shared_utils.hh_933
+12.45s style GPU_shader_shared_utils.hh_933 fill:#0f0
+12.45s draw_object_infos_infos.hh_3974 --> gpencil_shader_shared.hh_4176
+12.45s style gpencil_shader_shared.hh_4176 fill:#4b0
+12.45s draw_view_infos.hh_5696 --> draw_defines.hh_678
+12.45s style draw_defines.hh_678 fill:#0f0
+12.45s draw_command_shared.hh_1480 --> GPU_shader_shared_utils.hh_933
+12.45s style GPU_shader_shared_utils.hh_933 fill:#0f0
+12.45s draw_view_infos.hh_5696 --> draw_command_shared.hh_1480
+12.45s style draw_command_shared.hh_1480 fill:#1e0
+12.45s draw_view_infos.hh_5696 --> draw_shader_shared.hh_24775
+12.45s style draw_shader_shared.hh_24775 fill:#f00
+12.45s draw_object_infos_infos.hh_3974 --> draw_view_infos.hh_5696
+12.45s style draw_view_infos.hh_5696 fill:#5a0
+12.45s draw_object_infos_infos.hh_3974 --> draw_defines.hh_678
+12.45s style draw_defines.hh_678 fill:#0f0
+12.45s overlay_edit_mode_infos.hh_43170 --> draw_object_infos_infos.hh_3974
+12.45s style draw_object_infos_infos.hh_3974 fill:#3c0
+12.45s overlay_edit_mode_infos.hh_43170 --> draw_view_infos.hh_5696
+12.45s style draw_view_infos.hh_5696 fill:#5a0
+12.45s GPU_shader_shared.hh_13548 --> GPU_shader_shared_utils.hh_933
+12.45s style GPU_shader_shared_utils.hh_933 fill:#0f0
+12.45s gpu_index_load_infos.hh_567 --> GPU_shader_shared.hh_13548
+12.45s style GPU_shader_shared.hh_13548 fill:#d20
+12.45s overlay_edit_mode_infos.hh_43170 --> gpu_index_load_infos.hh_567
+12.45s style gpu_index_load_infos.hh_567 fill:#0f0
+12.45s overlay_shader_shared.hh_16231 --> GPU_shader_shared_utils.hh_933
+12.45s style GPU_shader_shared_utils.hh_933 fill:#0f0
+12.45s overlay_edit_mode_infos.hh_43170 --> overlay_shader_shared.hh_16231
+12.45s style overlay_shader_shared.hh_16231 fill:#f00
+12.45s overlay_common_infos.hh_1184 --> overlay_shader_shared.hh_16231
+12.45s style overlay_shader_shared.hh_16231 fill:#f00
+12.45s overlay_common_infos.hh_1184 --> select_shader_shared.hh_773
+12.45s style select_shader_shared.hh_773 fill:#0f0
+12.45s overlay_common_infos.hh_1184 --> select_defines.hh_108
+12.45s style select_defines.hh_108 fill:#0f0
+12.45s overlay_edit_mode_infos.hh_43170 --> overlay_common_infos.hh_1184
+12.45s style overlay_common_infos.hh_1184 fill:#1e0
+12.45s overlay_edit_mesh_facedot_vert.glsl_457 --> overlay_edit_mode_infos.hh_43170
+12.45s style overlay_edit_mode_infos.hh_43170 fill:#f00
+12.45s overlay_edit_mesh_lib.glsl_3914 --> overlay_edit_mode_infos.hh_43170
+12.45s style overlay_edit_mode_infos.hh_43170 fill:#f00
+12.45s draw_model_lib.glsl_2881 --> draw_view_infos.hh_5696
+12.45s style draw_view_infos.hh_5696 fill:#5a0
+12.45s draw_view_lib.glsl_3779 --> draw_view_infos.hh_5696
+12.45s style draw_view_infos.hh_5696 fill:#5a0
+12.45s draw_model_lib.glsl_2881 --> draw_view_lib.glsl_3779
+12.45s style draw_view_lib.glsl_3779 fill:#3c0
+12.45s overlay_edit_mesh_lib.glsl_3914 --> draw_model_lib.glsl_2881
+12.45s style draw_model_lib.glsl_2881 fill:#2d0
+12.45s overlay_edit_mesh_lib.glsl_3914 --> draw_view_clipping_lib.glsl_1192
+12.45s style draw_view_clipping_lib.glsl_1192 fill:#1e0
+12.45s overlay_edit_mesh_lib.glsl_3914 --> draw_view_lib.glsl_3779
+12.45s style draw_view_lib.glsl_3779 fill:#3c0
+12.45s overlay_edit_mesh_lib.glsl_3914 --> gpu_shader_math_vector_lib.glsl_4416
+12.45s style gpu_shader_math_vector_lib.glsl_4416 fill:#4b0
+12.45s overlay_edit_mesh_lib.glsl_3914 --> gpu_shader_utildefines_lib.glsl_3296
+12.45s style gpu_shader_utildefines_lib.glsl_3296 fill:#3c0
+12.45s overlay_common_lib.glsl_1652 --> draw_view_lib.glsl_3779
+12.45s style draw_view_lib.glsl_3779 fill:#3c0
+12.45s overlay_edit_mesh_lib.glsl_3914 --> overlay_common_lib.glsl_1652
+12.45s style overlay_common_lib.glsl_1652 fill:#1e0
+12.45s overlay_edit_mesh_common_lib.glsl_3180 --> overlay_edit_mode_infos.hh_43170
+12.45s style overlay_edit_mode_infos.hh_43170 fill:#f00
+12.45s overlay_edit_mesh_lib.glsl_3914 --> overlay_edit_mesh_common_lib.glsl_3180
+12.45s style overlay_edit_mesh_common_lib.glsl_3180 fill:#3c0
+12.45s overlay_edit_mesh_facedot_vert.glsl_457 --> overlay_edit_mesh_lib.glsl_3914
+12.45s style overlay_edit_mesh_lib.glsl_3914 fill:#3c0
+12.45s 
+12.45s 00:11.837  gpu.shader.deps  | Resolved Source Tree (Mermaid flowchart) 
+12.45s flowchart LR
+12.45s gpu_shader_compat_glsl.glsl_4944 --> gpu_shader_glsl_extension.glsl_644
+12.45s style gpu_shader_glsl_extension.glsl_644 fill:#0f0
+12.45s 
+12.45s 00:11.839  gpu.shader.deps  | Resolved Source Tree (Mermaid flowchart) overlay_edit_mesh_facedot
+12.45s flowchart LR
+12.45s draw_shader_shared.hh_24775 --> GPU_shader_shared_utils.hh_933
+12.45s style GPU_shader_shared_utils.hh_933 fill:#0f0
+12.45s draw_object_infos_infos.hh_3974 --> draw_shader_shared.hh_24775
+12.45s style draw_shader_shared.hh_24775 fill:#f00
+12.45s gpencil_shader_shared.hh_4176 --> GPU_shader_shared_utils.hh_933
+12.45s style GPU_shader_shared_utils.hh_933 fill:#0f0
+12.45s draw_object_infos_infos.hh_3974 --> gpencil_shader_shared.hh_4176
+12.45s style gpencil_shader_shared.hh_4176 fill:#4b0
+12.45s draw_view_infos.hh_5696 --> draw_defines.hh_678
+12.45s style draw_defines.hh_678 fill:#0f0
+12.45s draw_command_shared.hh_1480 --> GPU_shader_shared_utils.hh_933
+12.45s style GPU_shader_shared_utils.hh_933 fill:#0f0
+12.45s draw_view_infos.hh_5696 --> draw_command_shared.hh_1480
+12.45s style draw_command_shared.hh_1480 fill:#1e0
+12.45s draw_view_infos.hh_5696 --> draw_shader_shared.hh_24775
+12.45s style draw_shader_shared.hh_24775 fill:#f00
+12.45s draw_object_infos_infos.hh_3974 --> draw_view_infos.hh_5696
+12.45s style draw_view_infos.hh_5696 fill:#5a0
+12.45s draw_object_infos_infos.hh_3974 --> draw_defines.hh_678
+12.45s style draw_defines.hh_678 fill:#0f0
+12.45s overlay_extra_infos.hh_32368 --> draw_object_infos_infos.hh_3974
+12.45s style draw_object_infos_infos.hh_3974 fill:#3c0
+12.45s overlay_extra_infos.hh_32368 --> draw_view_infos.hh_5696
+12.45s style draw_view_infos.hh_5696 fill:#5a0
+12.45s GPU_shader_shared.hh_13548 --> GPU_shader_shared_utils.hh_933
+12.45s style GPU_shader_shared_utils.hh_933 fill:#0f0
+12.45s gpu_index_load_infos.hh_567 --> GPU_shader_shared.hh_13548
+12.45s style GPU_shader_shared.hh_13548 fill:#d20
+12.45s overlay_extra_infos.hh_32368 --> gpu_index_load_infos.hh_567
+12.45s style gpu_index_load_infos.hh_567 fill:#0f0
+12.45s overlay_shader_shared.hh_16231 --> GPU_shader_shared_utils.hh_933
+12.45s style GPU_shader_shared_utils.hh_933 fill:#0f0
+12.45s overlay_extra_infos.hh_32368 --> overlay_shader_shared.hh_16231
+12.45s style overlay_shader_shared.hh_16231 fill:#f00
+12.45s overlay_common_infos.hh_1184 --> overlay_shader_shared.hh_16231
+12.45s style overlay_shader_shared.hh_16231 fill:#f00
+12.45s overlay_common_infos.hh_1184 --> select_shader_shared.hh_773
+12.45s style select_shader_shared.hh_773 fill:#0f0
+12.45s overlay_common_infos.hh_1184 --> select_defines.hh_108
+12.45s style select_defines.hh_108 fill:#0f0
+12.45s overlay_extra_infos.hh_32368 --> overlay_common_infos.hh_1184
+12.45s style overlay_common_infos.hh_1184 fill:#1e0
+12.45s overlay_point_varying_color_frag.glsl_729 --> overlay_extra_infos.hh_32368
+12.45s style overlay_extra_infos.hh_32368 fill:#f00
+12.45s overlay_point_varying_color_frag.glsl_729 --> select_lib.glsl_1221
+12.45s style select_lib.glsl_1221 fill:#1e0
+12.45s 
+12.45s 00:11.839  gpu.shader.deps  | Resolved Source Tree (Mermaid flowchart) 
+12.45s flowchart LR
+12.45s gpu_shader_compat_glsl.glsl_4944 --> gpu_shader_glsl_extension.glsl_644
+12.45s style gpu_shader_glsl_extension.glsl_644 fill:#0f0
+12.45s 
+12.59s 00:11.982  gpu.shader       | Compiling Shader "overlay_edit_mesh_skin_root"
+12.59s 00:11.982  gpu.shader.deps  | Resolved Source Tree (Mermaid flowchart) overlay_edit_mesh_skin_root
+12.59s flowchart LR
+12.59s draw_shader_shared.hh_24775 --> GPU_shader_shared_utils.hh_933
+12.59s style GPU_shader_shared_utils.hh_933 fill:#0f0
+12.59s draw_object_infos_infos.hh_3974 --> draw_shader_shared.hh_24775
+12.59s style draw_shader_shared.hh_24775 fill:#f00
+12.60s gpencil_shader_shared.hh_4176 --> GPU_shader_shared_utils.hh_933
+12.60s style GPU_shader_shared_utils.hh_933 fill:#0f0
+12.60s draw_object_infos_infos.hh_3974 --> gpencil_shader_shared.hh_4176
+12.60s style gpencil_shader_shared.hh_4176 fill:#4b0
+12.60s draw_view_infos.hh_5696 --> draw_defines.hh_678
+12.60s style draw_defines.hh_678 fill:#0f0
+12.60s draw_command_shared.hh_1480 --> GPU_shader_shared_utils.hh_933
+12.60s style GPU_shader_shared_utils.hh_933 fill:#0f0
+12.60s draw_view_infos.hh_5696 --> draw_command_shared.hh_1480
+12.60s style draw_command_shared.hh_1480 fill:#1e0
+12.60s draw_view_infos.hh_5696 --> draw_shader_shared.hh_24775
+12.60s style draw_shader_shared.hh_24775 fill:#f00
+12.60s draw_object_infos_infos.hh_3974 --> draw_view_infos.hh_5696
+12.60s style draw_view_infos.hh_5696 fill:#5a0
+12.60s draw_object_infos_infos.hh_3974 --> draw_defines.hh_678
+12.60s style draw_defines.hh_678 fill:#0f0
+12.60s overlay_edit_mode_infos.hh_43170 --> draw_object_infos_infos.hh_3974
+12.60s style draw_object_infos_infos.hh_3974 fill:#3c0
+12.60s overlay_edit_mode_infos.hh_43170 --> draw_view_infos.hh_5696
+12.60s style draw_view_infos.hh_5696 fill:#5a0
+12.60s GPU_shader_shared.hh_13548 --> GPU_shader_shared_utils.hh_933
+12.60s style GPU_shader_shared_utils.hh_933 fill:#0f0
+12.60s gpu_index_load_infos.hh_567 --> GPU_shader_shared.hh_13548
+12.60s style GPU_shader_shared.hh_13548 fill:#d20
+12.60s overlay_edit_mode_infos.hh_43170 --> gpu_index_load_infos.hh_567
+12.60s style gpu_index_load_infos.hh_567 fill:#0f0
+12.60s overlay_shader_shared.hh_16231 --> GPU_shader_shared_utils.hh_933
+12.60s style GPU_shader_shared_utils.hh_933 fill:#0f0
+12.60s overlay_edit_mode_infos.hh_43170 --> overlay_shader_shared.hh_16231
+12.60s style overlay_shader_shared.hh_16231 fill:#f00
+12.60s overlay_common_infos.hh_1184 --> overlay_shader_shared.hh_16231
+12.60s style overlay_shader_shared.hh_16231 fill:#f00
+12.60s overlay_common_infos.hh_1184 --> select_shader_shared.hh_773
+12.60s style select_shader_shared.hh_773 fill:#0f0
+12.60s overlay_common_infos.hh_1184 --> select_defines.hh_108
+12.60s style select_defines.hh_108 fill:#0f0
+12.60s overlay_edit_mode_infos.hh_43170 --> overlay_common_infos.hh_1184
+12.60s style overlay_common_infos.hh_1184 fill:#1e0
+12.60s overlay_edit_mesh_skin_root_vert.glsl_1391 --> overlay_edit_mode_infos.hh_43170
+12.60s style overlay_edit_mode_infos.hh_43170 fill:#f00
+12.60s draw_model_lib.glsl_2881 --> draw_view_infos.hh_5696
+12.60s style draw_view_infos.hh_5696 fill:#5a0
+12.60s draw_view_lib.glsl_3779 --> draw_view_infos.hh_5696
+12.60s style draw_view_infos.hh_5696 fill:#5a0
+12.60s draw_model_lib.glsl_2881 --> draw_view_lib.glsl_3779
+12.60s style draw_view_lib.glsl_3779 fill:#3c0
+12.60s overlay_edit_mesh_skin_root_vert.glsl_1391 --> draw_model_lib.glsl_2881
+12.60s style draw_model_lib.glsl_2881 fill:#2d0
+12.60s overlay_edit_mesh_skin_root_vert.glsl_1391 --> draw_view_clipping_lib.glsl_1192
+12.60s style draw_view_clipping_lib.glsl_1192 fill:#1e0
+12.60s overlay_edit_mesh_skin_root_vert.glsl_1391 --> draw_view_lib.glsl_3779
+12.60s style draw_view_lib.glsl_3779 fill:#3c0
+12.60s overlay_edit_mesh_skin_root_vert.glsl_1391 --> gpu_shader_math_constants_lib.glsl_604
+12.60s style gpu_shader_math_constants_lib.glsl_604 fill:#0f0
+12.60s 
+12.60s 00:11.982  gpu.shader.deps  | Resolved Source Tree (Mermaid flowchart) 
+12.60s flowchart LR
+12.60s gpu_shader_compat_glsl.glsl_4944 --> gpu_shader_glsl_extension.glsl_644
+12.60s style gpu_shader_glsl_extension.glsl_644 fill:#0f0
+12.60s 
+12.60s 00:11.983  gpu.shader.deps  | Resolved Source Tree (Mermaid flowchart) overlay_edit_mesh_skin_root
+12.60s flowchart LR
+12.60s draw_shader_shared.hh_24775 --> GPU_shader_shared_utils.hh_933
+12.60s style GPU_shader_shared_utils.hh_933 fill:#0f0
+12.60s draw_object_infos_infos.hh_3974 --> draw_shader_shared.hh_24775
+12.60s style draw_shader_shared.hh_24775 fill:#f00
+12.60s gpencil_shader_shared.hh_4176 --> GPU_shader_shared_utils.hh_933
+12.60s style GPU_shader_shared_utils.hh_933 fill:#0f0
+12.60s draw_object_infos_infos.hh_3974 --> gpencil_shader_shared.hh_4176
+12.60s style gpencil_shader_shared.hh_4176 fill:#4b0
+12.60s draw_view_infos.hh_5696 --> draw_defines.hh_678
+12.60s style draw_defines.hh_678 fill:#0f0
+12.60s draw_command_shared.hh_1480 --> GPU_shader_shared_utils.hh_933
+12.60s style GPU_shader_shared_utils.hh_933 fill:#0f0
+12.60s draw_view_infos.hh_5696 --> draw_command_shared.hh_1480
+12.60s style draw_command_shared.hh_1480 fill:#1e0
+12.60s draw_view_infos.hh_5696 --> draw_shader_shared.hh_24775
+12.60s style draw_shader_shared.hh_24775 fill:#f00
+12.60s draw_object_infos_infos.hh_3974 --> draw_view_infos.hh_5696
+12.60s style draw_view_infos.hh_5696 fill:#5a0
+12.60s draw_object_infos_infos.hh_3974 --> draw_defines.hh_678
+12.60s style draw_defines.hh_678 fill:#0f0
+12.60s overlay_volume_infos.hh_7542 --> draw_object_infos_infos.hh_3974
+12.60s style draw_object_infos_infos.hh_3974 fill:#3c0
+12.60s overlay_volume_infos.hh_7542 --> draw_view_infos.hh_5696
+12.60s style draw_view_infos.hh_5696 fill:#5a0
+12.60s overlay_shader_shared.hh_16231 --> GPU_shader_shared_utils.hh_933
+12.60s style GPU_shader_shared_utils.hh_933 fill:#0f0
+12.60s overlay_common_infos.hh_1184 --> overlay_shader_shared.hh_16231
+12.60s style overlay_shader_shared.hh_16231 fill:#f00
+12.60s overlay_common_infos.hh_1184 --> select_shader_shared.hh_773
+12.60s style select_shader_shared.hh_773 fill:#0f0
+12.60s overlay_common_infos.hh_1184 --> select_defines.hh_108
+12.60s style select_defines.hh_108 fill:#0f0
+12.60s overlay_volume_infos.hh_7542 --> overlay_common_infos.hh_1184
+12.60s style overlay_common_infos.hh_1184 fill:#1e0
+12.60s overlay_varying_color.glsl_355 --> overlay_volume_infos.hh_7542
+12.60s style overlay_volume_infos.hh_7542 fill:#780
+12.60s draw_view_lib.glsl_3779 --> draw_view_infos.hh_5696
+12.60s style draw_view_infos.hh_5696 fill:#5a0
+12.60s overlay_common_lib.glsl_1652 --> draw_view_lib.glsl_3779
+12.60s style draw_view_lib.glsl_3779 fill:#3c0
+12.60s overlay_varying_color.glsl_355 --> overlay_common_lib.glsl_1652
+12.60s style overlay_common_lib.glsl_1652 fill:#1e0
+12.60s overlay_varying_color.glsl_355 --> select_lib.glsl_1221
+12.60s style select_lib.glsl_1221 fill:#1e0
+12.60s 
+12.60s 00:11.983  gpu.shader.deps  | Resolved Source Tree (Mermaid flowchart) 
+12.60s flowchart LR
+12.60s gpu_shader_compat_glsl.glsl_4944 --> gpu_shader_glsl_extension.glsl_644
+12.60s style gpu_shader_glsl_extension.glsl_644 fill:#0f0
+12.60s 
+12.73s 00:12.122  gpu.shader       | Compiling Shader "overlay_edit_mesh_vert"
+12.73s 00:12.122  gpu.shader.deps  | Resolved Source Tree (Mermaid flowchart) overlay_edit_mesh_vert
+12.73s flowchart LR
+12.73s draw_shader_shared.hh_24775 --> GPU_shader_shared_utils.hh_933
+12.73s style GPU_shader_shared_utils.hh_933 fill:#0f0
+12.73s draw_object_infos_infos.hh_3974 --> draw_shader_shared.hh_24775
+12.73s style draw_shader_shared.hh_24775 fill:#f00
+12.73s gpencil_shader_shared.hh_4176 --> GPU_shader_shared_utils.hh_933
+12.73s style GPU_shader_shared_utils.hh_933 fill:#0f0
+12.73s draw_object_infos_infos.hh_3974 --> gpencil_shader_shared.hh_4176
+12.73s style gpencil_shader_shared.hh_4176 fill:#4b0
+12.73s draw_view_infos.hh_5696 --> draw_defines.hh_678
+12.74s style draw_defines.hh_678 fill:#0f0
+12.74s draw_command_shared.hh_1480 --> GPU_shader_shared_utils.hh_933
+12.74s style GPU_shader_shared_utils.hh_933 fill:#0f0
+12.74s draw_view_infos.hh_5696 --> draw_command_shared.hh_1480
+12.74s style draw_command_shared.hh_1480 fill:#1e0
+12.74s draw_view_infos.hh_5696 --> draw_shader_shared.hh_24775
+12.74s style draw_shader_shared.hh_24775 fill:#f00
+12.74s draw_object_infos_infos.hh_3974 --> draw_view_infos.hh_5696
+12.74s style draw_view_infos.hh_5696 fill:#5a0
+12.74s draw_object_infos_infos.hh_3974 --> draw_defines.hh_678
+12.74s style draw_defines.hh_678 fill:#0f0
+12.74s overlay_edit_mode_infos.hh_43170 --> draw_object_infos_infos.hh_3974
+12.74s style draw_object_infos_infos.hh_3974 fill:#3c0
+12.74s overlay_edit_mode_infos.hh_43170 --> draw_view_infos.hh_5696
+12.74s style draw_view_infos.hh_5696 fill:#5a0
+12.74s GPU_shader_shared.hh_13548 --> GPU_shader_shared_utils.hh_933
+12.74s style GPU_shader_shared_utils.hh_933 fill:#0f0
+12.74s gpu_index_load_infos.hh_567 --> GPU_shader_shared.hh_13548
+12.74s style GPU_shader_shared.hh_13548 fill:#d20
+12.74s overlay_edit_mode_infos.hh_43170 --> gpu_index_load_infos.hh_567
+12.74s style gpu_index_load_infos.hh_567 fill:#0f0
+12.74s overlay_shader_shared.hh_16231 --> GPU_shader_shared_utils.hh_933
+12.74s style GPU_shader_shared_utils.hh_933 fill:#0f0
+12.74s overlay_edit_mode_infos.hh_43170 --> overlay_shader_shared.hh_16231
+12.74s style overlay_shader_shared.hh_16231 fill:#f00
+12.74s overlay_common_infos.hh_1184 --> overlay_shader_shared.hh_16231
+12.74s style overlay_shader_shared.hh_16231 fill:#f00
+12.74s overlay_common_infos.hh_1184 --> select_shader_shared.hh_773
+12.74s style select_shader_shared.hh_773 fill:#0f0
+12.74s overlay_common_infos.hh_1184 --> select_defines.hh_108
+12.74s style select_defines.hh_108 fill:#0f0
+12.74s overlay_edit_mode_infos.hh_43170 --> overlay_common_infos.hh_1184
+12.74s style overlay_common_infos.hh_1184 fill:#1e0
+12.74s overlay_edit_mesh_vert.glsl_3121 --> overlay_edit_mode_infos.hh_43170
+12.74s style overlay_edit_mode_infos.hh_43170 fill:#f00
+12.74s draw_model_lib.glsl_2881 --> draw_view_infos.hh_5696
+12.74s style draw_view_infos.hh_5696 fill:#5a0
+12.74s draw_view_lib.glsl_3779 --> draw_view_infos.hh_5696
+12.74s style draw_view_infos.hh_5696 fill:#5a0
+12.74s draw_model_lib.glsl_2881 --> draw_view_lib.glsl_3779
+12.74s style draw_view_lib.glsl_3779 fill:#3c0
+12.74s overlay_edit_mesh_vert.glsl_3121 --> draw_model_lib.glsl_2881
+12.74s style draw_model_lib.glsl_2881 fill:#2d0
+12.74s overlay_edit_mesh_vert.glsl_3121 --> draw_view_clipping_lib.glsl_1192
+12.74s style draw_view_clipping_lib.glsl_1192 fill:#1e0
+12.74s overlay_edit_mesh_vert.glsl_3121 --> draw_view_lib.glsl_3779
+12.74s style draw_view_lib.glsl_3779 fill:#3c0
+12.74s overlay_common_lib.glsl_1652 --> draw_view_lib.glsl_3779
+12.74s style draw_view_lib.glsl_3779 fill:#3c0
+12.74s overlay_edit_mesh_vert.glsl_3121 --> overlay_common_lib.glsl_1652
+12.74s style overlay_common_lib.glsl_1652 fill:#1e0
+12.74s overlay_edit_mesh_common_lib.glsl_3180 --> overlay_edit_mode_infos.hh_43170
+12.74s style overlay_edit_mode_infos.hh_43170 fill:#f00
+12.74s overlay_edit_mesh_vert.glsl_3121 --> overlay_edit_mesh_common_lib.glsl_3180
+12.74s style overlay_edit_mesh_common_lib.glsl_3180 fill:#3c0
+12.74s 
+12.74s 00:12.122  gpu.shader.deps  | Resolved Source Tree (Mermaid flowchart) 
+12.74s flowchart LR
+12.74s gpu_shader_compat_glsl.glsl_4944 --> gpu_shader_glsl_extension.glsl_644
+12.74s style gpu_shader_glsl_extension.glsl_644 fill:#0f0
+12.74s 
+12.74s 00:12.124  gpu.shader.deps  | Resolved Source Tree (Mermaid flowchart) overlay_edit_mesh_vert
+12.74s flowchart LR
+12.74s draw_shader_shared.hh_24775 --> GPU_shader_shared_utils.hh_933
+12.74s style GPU_shader_shared_utils.hh_933 fill:#0f0
+12.74s draw_object_infos_infos.hh_3974 --> draw_shader_shared.hh_24775
+12.74s style draw_shader_shared.hh_24775 fill:#f00
+12.74s gpencil_shader_shared.hh_4176 --> GPU_shader_shared_utils.hh_933
+12.74s style GPU_shader_shared_utils.hh_933 fill:#0f0
+12.74s draw_object_infos_infos.hh_3974 --> gpencil_shader_shared.hh_4176
+12.74s style gpencil_shader_shared.hh_4176 fill:#4b0
+12.74s draw_view_infos.hh_5696 --> draw_defines.hh_678
+12.74s style draw_defines.hh_678 fill:#0f0
+12.74s draw_command_shared.hh_1480 --> GPU_shader_shared_utils.hh_933
+12.74s style GPU_shader_shared_utils.hh_933 fill:#0f0
+12.74s draw_view_infos.hh_5696 --> draw_command_shared.hh_1480
+12.74s style draw_command_shared.hh_1480 fill:#1e0
+12.74s draw_view_infos.hh_5696 --> draw_shader_shared.hh_24775
+12.74s style draw_shader_shared.hh_24775 fill:#f00
+12.74s draw_object_infos_infos.hh_3974 --> draw_view_infos.hh_5696
+12.74s style draw_view_infos.hh_5696 fill:#5a0
+12.74s draw_object_infos_infos.hh_3974 --> draw_defines.hh_678
+12.74s style draw_defines.hh_678 fill:#0f0
+12.74s overlay_extra_infos.hh_32368 --> draw_object_infos_infos.hh_3974
+12.74s style draw_object_infos_infos.hh_3974 fill:#3c0
+12.74s overlay_extra_infos.hh_32368 --> draw_view_infos.hh_5696
+12.74s style draw_view_infos.hh_5696 fill:#5a0
+12.74s GPU_shader_shared.hh_13548 --> GPU_shader_shared_utils.hh_933
+12.74s style GPU_shader_shared_utils.hh_933 fill:#0f0
+12.74s gpu_index_load_infos.hh_567 --> GPU_shader_shared.hh_13548
+12.74s style GPU_shader_shared.hh_13548 fill:#d20
+12.74s overlay_extra_infos.hh_32368 --> gpu_index_load_infos.hh_567
+12.74s style gpu_index_load_infos.hh_567 fill:#0f0
+12.74s overlay_shader_shared.hh_16231 --> GPU_shader_shared_utils.hh_933
+12.74s style GPU_shader_shared_utils.hh_933 fill:#0f0
+12.74s overlay_extra_infos.hh_32368 --> overlay_shader_shared.hh_16231
+12.74s style overlay_shader_shared.hh_16231 fill:#f00
+12.74s overlay_common_infos.hh_1184 --> overlay_shader_shared.hh_16231
+12.74s style overlay_shader_shared.hh_16231 fill:#f00
+12.74s overlay_common_infos.hh_1184 --> select_shader_shared.hh_773
+12.74s style select_shader_shared.hh_773 fill:#0f0
+12.74s overlay_common_infos.hh_1184 --> select_defines.hh_108
+12.74s style select_defines.hh_108 fill:#0f0
+12.74s overlay_extra_infos.hh_32368 --> overlay_common_infos.hh_1184
+12.74s style overlay_common_infos.hh_1184 fill:#1e0
+12.74s overlay_point_varying_color_frag.glsl_729 --> overlay_extra_infos.hh_32368
+12.74s style overlay_extra_infos.hh_32368 fill:#f00
+12.74s overlay_point_varying_color_frag.glsl_729 --> select_lib.glsl_1221
+12.74s style select_lib.glsl_1221 fill:#1e0
+12.74s 
+12.74s 00:12.124  gpu.shader.deps  | Resolved Source Tree (Mermaid flowchart) 
+12.74s flowchart LR
+12.74s gpu_shader_compat_glsl.glsl_4944 --> gpu_shader_glsl_extension.glsl_644
+12.74s style gpu_shader_glsl_extension.glsl_644 fill:#0f0
+12.74s 
+12.88s 00:12.270  gpu.shader       | Compiling Shader "overlay_motion_path_line"
+12.88s 00:12.270  gpu.shader.deps  | Resolved Source Tree (Mermaid flowchart) overlay_motion_path_line
+12.88s flowchart LR
+12.88s draw_shader_shared.hh_24775 --> GPU_shader_shared_utils.hh_933
+12.88s style GPU_shader_shared_utils.hh_933 fill:#0f0
+12.88s draw_object_infos_infos.hh_3974 --> draw_shader_shared.hh_24775
+12.88s style draw_shader_shared.hh_24775 fill:#f00
+12.88s gpencil_shader_shared.hh_4176 --> GPU_shader_shared_utils.hh_933
+12.88s style GPU_shader_shared_utils.hh_933 fill:#0f0
+12.88s draw_object_infos_infos.hh_3974 --> gpencil_shader_shared.hh_4176
+12.88s style gpencil_shader_shared.hh_4176 fill:#4b0
+12.88s draw_view_infos.hh_5696 --> draw_defines.hh_678
+12.88s style draw_defines.hh_678 fill:#0f0
+12.88s draw_command_shared.hh_1480 --> GPU_shader_shared_utils.hh_933
+12.88s style GPU_shader_shared_utils.hh_933 fill:#0f0
+12.88s draw_view_infos.hh_5696 --> draw_command_shared.hh_1480
+12.88s style draw_command_shared.hh_1480 fill:#1e0
+12.88s draw_view_infos.hh_5696 --> draw_shader_shared.hh_24775
+12.88s style draw_shader_shared.hh_24775 fill:#f00
+12.88s draw_object_infos_infos.hh_3974 --> draw_view_infos.hh_5696
+12.88s style draw_view_infos.hh_5696 fill:#5a0
+12.88s draw_object_infos_infos.hh_3974 --> draw_defines.hh_678
+12.88s style draw_defines.hh_678 fill:#0f0
+12.88s overlay_extra_infos.hh_32368 --> draw_object_infos_infos.hh_3974
+12.88s style draw_object_infos_infos.hh_3974 fill:#3c0
+12.88s overlay_extra_infos.hh_32368 --> draw_view_infos.hh_5696
+12.88s style draw_view_infos.hh_5696 fill:#5a0
+12.88s GPU_shader_shared.hh_13548 --> GPU_shader_shared_utils.hh_933
+12.88s style GPU_shader_shared_utils.hh_933 fill:#0f0
+12.88s gpu_index_load_infos.hh_567 --> GPU_shader_shared.hh_13548
+12.88s style GPU_shader_shared.hh_13548 fill:#d20
+12.88s overlay_extra_infos.hh_32368 --> gpu_index_load_infos.hh_567
+12.88s style gpu_index_load_infos.hh_567 fill:#0f0
+12.88s overlay_shader_shared.hh_16231 --> GPU_shader_shared_utils.hh_933
+12.88s style GPU_shader_shared_utils.hh_933 fill:#0f0
+12.89s overlay_extra_infos.hh_32368 --> overlay_shader_shared.hh_16231
+12.89s style overlay_shader_shared.hh_16231 fill:#f00
+12.89s overlay_common_infos.hh_1184 --> overlay_shader_shared.hh_16231
+12.89s style overlay_shader_shared.hh_16231 fill:#f00
+12.89s overlay_common_infos.hh_1184 --> select_shader_shared.hh_773
+12.89s style select_shader_shared.hh_773 fill:#0f0
+12.89s overlay_common_infos.hh_1184 --> select_defines.hh_108
+12.89s style select_defines.hh_108 fill:#0f0
+12.89s overlay_extra_infos.hh_32368 --> overlay_common_infos.hh_1184
+12.89s style overlay_common_infos.hh_1184 fill:#1e0
+12.89s overlay_motion_path_line_vert.glsl_5349 --> overlay_extra_infos.hh_32368
+12.89s style overlay_extra_infos.hh_32368 fill:#f00
+12.89s overlay_motion_path_line_vert.glsl_5349 --> draw_view_clipping_lib.glsl_1192
+12.89s style draw_view_clipping_lib.glsl_1192 fill:#1e0
+12.89s draw_view_lib.glsl_3779 --> draw_view_infos.hh_5696
+12.89s style draw_view_infos.hh_5696 fill:#5a0
+12.89s overlay_motion_path_line_vert.glsl_5349 --> draw_view_lib.glsl_3779
+12.89s style draw_view_lib.glsl_3779 fill:#3c0
+12.89s overlay_motion_path_line_vert.glsl_5349 --> gpu_shader_attribute_load_lib.glsl_3268
+12.89s style gpu_shader_attribute_load_lib.glsl_3268 fill:#3c0
+12.89s gpu_shader_index_load_lib.glsl_627 --> gpu_index_load_infos.hh_567
+12.89s style gpu_index_load_infos.hh_567 fill:#0f0
+12.89s overlay_motion_path_line_vert.glsl_5349 --> gpu_shader_index_load_lib.glsl_627
+12.89s style gpu_shader_index_load_lib.glsl_627 fill:#0f0
+12.89s overlay_motion_path_line_vert.glsl_5349 --> gpu_shader_math_matrix_transform_lib.glsl_833
+12.89s style gpu_shader_math_matrix_transform_lib.glsl_833 fill:#0f0
+12.89s overlay_motion_path_line_vert.glsl_5349 --> gpu_shader_math_vector_lib.glsl_4416
+12.89s style gpu_shader_math_vector_lib.glsl_4416 fill:#4b0
+12.89s overlay_motion_path_line_vert.glsl_5349 --> gpu_shader_utildefines_lib.glsl_3296
+12.89s style gpu_shader_utildefines_lib.glsl_3296 fill:#3c0
+12.89s 
+12.89s 00:12.271  gpu.shader.deps  | Resolved Source Tree (Mermaid flowchart) 
+12.89s flowchart LR
+12.89s gpu_shader_compat_glsl.glsl_4944 --> gpu_shader_glsl_extension.glsl_644
+12.89s style gpu_shader_glsl_extension.glsl_644 fill:#0f0
+12.89s 
+12.89s 00:12.272  gpu.shader.deps  | Resolved Source Tree (Mermaid flowchart) overlay_motion_path_line
+12.89s flowchart LR
+12.89s draw_shader_shared.hh_24775 --> GPU_shader_shared_utils.hh_933
+12.89s style GPU_shader_shared_utils.hh_933 fill:#0f0
+12.89s draw_object_infos_infos.hh_3974 --> draw_shader_shared.hh_24775
+12.89s style draw_shader_shared.hh_24775 fill:#f00
+12.89s gpencil_shader_shared.hh_4176 --> GPU_shader_shared_utils.hh_933
+12.89s style GPU_shader_shared_utils.hh_933 fill:#0f0
+12.89s draw_object_infos_infos.hh_3974 --> gpencil_shader_shared.hh_4176
+12.89s style gpencil_shader_shared.hh_4176 fill:#4b0
+12.89s draw_view_infos.hh_5696 --> draw_defines.hh_678
+12.89s style draw_defines.hh_678 fill:#0f0
+12.89s draw_command_shared.hh_1480 --> GPU_shader_shared_utils.hh_933
+12.89s style GPU_shader_shared_utils.hh_933 fill:#0f0
+12.89s draw_view_infos.hh_5696 --> draw_command_shared.hh_1480
+12.89s style draw_command_shared.hh_1480 fill:#1e0
+12.89s draw_view_infos.hh_5696 --> draw_shader_shared.hh_24775
+12.89s style draw_shader_shared.hh_24775 fill:#f00
+12.89s draw_object_infos_infos.hh_3974 --> draw_view_infos.hh_5696
+12.89s style draw_view_infos.hh_5696 fill:#5a0
+12.89s draw_object_infos_infos.hh_3974 --> draw_defines.hh_678
+12.89s style draw_defines.hh_678 fill:#0f0
+12.89s overlay_extra_infos.hh_32368 --> draw_object_infos_infos.hh_3974
+12.89s style draw_object_infos_infos.hh_3974 fill:#3c0
+12.89s overlay_extra_infos.hh_32368 --> draw_view_infos.hh_5696
+12.89s style draw_view_infos.hh_5696 fill:#5a0
+12.89s GPU_shader_shared.hh_13548 --> GPU_shader_shared_utils.hh_933
+12.89s style GPU_shader_shared_utils.hh_933 fill:#0f0
+12.89s gpu_index_load_infos.hh_567 --> GPU_shader_shared.hh_13548
+12.89s style GPU_shader_shared.hh_13548 fill:#d20
+12.89s overlay_extra_infos.hh_32368 --> gpu_index_load_infos.hh_567
+12.89s style gpu_index_load_infos.hh_567 fill:#0f0
+12.89s overlay_shader_shared.hh_16231 --> GPU_shader_shared_utils.hh_933
+12.89s style GPU_shader_shared_utils.hh_933 fill:#0f0
+12.89s overlay_extra_infos.hh_32368 --> overlay_shader_shared.hh_16231
+12.89s style overlay_shader_shared.hh_16231 fill:#f00
+12.89s overlay_common_infos.hh_1184 --> overlay_shader_shared.hh_16231
+12.89s style overlay_shader_shared.hh_16231 fill:#f00
+12.89s overlay_common_infos.hh_1184 --> select_shader_shared.hh_773
+12.89s style select_shader_shared.hh_773 fill:#0f0
+12.89s overlay_common_infos.hh_1184 --> select_defines.hh_108
+12.89s style select_defines.hh_108 fill:#0f0
+12.89s overlay_extra_infos.hh_32368 --> overlay_common_infos.hh_1184
+12.89s style overlay_common_infos.hh_1184 fill:#1e0
+12.89s overlay_motion_path_line_frag.glsl_155 --> overlay_extra_infos.hh_32368
+12.89s style overlay_extra_infos.hh_32368 fill:#f00
+12.89s 
+12.89s 00:12.272  gpu.shader.deps  | Resolved Source Tree (Mermaid flowchart) 
+12.89s flowchart LR
+12.89s gpu_shader_compat_glsl.glsl_4944 --> gpu_shader_glsl_extension.glsl_644
+12.89s style gpu_shader_glsl_extension.glsl_644 fill:#0f0
+12.89s 
+13.02s 00:12.415  gpu.shader       | Compiling Shader "overlay_motion_path_point"
+13.02s 00:12.415  gpu.shader.deps  | Resolved Source Tree (Mermaid flowchart) overlay_motion_path_point
+13.02s flowchart LR
+13.02s overlay_motion_path_point_vert.glsl_1416 --> gpu_shader_math_matrix_transform_lib.glsl_833
+13.02s style gpu_shader_math_matrix_transform_lib.glsl_833 fill:#0f0
+13.02s draw_shader_shared.hh_24775 --> GPU_shader_shared_utils.hh_933
+13.02s style GPU_shader_shared_utils.hh_933 fill:#0f0
+13.03s draw_object_infos_infos.hh_3974 --> draw_shader_shared.hh_24775
+13.03s style draw_shader_shared.hh_24775 fill:#f00
+13.03s gpencil_shader_shared.hh_4176 --> GPU_shader_shared_utils.hh_933
+13.03s style GPU_shader_shared_utils.hh_933 fill:#0f0
+13.03s draw_object_infos_infos.hh_3974 --> gpencil_shader_shared.hh_4176
+13.03s style gpencil_shader_shared.hh_4176 fill:#4b0
+13.03s draw_view_infos.hh_5696 --> draw_defines.hh_678
+13.03s style draw_defines.hh_678 fill:#0f0
+13.03s draw_command_shared.hh_1480 --> GPU_shader_shared_utils.hh_933
+13.03s style GPU_shader_shared_utils.hh_933 fill:#0f0
+13.03s draw_view_infos.hh_5696 --> draw_command_shared.hh_1480
+13.03s style draw_command_shared.hh_1480 fill:#1e0
+13.03s draw_view_infos.hh_5696 --> draw_shader_shared.hh_24775
+13.03s style draw_shader_shared.hh_24775 fill:#f00
+13.03s draw_object_infos_infos.hh_3974 --> draw_view_infos.hh_5696
+13.03s style draw_view_infos.hh_5696 fill:#5a0
+13.03s draw_object_infos_infos.hh_3974 --> draw_defines.hh_678
+13.03s style draw_defines.hh_678 fill:#0f0
+13.03s overlay_extra_infos.hh_32368 --> draw_object_infos_infos.hh_3974
+13.03s style draw_object_infos_infos.hh_3974 fill:#3c0
+13.03s overlay_extra_infos.hh_32368 --> draw_view_infos.hh_5696
+13.03s style draw_view_infos.hh_5696 fill:#5a0
+13.03s GPU_shader_shared.hh_13548 --> GPU_shader_shared_utils.hh_933
+13.03s style GPU_shader_shared_utils.hh_933 fill:#0f0
+13.03s gpu_index_load_infos.hh_567 --> GPU_shader_shared.hh_13548
+13.03s style GPU_shader_shared.hh_13548 fill:#d20
+13.03s overlay_extra_infos.hh_32368 --> gpu_index_load_infos.hh_567
+13.03s style gpu_index_load_infos.hh_567 fill:#0f0
+13.03s overlay_shader_shared.hh_16231 --> GPU_shader_shared_utils.hh_933
+13.03s style GPU_shader_shared_utils.hh_933 fill:#0f0
+13.03s overlay_extra_infos.hh_32368 --> overlay_shader_shared.hh_16231
+13.03s style overlay_shader_shared.hh_16231 fill:#f00
+13.03s overlay_common_infos.hh_1184 --> overlay_shader_shared.hh_16231
+13.03s style overlay_shader_shared.hh_16231 fill:#f00
+13.03s overlay_common_infos.hh_1184 --> select_shader_shared.hh_773
+13.03s style select_shader_shared.hh_773 fill:#0f0
+13.03s overlay_common_infos.hh_1184 --> select_defines.hh_108
+13.03s style select_defines.hh_108 fill:#0f0
+13.03s overlay_extra_infos.hh_32368 --> overlay_common_infos.hh_1184
+13.03s style overlay_common_infos.hh_1184 fill:#1e0
+13.03s overlay_motion_path_point_vert.glsl_1416 --> overlay_extra_infos.hh_32368
+13.03s style overlay_extra_infos.hh_32368 fill:#f00
+13.03s overlay_motion_path_point_vert.glsl_1416 --> draw_view_clipping_lib.glsl_1192
+13.03s style draw_view_clipping_lib.glsl_1192 fill:#1e0
+13.03s draw_view_lib.glsl_3779 --> draw_view_infos.hh_5696
+13.03s style draw_view_infos.hh_5696 fill:#5a0
+13.03s overlay_motion_path_point_vert.glsl_1416 --> draw_view_lib.glsl_3779
+13.03s style draw_view_lib.glsl_3779 fill:#3c0
+13.03s 
+13.03s 00:12.415  gpu.shader.deps  | Resolved Source Tree (Mermaid flowchart) 
+13.03s flowchart LR
+13.03s gpu_shader_compat_glsl.glsl_4944 --> gpu_shader_glsl_extension.glsl_644
+13.03s style gpu_shader_glsl_extension.glsl_644 fill:#0f0
+13.03s 
+13.03s 00:12.417  gpu.shader.deps  | Resolved Source Tree (Mermaid flowchart) overlay_motion_path_point
+13.03s flowchart LR
+13.03s draw_shader_shared.hh_24775 --> GPU_shader_shared_utils.hh_933
+13.03s style GPU_shader_shared_utils.hh_933 fill:#0f0
+13.03s draw_object_infos_infos.hh_3974 --> draw_shader_shared.hh_24775
+13.03s style draw_shader_shared.hh_24775 fill:#f00
+13.03s gpencil_shader_shared.hh_4176 --> GPU_shader_shared_utils.hh_933
+13.03s style GPU_shader_shared_utils.hh_933 fill:#0f0
+13.03s draw_object_infos_infos.hh_3974 --> gpencil_shader_shared.hh_4176
+13.03s style gpencil_shader_shared.hh_4176 fill:#4b0
+13.03s draw_view_infos.hh_5696 --> draw_defines.hh_678
+13.03s style draw_defines.hh_678 fill:#0f0
+13.03s draw_command_shared.hh_1480 --> GPU_shader_shared_utils.hh_933
+13.03s style GPU_shader_shared_utils.hh_933 fill:#0f0
+13.03s draw_view_infos.hh_5696 --> draw_command_shared.hh_1480
+13.03s style draw_command_shared.hh_1480 fill:#1e0
+13.03s draw_view_infos.hh_5696 --> draw_shader_shared.hh_24775
+13.03s style draw_shader_shared.hh_24775 fill:#f00
+13.03s draw_object_infos_infos.hh_3974 --> draw_view_infos.hh_5696
+13.03s style draw_view_infos.hh_5696 fill:#5a0
+13.03s draw_object_infos_infos.hh_3974 --> draw_defines.hh_678
+13.03s style draw_defines.hh_678 fill:#0f0
+13.03s overlay_extra_infos.hh_32368 --> draw_object_infos_infos.hh_3974
+13.03s style draw_object_infos_infos.hh_3974 fill:#3c0
+13.03s overlay_extra_infos.hh_32368 --> draw_view_infos.hh_5696
+13.03s style draw_view_infos.hh_5696 fill:#5a0
+13.03s GPU_shader_shared.hh_13548 --> GPU_shader_shared_utils.hh_933
+13.03s style GPU_shader_shared_utils.hh_933 fill:#0f0
+13.03s gpu_index_load_infos.hh_567 --> GPU_shader_shared.hh_13548
+13.03s style GPU_shader_shared.hh_13548 fill:#d20
+13.03s overlay_extra_infos.hh_32368 --> gpu_index_load_infos.hh_567
+13.03s style gpu_index_load_infos.hh_567 fill:#0f0
+13.03s overlay_shader_shared.hh_16231 --> GPU_shader_shared_utils.hh_933
+13.03s style GPU_shader_shared_utils.hh_933 fill:#0f0
+13.03s overlay_extra_infos.hh_32368 --> overlay_shader_shared.hh_16231
+13.03s style overlay_shader_shared.hh_16231 fill:#f00
+13.03s overlay_common_infos.hh_1184 --> overlay_shader_shared.hh_16231
+13.03s style overlay_shader_shared.hh_16231 fill:#f00
+13.03s overlay_common_infos.hh_1184 --> select_shader_shared.hh_773
+13.03s style select_shader_shared.hh_773 fill:#0f0
+13.03s overlay_common_infos.hh_1184 --> select_defines.hh_108
+13.03s style select_defines.hh_108 fill:#0f0
+13.03s overlay_extra_infos.hh_32368 --> overlay_common_infos.hh_1184
+13.03s style overlay_common_infos.hh_1184 fill:#1e0
+13.03s overlay_point_varying_color_frag.glsl_729 --> overlay_extra_infos.hh_32368
+13.03s style overlay_extra_infos.hh_32368 fill:#f00
+13.03s overlay_point_varying_color_frag.glsl_729 --> select_lib.glsl_1221
+13.03s style select_lib.glsl_1221 fill:#1e0
+13.03s 
+13.03s 00:12.417  gpu.shader.deps  | Resolved Source Tree (Mermaid flowchart) 
+13.03s flowchart LR
+13.03s gpu_shader_compat_glsl.glsl_4944 --> gpu_shader_glsl_extension.glsl_644
+13.03s style gpu_shader_glsl_extension.glsl_644 fill:#0f0
+13.03s 
+13.16s 00:12.552  gpu.shader       | Compiling Shader "overlay_outline_detect"
+13.16s 00:12.552  gpu.shader.deps  | Resolved Source Tree (Mermaid flowchart) overlay_outline_detect
+13.16s flowchart LR
+13.16s overlay_fullscreen_vert.glsl_178 --> overlay_fullscreen_infos.hh_482
+13.16s style overlay_fullscreen_infos.hh_482 fill:#0f0
+13.16s draw_shader_shared.hh_24775 --> GPU_shader_shared_utils.hh_933
+13.16s style GPU_shader_shared_utils.hh_933 fill:#0f0
+13.16s draw_object_infos_infos.hh_3974 --> draw_shader_shared.hh_24775
+13.17s style draw_shader_shared.hh_24775 fill:#f00
+13.17s gpencil_shader_shared.hh_4176 --> GPU_shader_shared_utils.hh_933
+13.17s style GPU_shader_shared_utils.hh_933 fill:#0f0
+13.17s draw_object_infos_infos.hh_3974 --> gpencil_shader_shared.hh_4176
+13.17s style gpencil_shader_shared.hh_4176 fill:#4b0
+13.17s draw_view_infos.hh_5696 --> draw_defines.hh_678
+13.17s style draw_defines.hh_678 fill:#0f0
+13.17s draw_command_shared.hh_1480 --> GPU_shader_shared_utils.hh_933
+13.17s style GPU_shader_shared_utils.hh_933 fill:#0f0
+13.17s draw_view_infos.hh_5696 --> draw_command_shared.hh_1480
+13.17s style draw_command_shared.hh_1480 fill:#1e0
+13.17s draw_view_infos.hh_5696 --> draw_shader_shared.hh_24775
+13.17s style draw_shader_shared.hh_24775 fill:#f00
+13.17s draw_object_infos_infos.hh_3974 --> draw_view_infos.hh_5696
+13.17s style draw_view_infos.hh_5696 fill:#5a0
+13.17s draw_object_infos_infos.hh_3974 --> draw_defines.hh_678
+13.17s style draw_defines.hh_678 fill:#0f0
+13.17s overlay_outline_infos.hh_6420 --> draw_object_infos_infos.hh_3974
+13.17s style draw_object_infos_infos.hh_3974 fill:#3c0
+13.17s overlay_outline_infos.hh_6420 --> draw_view_infos.hh_5696
+13.17s style draw_view_infos.hh_5696 fill:#5a0
+13.17s GPU_shader_shared.hh_13548 --> GPU_shader_shared_utils.hh_933
+13.17s style GPU_shader_shared_utils.hh_933 fill:#0f0
+13.17s gpu_index_load_infos.hh_567 --> GPU_shader_shared.hh_13548
+13.17s style GPU_shader_shared.hh_13548 fill:#d20
+13.17s overlay_outline_infos.hh_6420 --> gpu_index_load_infos.hh_567
+13.17s style gpu_index_load_infos.hh_567 fill:#0f0
+13.17s overlay_outline_infos.hh_6420 --> overlay_fullscreen_infos.hh_482
+13.17s style overlay_fullscreen_infos.hh_482 fill:#0f0
+13.17s overlay_shader_shared.hh_16231 --> GPU_shader_shared_utils.hh_933
+13.17s style GPU_shader_shared_utils.hh_933 fill:#0f0
+13.17s overlay_outline_infos.hh_6420 --> overlay_shader_shared.hh_16231
+13.17s style overlay_shader_shared.hh_16231 fill:#f00
+13.17s overlay_common_infos.hh_1184 --> overlay_shader_shared.hh_16231
+13.17s style overlay_shader_shared.hh_16231 fill:#f00
+13.17s overlay_common_infos.hh_1184 --> select_shader_shared.hh_773
+13.17s style select_shader_shared.hh_773 fill:#0f0
+13.17s overlay_common_infos.hh_1184 --> select_defines.hh_108
+13.17s style select_defines.hh_108 fill:#0f0
+13.17s overlay_outline_infos.hh_6420 --> overlay_common_infos.hh_1184
+13.17s style overlay_common_infos.hh_1184 fill:#1e0
+13.17s overlay_fullscreen_vert.glsl_178 --> overlay_outline_infos.hh_6420
+13.17s style overlay_outline_infos.hh_6420 fill:#690
+13.17s overlay_fullscreen_vert.glsl_178 --> gpu_shader_fullscreen_lib.glsl_455
+13.17s style gpu_shader_fullscreen_lib.glsl_455 fill:#0f0
+13.17s 
+13.17s 00:12.552  gpu.shader.deps  | Resolved Source Tree (Mermaid flowchart) 
+13.17s flowchart LR
+13.17s gpu_shader_compat_glsl.glsl_4944 --> gpu_shader_glsl_extension.glsl_644
+13.17s style gpu_shader_glsl_extension.glsl_644 fill:#0f0
+13.17s 
+13.17s 00:12.553  gpu.shader.deps  | Resolved Source Tree (Mermaid flowchart) overlay_outline_detect
+13.17s flowchart LR
+13.17s draw_shader_shared.hh_24775 --> GPU_shader_shared_utils.hh_933
+13.17s style GPU_shader_shared_utils.hh_933 fill:#0f0
+13.17s draw_object_infos_infos.hh_3974 --> draw_shader_shared.hh_24775
+13.17s style draw_shader_shared.hh_24775 fill:#f00
+13.17s gpencil_shader_shared.hh_4176 --> GPU_shader_shared_utils.hh_933
+13.17s style GPU_shader_shared_utils.hh_933 fill:#0f0
+13.17s draw_object_infos_infos.hh_3974 --> gpencil_shader_shared.hh_4176
+13.17s style gpencil_shader_shared.hh_4176 fill:#4b0
+13.17s draw_view_infos.hh_5696 --> draw_defines.hh_678
+13.17s style draw_defines.hh_678 fill:#0f0
+13.17s draw_command_shared.hh_1480 --> GPU_shader_shared_utils.hh_933
+13.17s style GPU_shader_shared_utils.hh_933 fill:#0f0
+13.17s draw_view_infos.hh_5696 --> draw_command_shared.hh_1480
+13.17s style draw_command_shared.hh_1480 fill:#1e0
+13.17s draw_view_infos.hh_5696 --> draw_shader_shared.hh_24775
+13.17s style draw_shader_shared.hh_24775 fill:#f00
+13.17s draw_object_infos_infos.hh_3974 --> draw_view_infos.hh_5696
+13.17s style draw_view_infos.hh_5696 fill:#5a0
+13.17s draw_object_infos_infos.hh_3974 --> draw_defines.hh_678
+13.17s style draw_defines.hh_678 fill:#0f0
+13.17s overlay_outline_infos.hh_6420 --> draw_object_infos_infos.hh_3974
+13.17s style draw_object_infos_infos.hh_3974 fill:#3c0
+13.17s overlay_outline_infos.hh_6420 --> draw_view_infos.hh_5696
+13.17s style draw_view_infos.hh_5696 fill:#5a0
+13.17s GPU_shader_shared.hh_13548 --> GPU_shader_shared_utils.hh_933
+13.17s style GPU_shader_shared_utils.hh_933 fill:#0f0
+13.17s gpu_index_load_infos.hh_567 --> GPU_shader_shared.hh_13548
+13.17s style GPU_shader_shared.hh_13548 fill:#d20
+13.17s overlay_outline_infos.hh_6420 --> gpu_index_load_infos.hh_567
+13.17s style gpu_index_load_infos.hh_567 fill:#0f0
+13.17s overlay_outline_infos.hh_6420 --> overlay_fullscreen_infos.hh_482
+13.17s style overlay_fullscreen_infos.hh_482 fill:#0f0
+13.17s overlay_shader_shared.hh_16231 --> GPU_shader_shared_utils.hh_933
+13.17s style GPU_shader_shared_utils.hh_933 fill:#0f0
+13.17s overlay_outline_infos.hh_6420 --> overlay_shader_shared.hh_16231
+13.17s style overlay_shader_shared.hh_16231 fill:#f00
+13.17s overlay_common_infos.hh_1184 --> overlay_shader_shared.hh_16231
+13.17s style overlay_shader_shared.hh_16231 fill:#f00
+13.17s overlay_common_infos.hh_1184 --> select_shader_shared.hh_773
+13.17s style select_shader_shared.hh_773 fill:#0f0
+13.17s overlay_common_infos.hh_1184 --> select_defines.hh_108
+13.17s style select_defines.hh_108 fill:#0f0
+13.17s overlay_outline_infos.hh_6420 --> overlay_common_infos.hh_1184
+13.17s style overlay_common_infos.hh_1184 fill:#1e0
+13.17s overlay_outline_detect_frag.glsl_10456 --> overlay_outline_infos.hh_6420
+13.17s style overlay_outline_infos.hh_6420 fill:#690
+13.17s draw_view_lib.glsl_3779 --> draw_view_infos.hh_5696
+13.17s style draw_view_infos.hh_5696 fill:#5a0
+13.17s overlay_outline_detect_frag.glsl_10456 --> draw_view_lib.glsl_3779
+13.17s style draw_view_lib.glsl_3779 fill:#3c0
+13.17s overlay_common_lib.glsl_1652 --> draw_view_lib.glsl_3779
+13.17s style draw_view_lib.glsl_3779 fill:#3c0
+13.17s overlay_outline_detect_frag.glsl_10456 --> overlay_common_lib.glsl_1652
+13.17s style overlay_common_lib.glsl_1652 fill:#1e0
+13.17s 
+13.17s 00:12.553  gpu.shader.deps  | Resolved Source Tree (Mermaid flowchart) 
+13.17s flowchart LR
+13.17s gpu_shader_compat_glsl.glsl_4944 --> gpu_shader_glsl_extension.glsl_644
+13.17s style gpu_shader_glsl_extension.glsl_644 fill:#0f0
+13.17s 
+13.30s 00:12.697  gpu.shader       | Compiling Shader "overlay_outline_prepass_curves"
+13.30s 00:12.697  gpu.shader.deps  | Resolved Source Tree (Mermaid flowchart) overlay_outline_prepass_curves
+13.30s flowchart LR
+13.30s draw_shader_shared.hh_24775 --> GPU_shader_shared_utils.hh_933
+13.30s style GPU_shader_shared_utils.hh_933 fill:#0f0
+13.30s draw_object_infos_infos.hh_3974 --> draw_shader_shared.hh_24775
+13.30s style draw_shader_shared.hh_24775 fill:#f00
+13.30s gpencil_shader_shared.hh_4176 --> GPU_shader_shared_utils.hh_933
+13.31s style GPU_shader_shared_utils.hh_933 fill:#0f0
+13.31s draw_object_infos_infos.hh_3974 --> gpencil_shader_shared.hh_4176
+13.31s style gpencil_shader_shared.hh_4176 fill:#4b0
+13.31s draw_view_infos.hh_5696 --> draw_defines.hh_678
+13.31s style draw_defines.hh_678 fill:#0f0
+13.31s draw_command_shared.hh_1480 --> GPU_shader_shared_utils.hh_933
+13.31s style GPU_shader_shared_utils.hh_933 fill:#0f0
+13.31s draw_view_infos.hh_5696 --> draw_command_shared.hh_1480
+13.31s style draw_command_shared.hh_1480 fill:#1e0
+13.31s draw_view_infos.hh_5696 --> draw_shader_shared.hh_24775
+13.31s style draw_shader_shared.hh_24775 fill:#f00
+13.31s draw_object_infos_infos.hh_3974 --> draw_view_infos.hh_5696
+13.31s style draw_view_infos.hh_5696 fill:#5a0
+13.31s draw_object_infos_infos.hh_3974 --> draw_defines.hh_678
+13.31s style draw_defines.hh_678 fill:#0f0
+13.31s overlay_outline_infos.hh_6420 --> draw_object_infos_infos.hh_3974
+13.31s style draw_object_infos_infos.hh_3974 fill:#3c0
+13.31s overlay_outline_infos.hh_6420 --> draw_view_infos.hh_5696
+13.31s style draw_view_infos.hh_5696 fill:#5a0
+13.31s GPU_shader_shared.hh_13548 --> GPU_shader_shared_utils.hh_933
+13.31s style GPU_shader_shared_utils.hh_933 fill:#0f0
+13.31s gpu_index_load_infos.hh_567 --> GPU_shader_shared.hh_13548
+13.31s style GPU_shader_shared.hh_13548 fill:#d20
+13.31s overlay_outline_infos.hh_6420 --> gpu_index_load_infos.hh_567
+13.31s style gpu_index_load_infos.hh_567 fill:#0f0
+13.31s overlay_outline_infos.hh_6420 --> overlay_fullscreen_infos.hh_482
+13.31s style overlay_fullscreen_infos.hh_482 fill:#0f0
+13.31s overlay_shader_shared.hh_16231 --> GPU_shader_shared_utils.hh_933
+13.31s style GPU_shader_shared_utils.hh_933 fill:#0f0
+13.31s overlay_outline_infos.hh_6420 --> overlay_shader_shared.hh_16231
+13.31s style overlay_shader_shared.hh_16231 fill:#f00
+13.31s overlay_common_infos.hh_1184 --> overlay_shader_shared.hh_16231
+13.31s style overlay_shader_shared.hh_16231 fill:#f00
+13.31s overlay_common_infos.hh_1184 --> select_shader_shared.hh_773
+13.31s style select_shader_shared.hh_773 fill:#0f0
+13.31s overlay_common_infos.hh_1184 --> select_defines.hh_108
+13.31s style select_defines.hh_108 fill:#0f0
+13.31s overlay_outline_infos.hh_6420 --> overlay_common_infos.hh_1184
+13.31s style overlay_common_infos.hh_1184 fill:#1e0
+13.31s overlay_outline_prepass_curves_vert.glsl_1289 --> overlay_outline_infos.hh_6420
+13.31s style overlay_outline_infos.hh_6420 fill:#690
+13.31s draw_curves_lib.glsl_7890 --> draw_object_infos_infos.hh_3974
+13.31s style draw_object_infos_infos.hh_3974 fill:#3c0
+13.31s draw_curves_lib.glsl_7890 --> gpu_shader_math_constants_lib.glsl_604
+13.31s style gpu_shader_math_constants_lib.glsl_604 fill:#0f0
+13.31s gpu_shader_math_matrix_conversion_lib.glsl_988 --> gpu_shader_math_base_lib.glsl_1464
+13.31s style gpu_shader_math_base_lib.glsl_1464 fill:#1e0
+13.31s gpu_shader_math_matrix_conversion_lib.glsl_988 --> gpu_shader_math_euler_lib.glsl_722
+13.31s style gpu_shader_math_euler_lib.glsl_722 fill:#0f0
+13.31s gpu_shader_math_matrix_compare_lib.glsl_3039 --> gpu_shader_math_vector_compare_lib.glsl_2302
+13.31s style gpu_shader_math_vector_compare_lib.glsl_2302 fill:#2d0
+13.31s gpu_shader_math_matrix_conversion_lib.glsl_988 --> gpu_shader_math_matrix_compare_lib.glsl_3039
+13.31s style gpu_shader_math_matrix_compare_lib.glsl_3039 fill:#3c0
+13.31s gpu_shader_math_matrix_conversion_lib.glsl_988 --> gpu_shader_math_quaternion_lib.glsl_1440
+13.31s style gpu_shader_math_quaternion_lib.glsl_1440 fill:#1e0
+13.31s gpu_shader_math_matrix_conversion_lib.glsl_988 --> gpu_shader_utildefines_lib.glsl_3296
+13.31s style gpu_shader_utildefines_lib.glsl_3296 fill:#3c0
+13.31s draw_curves_lib.glsl_7890 --> gpu_shader_math_matrix_conversion_lib.glsl_988
+13.31s style gpu_shader_math_matrix_conversion_lib.glsl_988 fill:#0f0
+13.31s draw_curves_lib.glsl_7890 --> gpu_shader_math_matrix_transform_lib.glsl_833
+13.31s style gpu_shader_math_matrix_transform_lib.glsl_833 fill:#0f0
+13.31s overlay_outline_prepass_curves_vert.glsl_1289 --> draw_curves_lib.glsl_7890
+13.31s style draw_curves_lib.glsl_7890 fill:#780
+13.31s draw_model_lib.glsl_2881 --> draw_view_infos.hh_5696
+13.31s style draw_view_infos.hh_5696 fill:#5a0
+13.31s draw_view_lib.glsl_3779 --> draw_view_infos.hh_5696
+13.31s style draw_view_infos.hh_5696 fill:#5a0
+13.31s draw_model_lib.glsl_2881 --> draw_view_lib.glsl_3779
+13.31s style draw_view_lib.glsl_3779 fill:#3c0
+13.31s overlay_outline_prepass_curves_vert.glsl_1289 --> draw_model_lib.glsl_2881
+13.31s style draw_model_lib.glsl_2881 fill:#2d0
+13.31s draw_object_infos_lib.glsl_542 --> draw_object_infos_infos.hh_3974
+13.31s style draw_object_infos_infos.hh_3974 fill:#3c0
+13.31s draw_object_infos_lib.glsl_542 --> draw_model_lib.glsl_2881
+13.31s style draw_model_lib.glsl_2881 fill:#2d0
+13.31s overlay_outline_prepass_curves_vert.glsl_1289 --> draw_object_infos_lib.glsl_542
+13.31s style draw_object_infos_lib.glsl_542 fill:#0f0
+13.31s overlay_outline_prepass_curves_vert.glsl_1289 --> draw_view_clipping_lib.glsl_1192
+13.31s style draw_view_clipping_lib.glsl_1192 fill:#1e0
+13.31s overlay_outline_prepass_curves_vert.glsl_1289 --> draw_view_lib.glsl_3779
+13.31s style draw_view_lib.glsl_3779 fill:#3c0
+13.31s overlay_outline_prepass_curves_vert.glsl_1289 --> gpu_shader_utildefines_lib.glsl_3296
+13.31s style gpu_shader_utildefines_lib.glsl_3296 fill:#3c0
+13.31s 
+13.31s 00:12.698  gpu.shader.deps  | Resolved Source Tree (Mermaid flowchart) 
+13.31s flowchart LR
+13.31s gpu_shader_compat_glsl.glsl_4944 --> gpu_shader_glsl_extension.glsl_644
+13.31s style gpu_shader_glsl_extension.glsl_644 fill:#0f0
+13.31s 
+13.31s 00:12.699  gpu.shader.deps  | Resolved Source Tree (Mermaid flowchart) overlay_outline_prepass_curves
+13.31s flowchart LR
+13.31s draw_shader_shared.hh_24775 --> GPU_shader_shared_utils.hh_933
+13.31s style GPU_shader_shared_utils.hh_933 fill:#0f0
+13.31s draw_object_infos_infos.hh_3974 --> draw_shader_shared.hh_24775
+13.31s style draw_shader_shared.hh_24775 fill:#f00
+13.31s gpencil_shader_shared.hh_4176 --> GPU_shader_shared_utils.hh_933
+13.31s style GPU_shader_shared_utils.hh_933 fill:#0f0
+13.31s draw_object_infos_infos.hh_3974 --> gpencil_shader_shared.hh_4176
+13.31s style gpencil_shader_shared.hh_4176 fill:#4b0
+13.31s draw_view_infos.hh_5696 --> draw_defines.hh_678
+13.31s style draw_defines.hh_678 fill:#0f0
+13.31s draw_command_shared.hh_1480 --> GPU_shader_shared_utils.hh_933
+13.31s style GPU_shader_shared_utils.hh_933 fill:#0f0
+13.31s draw_view_infos.hh_5696 --> draw_command_shared.hh_1480
+13.31s style draw_command_shared.hh_1480 fill:#1e0
+13.31s draw_view_infos.hh_5696 --> draw_shader_shared.hh_24775
+13.31s style draw_shader_shared.hh_24775 fill:#f00
+13.31s draw_object_infos_infos.hh_3974 --> draw_view_infos.hh_5696
+13.31s style draw_view_infos.hh_5696 fill:#5a0
+13.31s draw_object_infos_infos.hh_3974 --> draw_defines.hh_678
+13.31s style draw_defines.hh_678 fill:#0f0
+13.31s overlay_outline_infos.hh_6420 --> draw_object_infos_infos.hh_3974
+13.31s style draw_object_infos_infos.hh_3974 fill:#3c0
+13.31s overlay_outline_infos.hh_6420 --> draw_view_infos.hh_5696
+13.31s style draw_view_infos.hh_5696 fill:#5a0
+13.31s GPU_shader_shared.hh_13548 --> GPU_shader_shared_utils.hh_933
+13.31s style GPU_shader_shared_utils.hh_933 fill:#0f0
+13.31s gpu_index_load_infos.hh_567 --> GPU_shader_shared.hh_13548
+13.31s style GPU_shader_shared.hh_13548 fill:#d20
+13.31s overlay_outline_infos.hh_6420 --> gpu_index_load_infos.hh_567
+13.31s style gpu_index_load_infos.hh_567 fill:#0f0
+13.31s overlay_outline_infos.hh_6420 --> overlay_fullscreen_infos.hh_482
+13.31s style overlay_fullscreen_infos.hh_482 fill:#0f0
+13.31s overlay_shader_shared.hh_16231 --> GPU_shader_shared_utils.hh_933
+13.31s style GPU_shader_shared_utils.hh_933 fill:#0f0
+13.31s overlay_outline_infos.hh_6420 --> overlay_shader_shared.hh_16231
+13.31s style overlay_shader_shared.hh_16231 fill:#f00
+13.31s overlay_common_infos.hh_1184 --> overlay_shader_shared.hh_16231
+13.31s style overlay_shader_shared.hh_16231 fill:#f00
+13.31s overlay_common_infos.hh_1184 --> select_shader_shared.hh_773
+13.31s style select_shader_shared.hh_773 fill:#0f0
+13.31s overlay_common_infos.hh_1184 --> select_defines.hh_108
+13.31s style select_defines.hh_108 fill:#0f0
+13.31s overlay_outline_infos.hh_6420 --> overlay_common_infos.hh_1184
+13.31s style overlay_common_infos.hh_1184 fill:#1e0
+13.31s overlay_outline_prepass_frag.glsl_156 --> overlay_outline_infos.hh_6420
+13.31s style overlay_outline_infos.hh_6420 fill:#690
+13.31s 
+13.31s 00:12.699  gpu.shader.deps  | Resolved Source Tree (Mermaid flowchart) 
+13.31s flowchart LR
+13.31s gpu_shader_compat_glsl.glsl_4944 --> gpu_shader_glsl_extension.glsl_644
+13.31s style gpu_shader_glsl_extension.glsl_644 fill:#0f0
+13.31s 
+13.45s 00:12.840  gpu.shader       | Compiling Shader "overlay_outline_prepass_gpencil"
+13.45s 00:12.840  gpu.shader.deps  | Resolved Source Tree (Mermaid flowchart) overlay_outline_prepass_gpencil
+13.45s flowchart LR
+13.45s draw_shader_shared.hh_24775 --> GPU_shader_shared_utils.hh_933
+13.45s style GPU_shader_shared_utils.hh_933 fill:#0f0
+13.45s draw_object_infos_infos.hh_3974 --> draw_shader_shared.hh_24775
+13.45s style draw_shader_shared.hh_24775 fill:#f00
+13.45s gpencil_shader_shared.hh_4176 --> GPU_shader_shared_utils.hh_933
+13.45s style GPU_shader_shared_utils.hh_933 fill:#0f0
+13.45s draw_object_infos_infos.hh_3974 --> gpencil_shader_shared.hh_4176
+13.45s style gpencil_shader_shared.hh_4176 fill:#4b0
+13.45s draw_view_infos.hh_5696 --> draw_defines.hh_678
+13.46s style draw_defines.hh_678 fill:#0f0
+13.46s draw_command_shared.hh_1480 --> GPU_shader_shared_utils.hh_933
+13.46s style GPU_shader_shared_utils.hh_933 fill:#0f0
+13.46s draw_view_infos.hh_5696 --> draw_command_shared.hh_1480
+13.46s style draw_command_shared.hh_1480 fill:#1e0
+13.46s draw_view_infos.hh_5696 --> draw_shader_shared.hh_24775
+13.46s style draw_shader_shared.hh_24775 fill:#f00
+13.46s draw_object_infos_infos.hh_3974 --> draw_view_infos.hh_5696
+13.46s style draw_view_infos.hh_5696 fill:#5a0
+13.46s draw_object_infos_infos.hh_3974 --> draw_defines.hh_678
+13.46s style draw_defines.hh_678 fill:#0f0
+13.46s overlay_outline_infos.hh_6420 --> draw_object_infos_infos.hh_3974
+13.46s style draw_object_infos_infos.hh_3974 fill:#3c0
+13.46s overlay_outline_infos.hh_6420 --> draw_view_infos.hh_5696
+13.46s style draw_view_infos.hh_5696 fill:#5a0
+13.46s GPU_shader_shared.hh_13548 --> GPU_shader_shared_utils.hh_933
+13.46s style GPU_shader_shared_utils.hh_933 fill:#0f0
+13.46s gpu_index_load_infos.hh_567 --> GPU_shader_shared.hh_13548
+13.46s style GPU_shader_shared.hh_13548 fill:#d20
+13.46s overlay_outline_infos.hh_6420 --> gpu_index_load_infos.hh_567
+13.46s style gpu_index_load_infos.hh_567 fill:#0f0
+13.46s overlay_outline_infos.hh_6420 --> overlay_fullscreen_infos.hh_482
+13.46s style overlay_fullscreen_infos.hh_482 fill:#0f0
+13.46s overlay_shader_shared.hh_16231 --> GPU_shader_shared_utils.hh_933
+13.46s style GPU_shader_shared_utils.hh_933 fill:#0f0
+13.46s overlay_outline_infos.hh_6420 --> overlay_shader_shared.hh_16231
+13.46s style overlay_shader_shared.hh_16231 fill:#f00
+13.46s overlay_common_infos.hh_1184 --> overlay_shader_shared.hh_16231
+13.46s style overlay_shader_shared.hh_16231 fill:#f00
+13.46s overlay_common_infos.hh_1184 --> select_shader_shared.hh_773
+13.46s style select_shader_shared.hh_773 fill:#0f0
+13.46s overlay_common_infos.hh_1184 --> select_defines.hh_108
+13.46s style select_defines.hh_108 fill:#0f0
+13.46s overlay_outline_infos.hh_6420 --> overlay_common_infos.hh_1184
+13.46s style overlay_common_infos.hh_1184 fill:#1e0
+13.46s overlay_outline_prepass_gpencil_vert.glsl_1551 --> overlay_outline_infos.hh_6420
+13.46s style overlay_outline_infos.hh_6420 fill:#690
+13.46s draw_grease_pencil_lib.glsl_21395 --> draw_object_infos_infos.hh_3974
+13.46s style draw_object_infos_infos.hh_3974 fill:#3c0
+13.46s draw_model_lib.glsl_2881 --> draw_view_infos.hh_5696
+13.46s style draw_view_infos.hh_5696 fill:#5a0
+13.46s draw_view_lib.glsl_3779 --> draw_view_infos.hh_5696
+13.46s style draw_view_infos.hh_5696 fill:#5a0
+13.46s draw_model_lib.glsl_2881 --> draw_view_lib.glsl_3779
+13.46s style draw_view_lib.glsl_3779 fill:#3c0
+13.46s draw_grease_pencil_lib.glsl_21395 --> draw_model_lib.glsl_2881
+13.46s style draw_model_lib.glsl_2881 fill:#2d0
+13.46s draw_object_infos_lib.glsl_542 --> draw_object_infos_infos.hh_3974
+13.46s style draw_object_infos_infos.hh_3974 fill:#3c0
+13.46s draw_object_infos_lib.glsl_542 --> draw_model_lib.glsl_2881
+13.46s style draw_model_lib.glsl_2881 fill:#2d0
+13.46s draw_grease_pencil_lib.glsl_21395 --> draw_object_infos_lib.glsl_542
+13.46s style draw_object_infos_lib.glsl_542 fill:#0f0
+13.46s draw_grease_pencil_lib.glsl_21395 --> draw_view_lib.glsl_3779
+13.46s style draw_view_lib.glsl_3779 fill:#3c0
+13.46s draw_grease_pencil_lib.glsl_21395 --> gpu_shader_math_constants_lib.glsl_604
+13.46s style gpu_shader_math_constants_lib.glsl_604 fill:#0f0
+13.46s draw_grease_pencil_lib.glsl_21395 --> gpu_shader_math_matrix_transform_lib.glsl_833
+13.46s style gpu_shader_math_matrix_transform_lib.glsl_833 fill:#0f0
+13.46s draw_grease_pencil_lib.glsl_21395 --> gpu_shader_math_vector_lib.glsl_4416
+13.46s style gpu_shader_math_vector_lib.glsl_4416 fill:#4b0
+13.46s gpu_shader_math_safe_lib.glsl_1274 --> gpu_shader_math_constants_lib.glsl_604
+13.46s style gpu_shader_math_constants_lib.glsl_604 fill:#0f0
+13.46s gpu_shader_math_vector_safe_lib.glsl_6451 --> gpu_shader_math_safe_lib.glsl_1274
+13.46s style gpu_shader_math_safe_lib.glsl_1274 fill:#1e0
+13.46s draw_grease_pencil_lib.glsl_21395 --> gpu_shader_math_vector_safe_lib.glsl_6451
+13.46s style gpu_shader_math_vector_safe_lib.glsl_6451 fill:#690
+13.46s draw_grease_pencil_lib.glsl_21395 --> gpu_shader_utildefines_lib.glsl_3296
+13.46s style gpu_shader_utildefines_lib.glsl_3296 fill:#3c0
+13.46s overlay_outline_prepass_gpencil_vert.glsl_1551 --> draw_grease_pencil_lib.glsl_21395
+13.46s style draw_grease_pencil_lib.glsl_21395 fill:#f00
+13.46s overlay_outline_prepass_gpencil_vert.glsl_1551 --> draw_model_lib.glsl_2881
+13.46s style draw_model_lib.glsl_2881 fill:#2d0
+13.46s overlay_outline_prepass_gpencil_vert.glsl_1551 --> draw_object_infos_lib.glsl_542
+13.46s style draw_object_infos_lib.glsl_542 fill:#0f0
+13.46s overlay_outline_prepass_gpencil_vert.glsl_1551 --> draw_view_clipping_lib.glsl_1192
+13.46s style draw_view_clipping_lib.glsl_1192 fill:#1e0
+13.46s overlay_outline_prepass_gpencil_vert.glsl_1551 --> draw_view_lib.glsl_3779
+13.46s style draw_view_lib.glsl_3779 fill:#3c0
+13.46s 
+13.46s 00:12.840  gpu.shader.deps  | Resolved Source Tree (Mermaid flowchart) 
+13.46s flowchart LR
+13.46s gpu_shader_compat_glsl.glsl_4944 --> gpu_shader_glsl_extension.glsl_644
+13.46s style gpu_shader_glsl_extension.glsl_644 fill:#0f0
+13.46s 
+13.46s 00:12.842  gpu.shader.deps  | Resolved Source Tree (Mermaid flowchart) overlay_outline_prepass_gpencil
+13.46s flowchart LR
+13.46s draw_shader_shared.hh_24775 --> GPU_shader_shared_utils.hh_933
+13.46s style GPU_shader_shared_utils.hh_933 fill:#0f0
+13.46s draw_object_infos_infos.hh_3974 --> draw_shader_shared.hh_24775
+13.46s style draw_shader_shared.hh_24775 fill:#f00
+13.46s gpencil_shader_shared.hh_4176 --> GPU_shader_shared_utils.hh_933
+13.46s style GPU_shader_shared_utils.hh_933 fill:#0f0
+13.46s draw_object_infos_infos.hh_3974 --> gpencil_shader_shared.hh_4176
+13.46s style gpencil_shader_shared.hh_4176 fill:#4b0
+13.46s draw_view_infos.hh_5696 --> draw_defines.hh_678
+13.46s style draw_defines.hh_678 fill:#0f0
+13.46s draw_command_shared.hh_1480 --> GPU_shader_shared_utils.hh_933
+13.46s style GPU_shader_shared_utils.hh_933 fill:#0f0
+13.46s draw_view_infos.hh_5696 --> draw_command_shared.hh_1480
+13.46s style draw_command_shared.hh_1480 fill:#1e0
+13.46s draw_view_infos.hh_5696 --> draw_shader_shared.hh_24775
+13.46s style draw_shader_shared.hh_24775 fill:#f00
+13.46s draw_object_infos_infos.hh_3974 --> draw_view_infos.hh_5696
+13.46s style draw_view_infos.hh_5696 fill:#5a0
+13.46s draw_object_infos_infos.hh_3974 --> draw_defines.hh_678
+13.46s style draw_defines.hh_678 fill:#0f0
+13.46s overlay_outline_infos.hh_6420 --> draw_object_infos_infos.hh_3974
+13.46s style draw_object_infos_infos.hh_3974 fill:#3c0
+13.46s overlay_outline_infos.hh_6420 --> draw_view_infos.hh_5696
+13.46s style draw_view_infos.hh_5696 fill:#5a0
+13.46s GPU_shader_shared.hh_13548 --> GPU_shader_shared_utils.hh_933
+13.46s style GPU_shader_shared_utils.hh_933 fill:#0f0
+13.46s gpu_index_load_infos.hh_567 --> GPU_shader_shared.hh_13548
+13.46s style GPU_shader_shared.hh_13548 fill:#d20
+13.46s overlay_outline_infos.hh_6420 --> gpu_index_load_infos.hh_567
+13.46s style gpu_index_load_infos.hh_567 fill:#0f0
+13.46s overlay_outline_infos.hh_6420 --> overlay_fullscreen_infos.hh_482
+13.46s style overlay_fullscreen_infos.hh_482 fill:#0f0
+13.46s overlay_shader_shared.hh_16231 --> GPU_shader_shared_utils.hh_933
+13.46s style GPU_shader_shared_utils.hh_933 fill:#0f0
+13.46s overlay_outline_infos.hh_6420 --> overlay_shader_shared.hh_16231
+13.46s style overlay_shader_shared.hh_16231 fill:#f00
+13.46s overlay_common_infos.hh_1184 --> overlay_shader_shared.hh_16231
+13.46s style overlay_shader_shared.hh_16231 fill:#f00
+13.46s overlay_common_infos.hh_1184 --> select_shader_shared.hh_773
+13.46s style select_shader_shared.hh_773 fill:#0f0
+13.46s overlay_common_infos.hh_1184 --> select_defines.hh_108
+13.46s style select_defines.hh_108 fill:#0f0
+13.46s overlay_outline_infos.hh_6420 --> overlay_common_infos.hh_1184
+13.46s style overlay_common_infos.hh_1184 fill:#1e0
+13.46s overlay_outline_prepass_gpencil_frag.glsl_1732 --> overlay_outline_infos.hh_6420
+13.46s style overlay_outline_infos.hh_6420 fill:#690
+13.46s draw_grease_pencil_lib.glsl_21395 --> draw_object_infos_infos.hh_3974
+13.46s style draw_object_infos_infos.hh_3974 fill:#3c0
+13.46s draw_model_lib.glsl_2881 --> draw_view_infos.hh_5696
+13.46s style draw_view_infos.hh_5696 fill:#5a0
+13.46s draw_view_lib.glsl_3779 --> draw_view_infos.hh_5696
+13.46s style draw_view_infos.hh_5696 fill:#5a0
+13.46s draw_model_lib.glsl_2881 --> draw_view_lib.glsl_3779
+13.46s style draw_view_lib.glsl_3779 fill:#3c0
+13.46s draw_grease_pencil_lib.glsl_21395 --> draw_model_lib.glsl_2881
+13.46s style draw_model_lib.glsl_2881 fill:#2d0
+13.46s draw_object_infos_lib.glsl_542 --> draw_object_infos_infos.hh_3974
+13.46s style draw_object_infos_infos.hh_3974 fill:#3c0
+13.46s draw_object_infos_lib.glsl_542 --> draw_model_lib.glsl_2881
+13.46s style draw_model_lib.glsl_2881 fill:#2d0
+13.46s draw_grease_pencil_lib.glsl_21395 --> draw_object_infos_lib.glsl_542
+13.46s style draw_object_infos_lib.glsl_542 fill:#0f0
+13.46s draw_grease_pencil_lib.glsl_21395 --> draw_view_lib.glsl_3779
+13.46s style draw_view_lib.glsl_3779 fill:#3c0
+13.46s draw_grease_pencil_lib.glsl_21395 --> gpu_shader_math_constants_lib.glsl_604
+13.46s style gpu_shader_math_constants_lib.glsl_604 fill:#0f0
+13.46s draw_grease_pencil_lib.glsl_21395 --> gpu_shader_math_matrix_transform_lib.glsl_833
+13.46s style gpu_shader_math_matrix_transform_lib.glsl_833 fill:#0f0
+13.46s draw_grease_pencil_lib.glsl_21395 --> gpu_shader_math_vector_lib.glsl_4416
+13.46s style gpu_shader_math_vector_lib.glsl_4416 fill:#4b0
+13.46s gpu_shader_math_safe_lib.glsl_1274 --> gpu_shader_math_constants_lib.glsl_604
+13.46s style gpu_shader_math_constants_lib.glsl_604 fill:#0f0
+13.46s gpu_shader_math_vector_safe_lib.glsl_6451 --> gpu_shader_math_safe_lib.glsl_1274
+13.46s style gpu_shader_math_safe_lib.glsl_1274 fill:#1e0
+13.46s draw_grease_pencil_lib.glsl_21395 --> gpu_shader_math_vector_safe_lib.glsl_6451
+13.46s style gpu_shader_math_vector_safe_lib.glsl_6451 fill:#690
+13.46s draw_grease_pencil_lib.glsl_21395 --> gpu_shader_utildefines_lib.glsl_3296
+13.46s style gpu_shader_utildefines_lib.glsl_3296 fill:#3c0
+13.46s overlay_outline_prepass_gpencil_frag.glsl_1732 --> draw_grease_pencil_lib.glsl_21395
+13.46s style draw_grease_pencil_lib.glsl_21395 fill:#f00
+13.46s 
+13.46s 00:12.842  gpu.shader.deps  | Resolved Source Tree (Mermaid flowchart) 
+13.46s flowchart LR
+13.46s gpu_shader_compat_glsl.glsl_4944 --> gpu_shader_glsl_extension.glsl_644
+13.46s style gpu_shader_glsl_extension.glsl_644 fill:#0f0
+13.46s 
+13.61s 00:13.000  gpu.shader       | Compiling Shader "overlay_outline_prepass_mesh"
+13.61s 00:13.000  gpu.shader.deps  | Resolved Source Tree (Mermaid flowchart) overlay_outline_prepass_mesh
+13.61s flowchart LR
+13.61s draw_shader_shared.hh_24775 --> GPU_shader_shared_utils.hh_933
+13.61s style GPU_shader_shared_utils.hh_933 fill:#0f0
+13.61s draw_object_infos_infos.hh_3974 --> draw_shader_shared.hh_24775
+13.61s style draw_shader_shared.hh_24775 fill:#f00
+13.61s gpencil_shader_shared.hh_4176 --> GPU_shader_shared_utils.hh_933
+13.61s style GPU_shader_shared_utils.hh_933 fill:#0f0
+13.61s draw_object_infos_infos.hh_3974 --> gpencil_shader_shared.hh_4176
+13.61s style gpencil_shader_shared.hh_4176 fill:#4b0
+13.61s draw_view_infos.hh_5696 --> draw_defines.hh_678
+13.61s style draw_defines.hh_678 fill:#0f0
+13.61s draw_command_shared.hh_1480 --> GPU_shader_shared_utils.hh_933
+13.61s style GPU_shader_shared_utils.hh_933 fill:#0f0
+13.61s draw_view_infos.hh_5696 --> draw_command_shared.hh_1480
+13.61s style draw_command_shared.hh_1480 fill:#1e0
+13.61s draw_view_infos.hh_5696 --> draw_shader_shared.hh_24775
+13.61s style draw_shader_shared.hh_24775 fill:#f00
+13.61s draw_object_infos_infos.hh_3974 --> draw_view_infos.hh_5696
+13.61s style draw_view_infos.hh_5696 fill:#5a0
+13.61s draw_object_infos_infos.hh_3974 --> draw_defines.hh_678
+13.61s style draw_defines.hh_678 fill:#0f0
+13.61s overlay_outline_infos.hh_6420 --> draw_object_infos_infos.hh_3974
+13.61s style draw_object_infos_infos.hh_3974 fill:#3c0
+13.61s overlay_outline_infos.hh_6420 --> draw_view_infos.hh_5696
+13.61s style draw_view_infos.hh_5696 fill:#5a0
+13.61s GPU_shader_shared.hh_13548 --> GPU_shader_shared_utils.hh_933
+13.61s style GPU_shader_shared_utils.hh_933 fill:#0f0
+13.61s gpu_index_load_infos.hh_567 --> GPU_shader_shared.hh_13548
+13.61s style GPU_shader_shared.hh_13548 fill:#d20
+13.61s overlay_outline_infos.hh_6420 --> gpu_index_load_infos.hh_567
+13.61s style gpu_index_load_infos.hh_567 fill:#0f0
+13.61s overlay_outline_infos.hh_6420 --> overlay_fullscreen_infos.hh_482
+13.61s style overlay_fullscreen_infos.hh_482 fill:#0f0
+13.61s overlay_shader_shared.hh_16231 --> GPU_shader_shared_utils.hh_933
+13.61s style GPU_shader_shared_utils.hh_933 fill:#0f0
+13.61s overlay_outline_infos.hh_6420 --> overlay_shader_shared.hh_16231
+13.61s style overlay_shader_shared.hh_16231 fill:#f00
+13.61s overlay_common_infos.hh_1184 --> overlay_shader_shared.hh_16231
+13.61s style overlay_shader_shared.hh_16231 fill:#f00
+13.61s overlay_common_infos.hh_1184 --> select_shader_shared.hh_773
+13.61s style select_shader_shared.hh_773 fill:#0f0
+13.61s overlay_common_infos.hh_1184 --> select_defines.hh_108
+13.61s style select_defines.hh_108 fill:#0f0
+13.61s overlay_outline_infos.hh_6420 --> overlay_common_infos.hh_1184
+13.61s style overlay_common_infos.hh_1184 fill:#1e0
+13.61s overlay_outline_prepass_vert.glsl_763 --> overlay_outline_infos.hh_6420
+13.61s style overlay_outline_infos.hh_6420 fill:#690
+13.61s draw_model_lib.glsl_2881 --> draw_view_infos.hh_5696
+13.61s style draw_view_infos.hh_5696 fill:#5a0
+13.61s draw_view_lib.glsl_3779 --> draw_view_infos.hh_5696
+13.61s style draw_view_infos.hh_5696 fill:#5a0
+13.61s draw_model_lib.glsl_2881 --> draw_view_lib.glsl_3779
+13.61s style draw_view_lib.glsl_3779 fill:#3c0
+13.61s overlay_outline_prepass_vert.glsl_763 --> draw_model_lib.glsl_2881
+13.61s style draw_model_lib.glsl_2881 fill:#2d0
+13.61s draw_object_infos_lib.glsl_542 --> draw_object_infos_infos.hh_3974
+13.61s style draw_object_infos_infos.hh_3974 fill:#3c0
+13.61s draw_object_infos_lib.glsl_542 --> draw_model_lib.glsl_2881
+13.61s style draw_model_lib.glsl_2881 fill:#2d0
+13.61s overlay_outline_prepass_vert.glsl_763 --> draw_object_infos_lib.glsl_542
+13.61s style draw_object_infos_lib.glsl_542 fill:#0f0
+13.61s overlay_outline_prepass_vert.glsl_763 --> draw_view_clipping_lib.glsl_1192
+13.61s style draw_view_clipping_lib.glsl_1192 fill:#1e0
+13.61s overlay_outline_prepass_vert.glsl_763 --> draw_view_lib.glsl_3779
+13.61s style draw_view_lib.glsl_3779 fill:#3c0
+13.61s overlay_outline_prepass_vert.glsl_763 --> gpu_shader_utildefines_lib.glsl_3296
+13.61s style gpu_shader_utildefines_lib.glsl_3296 fill:#3c0
+13.61s 
+13.61s 00:13.000  gpu.shader.deps  | Resolved Source Tree (Mermaid flowchart) 
+13.61s flowchart LR
+13.62s gpu_shader_compat_glsl.glsl_4944 --> gpu_shader_glsl_extension.glsl_644
+13.62s style gpu_shader_glsl_extension.glsl_644 fill:#0f0
+13.62s 
+13.62s 00:13.001  gpu.shader.deps  | Resolved Source Tree (Mermaid flowchart) overlay_outline_prepass_mesh
+13.62s flowchart LR
+13.62s draw_shader_shared.hh_24775 --> GPU_shader_shared_utils.hh_933
+13.62s style GPU_shader_shared_utils.hh_933 fill:#0f0
+13.62s draw_object_infos_infos.hh_3974 --> draw_shader_shared.hh_24775
+13.62s style draw_shader_shared.hh_24775 fill:#f00
+13.62s gpencil_shader_shared.hh_4176 --> GPU_shader_shared_utils.hh_933
+13.62s style GPU_shader_shared_utils.hh_933 fill:#0f0
+13.62s draw_object_infos_infos.hh_3974 --> gpencil_shader_shared.hh_4176
+13.62s style gpencil_shader_shared.hh_4176 fill:#4b0
+13.62s draw_view_infos.hh_5696 --> draw_defines.hh_678
+13.62s style draw_defines.hh_678 fill:#0f0
+13.62s draw_command_shared.hh_1480 --> GPU_shader_shared_utils.hh_933
+13.62s style GPU_shader_shared_utils.hh_933 fill:#0f0
+13.62s draw_view_infos.hh_5696 --> draw_command_shared.hh_1480
+13.62s style draw_command_shared.hh_1480 fill:#1e0
+13.62s draw_view_infos.hh_5696 --> draw_shader_shared.hh_24775
+13.62s style draw_shader_shared.hh_24775 fill:#f00
+13.62s draw_object_infos_infos.hh_3974 --> draw_view_infos.hh_5696
+13.62s style draw_view_infos.hh_5696 fill:#5a0
+13.62s draw_object_infos_infos.hh_3974 --> draw_defines.hh_678
+13.62s style draw_defines.hh_678 fill:#0f0
+13.62s overlay_outline_infos.hh_6420 --> draw_object_infos_infos.hh_3974
+13.62s style draw_object_infos_infos.hh_3974 fill:#3c0
+13.62s overlay_outline_infos.hh_6420 --> draw_view_infos.hh_5696
+13.62s style draw_view_infos.hh_5696 fill:#5a0
+13.62s GPU_shader_shared.hh_13548 --> GPU_shader_shared_utils.hh_933
+13.62s style GPU_shader_shared_utils.hh_933 fill:#0f0
+13.62s gpu_index_load_infos.hh_567 --> GPU_shader_shared.hh_13548
+13.62s style GPU_shader_shared.hh_13548 fill:#d20
+13.62s overlay_outline_infos.hh_6420 --> gpu_index_load_infos.hh_567
+13.62s style gpu_index_load_infos.hh_567 fill:#0f0
+13.62s overlay_outline_infos.hh_6420 --> overlay_fullscreen_infos.hh_482
+13.62s style overlay_fullscreen_infos.hh_482 fill:#0f0
+13.62s overlay_shader_shared.hh_16231 --> GPU_shader_shared_utils.hh_933
+13.62s style GPU_shader_shared_utils.hh_933 fill:#0f0
+13.62s overlay_outline_infos.hh_6420 --> overlay_shader_shared.hh_16231
+13.62s style overlay_shader_shared.hh_16231 fill:#f00
+13.62s overlay_common_infos.hh_1184 --> overlay_shader_shared.hh_16231
+13.62s style overlay_shader_shared.hh_16231 fill:#f00
+13.62s overlay_common_infos.hh_1184 --> select_shader_shared.hh_773
+13.62s style select_shader_shared.hh_773 fill:#0f0
+13.62s overlay_common_infos.hh_1184 --> select_defines.hh_108
+13.62s style select_defines.hh_108 fill:#0f0
+13.62s overlay_outline_infos.hh_6420 --> overlay_common_infos.hh_1184
+13.62s style overlay_common_infos.hh_1184 fill:#1e0
+13.62s overlay_outline_prepass_frag.glsl_156 --> overlay_outline_infos.hh_6420
+13.62s style overlay_outline_infos.hh_6420 fill:#690
+13.62s 
+13.62s 00:13.002  gpu.shader.deps  | Resolved Source Tree (Mermaid flowchart) 
+13.62s flowchart LR
+13.62s gpu_shader_compat_glsl.glsl_4944 --> gpu_shader_glsl_extension.glsl_644
+13.62s style gpu_shader_glsl_extension.glsl_644 fill:#0f0
+13.62s 
+13.74s 00:13.134  gpu.shader       | Compiling Shader "overlay_outline_prepass_pointcloud"
+13.74s 00:13.135  gpu.shader.deps  | Resolved Source Tree (Mermaid flowchart) overlay_outline_prepass_pointcloud
+13.74s flowchart LR
+13.74s draw_shader_shared.hh_24775 --> GPU_shader_shared_utils.hh_933
+13.74s style GPU_shader_shared_utils.hh_933 fill:#0f0
+13.74s draw_object_infos_infos.hh_3974 --> draw_shader_shared.hh_24775
+13.74s style draw_shader_shared.hh_24775 fill:#f00
+13.75s gpencil_shader_shared.hh_4176 --> GPU_shader_shared_utils.hh_933
+13.75s style GPU_shader_shared_utils.hh_933 fill:#0f0
+13.75s draw_object_infos_infos.hh_3974 --> gpencil_shader_shared.hh_4176
+13.75s style gpencil_shader_shared.hh_4176 fill:#4b0
+13.75s draw_view_infos.hh_5696 --> draw_defines.hh_678
+13.75s style draw_defines.hh_678 fill:#0f0
+13.75s draw_command_shared.hh_1480 --> GPU_shader_shared_utils.hh_933
+13.75s style GPU_shader_shared_utils.hh_933 fill:#0f0
+13.75s draw_view_infos.hh_5696 --> draw_command_shared.hh_1480
+13.75s style draw_command_shared.hh_1480 fill:#1e0
+13.75s draw_view_infos.hh_5696 --> draw_shader_shared.hh_24775
+13.75s style draw_shader_shared.hh_24775 fill:#f00
+13.75s draw_object_infos_infos.hh_3974 --> draw_view_infos.hh_5696
+13.75s style draw_view_infos.hh_5696 fill:#5a0
+13.75s draw_object_infos_infos.hh_3974 --> draw_defines.hh_678
+13.75s style draw_defines.hh_678 fill:#0f0
+13.75s overlay_outline_infos.hh_6420 --> draw_object_infos_infos.hh_3974
+13.75s style draw_object_infos_infos.hh_3974 fill:#3c0
+13.75s overlay_outline_infos.hh_6420 --> draw_view_infos.hh_5696
+13.75s style draw_view_infos.hh_5696 fill:#5a0
+13.75s GPU_shader_shared.hh_13548 --> GPU_shader_shared_utils.hh_933
+13.75s style GPU_shader_shared_utils.hh_933 fill:#0f0
+13.75s gpu_index_load_infos.hh_567 --> GPU_shader_shared.hh_13548
+13.75s style GPU_shader_shared.hh_13548 fill:#d20
+13.75s overlay_outline_infos.hh_6420 --> gpu_index_load_infos.hh_567
+13.75s style gpu_index_load_infos.hh_567 fill:#0f0
+13.75s overlay_outline_infos.hh_6420 --> overlay_fullscreen_infos.hh_482
+13.75s style overlay_fullscreen_infos.hh_482 fill:#0f0
+13.75s overlay_shader_shared.hh_16231 --> GPU_shader_shared_utils.hh_933
+13.75s style GPU_shader_shared_utils.hh_933 fill:#0f0
+13.75s overlay_outline_infos.hh_6420 --> overlay_shader_shared.hh_16231
+13.75s style overlay_shader_shared.hh_16231 fill:#f00
+13.75s overlay_common_infos.hh_1184 --> overlay_shader_shared.hh_16231
+13.75s style overlay_shader_shared.hh_16231 fill:#f00
+13.75s overlay_common_infos.hh_1184 --> select_shader_shared.hh_773
+13.75s style select_shader_shared.hh_773 fill:#0f0
+13.75s overlay_common_infos.hh_1184 --> select_defines.hh_108
+13.75s style select_defines.hh_108 fill:#0f0
+13.75s overlay_outline_infos.hh_6420 --> overlay_common_infos.hh_1184
+13.75s style overlay_common_infos.hh_1184 fill:#1e0
+13.75s overlay_outline_prepass_pointcloud_vert.glsl_1183 --> overlay_outline_infos.hh_6420
+13.75s style overlay_outline_infos.hh_6420 fill:#690
+13.75s draw_model_lib.glsl_2881 --> draw_view_infos.hh_5696
+13.75s style draw_view_infos.hh_5696 fill:#5a0
+13.75s draw_view_lib.glsl_3779 --> draw_view_infos.hh_5696
+13.75s style draw_view_infos.hh_5696 fill:#5a0
+13.75s draw_model_lib.glsl_2881 --> draw_view_lib.glsl_3779
+13.75s style draw_view_lib.glsl_3779 fill:#3c0
+13.75s overlay_outline_prepass_pointcloud_vert.glsl_1183 --> draw_model_lib.glsl_2881
+13.75s style draw_model_lib.glsl_2881 fill:#2d0
+13.75s draw_object_infos_lib.glsl_542 --> draw_object_infos_infos.hh_3974
+13.75s style draw_object_infos_infos.hh_3974 fill:#3c0
+13.75s draw_object_infos_lib.glsl_542 --> draw_model_lib.glsl_2881
+13.75s style draw_model_lib.glsl_2881 fill:#2d0
+13.75s overlay_outline_prepass_pointcloud_vert.glsl_1183 --> draw_object_infos_lib.glsl_542
+13.75s style draw_object_infos_lib.glsl_542 fill:#0f0
+13.75s draw_pointcloud_lib.glsl_3635 --> draw_object_infos_infos.hh_3974
+13.75s style draw_object_infos_infos.hh_3974 fill:#3c0
+13.75s draw_pointcloud_lib.glsl_3635 --> draw_defines.hh_678
+13.75s style draw_defines.hh_678 fill:#0f0
+13.75s draw_pointcloud_lib.glsl_3635 --> gpu_shader_math_constants_lib.glsl_604
+13.75s style gpu_shader_math_constants_lib.glsl_604 fill:#0f0
+13.75s gpu_shader_math_matrix_conversion_lib.glsl_988 --> gpu_shader_math_base_lib.glsl_1464
+13.75s style gpu_shader_math_base_lib.glsl_1464 fill:#1e0
+13.75s gpu_shader_math_matrix_conversion_lib.glsl_988 --> gpu_shader_math_euler_lib.glsl_722
+13.75s style gpu_shader_math_euler_lib.glsl_722 fill:#0f0
+13.75s gpu_shader_math_matrix_compare_lib.glsl_3039 --> gpu_shader_math_vector_compare_lib.glsl_2302
+13.75s style gpu_shader_math_vector_compare_lib.glsl_2302 fill:#2d0
+13.75s gpu_shader_math_matrix_conversion_lib.glsl_988 --> gpu_shader_math_matrix_compare_lib.glsl_3039
+13.75s style gpu_shader_math_matrix_compare_lib.glsl_3039 fill:#3c0
+13.75s gpu_shader_math_matrix_conversion_lib.glsl_988 --> gpu_shader_math_quaternion_lib.glsl_1440
+13.75s style gpu_shader_math_quaternion_lib.glsl_1440 fill:#1e0
+13.75s gpu_shader_math_matrix_conversion_lib.glsl_988 --> gpu_shader_utildefines_lib.glsl_3296
+13.75s style gpu_shader_utildefines_lib.glsl_3296 fill:#3c0
+13.75s draw_pointcloud_lib.glsl_3635 --> gpu_shader_math_matrix_conversion_lib.glsl_988
+13.75s style gpu_shader_math_matrix_conversion_lib.glsl_988 fill:#0f0
+13.75s draw_pointcloud_lib.glsl_3635 --> gpu_shader_math_matrix_transform_lib.glsl_833
+13.75s style gpu_shader_math_matrix_transform_lib.glsl_833 fill:#0f0
+13.75s draw_pointcloud_lib.glsl_3635 --> gpu_shader_utildefines_lib.glsl_3296
+13.75s style gpu_shader_utildefines_lib.glsl_3296 fill:#3c0
+13.75s overlay_outline_prepass_pointcloud_vert.glsl_1183 --> draw_pointcloud_lib.glsl_3635
+13.75s style draw_pointcloud_lib.glsl_3635 fill:#3c0
+13.75s overlay_outline_prepass_pointcloud_vert.glsl_1183 --> draw_view_clipping_lib.glsl_1192
+13.75s style draw_view_clipping_lib.glsl_1192 fill:#1e0
+13.75s overlay_outline_prepass_pointcloud_vert.glsl_1183 --> draw_view_lib.glsl_3779
+13.75s style draw_view_lib.glsl_3779 fill:#3c0
+13.75s overlay_outline_prepass_pointcloud_vert.glsl_1183 --> gpu_shader_utildefines_lib.glsl_3296
+13.75s style gpu_shader_utildefines_lib.glsl_3296 fill:#3c0
+13.75s 
+13.75s 00:13.135  gpu.shader.deps  | Resolved Source Tree (Mermaid flowchart) 
+13.75s flowchart LR
+13.75s gpu_shader_compat_glsl.glsl_4944 --> gpu_shader_glsl_extension.glsl_644
+13.75s style gpu_shader_glsl_extension.glsl_644 fill:#0f0
+13.75s 
+13.75s 00:13.136  gpu.shader.deps  | Resolved Source Tree (Mermaid flowchart) overlay_outline_prepass_pointcloud
+13.75s flowchart LR
+13.75s draw_shader_shared.hh_24775 --> GPU_shader_shared_utils.hh_933
+13.75s style GPU_shader_shared_utils.hh_933 fill:#0f0
+13.75s draw_object_infos_infos.hh_3974 --> draw_shader_shared.hh_24775
+13.75s style draw_shader_shared.hh_24775 fill:#f00
+13.75s gpencil_shader_shared.hh_4176 --> GPU_shader_shared_utils.hh_933
+13.75s style GPU_shader_shared_utils.hh_933 fill:#0f0
+13.75s draw_object_infos_infos.hh_3974 --> gpencil_shader_shared.hh_4176
+13.75s style gpencil_shader_shared.hh_4176 fill:#4b0
+13.75s draw_view_infos.hh_5696 --> draw_defines.hh_678
+13.75s style draw_defines.hh_678 fill:#0f0
+13.75s draw_command_shared.hh_1480 --> GPU_shader_shared_utils.hh_933
+13.75s style GPU_shader_shared_utils.hh_933 fill:#0f0
+13.75s draw_view_infos.hh_5696 --> draw_command_shared.hh_1480
+13.75s style draw_command_shared.hh_1480 fill:#1e0
+13.75s draw_view_infos.hh_5696 --> draw_shader_shared.hh_24775
+13.75s style draw_shader_shared.hh_24775 fill:#f00
+13.75s draw_object_infos_infos.hh_3974 --> draw_view_infos.hh_5696
+13.75s style draw_view_infos.hh_5696 fill:#5a0
+13.75s draw_object_infos_infos.hh_3974 --> draw_defines.hh_678
+13.75s style draw_defines.hh_678 fill:#0f0
+13.75s overlay_outline_infos.hh_6420 --> draw_object_infos_infos.hh_3974
+13.75s style draw_object_infos_infos.hh_3974 fill:#3c0
+13.75s overlay_outline_infos.hh_6420 --> draw_view_infos.hh_5696
+13.75s style draw_view_infos.hh_5696 fill:#5a0
+13.75s GPU_shader_shared.hh_13548 --> GPU_shader_shared_utils.hh_933
+13.75s style GPU_shader_shared_utils.hh_933 fill:#0f0
+13.75s gpu_index_load_infos.hh_567 --> GPU_shader_shared.hh_13548
+13.75s style GPU_shader_shared.hh_13548 fill:#d20
+13.75s overlay_outline_infos.hh_6420 --> gpu_index_load_infos.hh_567
+13.75s style gpu_index_load_infos.hh_567 fill:#0f0
+13.75s overlay_outline_infos.hh_6420 --> overlay_fullscreen_infos.hh_482
+13.75s style overlay_fullscreen_infos.hh_482 fill:#0f0
+13.75s overlay_shader_shared.hh_16231 --> GPU_shader_shared_utils.hh_933
+13.75s style GPU_shader_shared_utils.hh_933 fill:#0f0
+13.75s overlay_outline_infos.hh_6420 --> overlay_shader_shared.hh_16231
+13.75s style overlay_shader_shared.hh_16231 fill:#f00
+13.75s overlay_common_infos.hh_1184 --> overlay_shader_shared.hh_16231
+13.75s style overlay_shader_shared.hh_16231 fill:#f00
+13.75s overlay_common_infos.hh_1184 --> select_shader_shared.hh_773
+13.75s style select_shader_shared.hh_773 fill:#0f0
+13.75s overlay_common_infos.hh_1184 --> select_defines.hh_108
+13.75s style select_defines.hh_108 fill:#0f0
+13.75s overlay_outline_infos.hh_6420 --> overlay_common_infos.hh_1184
+13.75s style overlay_common_infos.hh_1184 fill:#1e0
+13.75s overlay_outline_prepass_frag.glsl_156 --> overlay_outline_infos.hh_6420
+13.75s style overlay_outline_infos.hh_6420 fill:#690
+13.75s 
+13.75s 00:13.137  gpu.shader.deps  | Resolved Source Tree (Mermaid flowchart) 
+13.75s flowchart LR
+13.75s gpu_shader_compat_glsl.glsl_4944 --> gpu_shader_glsl_extension.glsl_644
+13.75s style gpu_shader_glsl_extension.glsl_644 fill:#0f0
+13.75s 
+13.88s 00:13.274  gpu.shader       | Compiling Shader "overlay_outline_prepass_wire"
+13.88s 00:13.274  gpu.shader.deps  | Resolved Source Tree (Mermaid flowchart) overlay_outline_prepass_wire
+13.88s flowchart LR
+13.88s draw_shader_shared.hh_24775 --> GPU_shader_shared_utils.hh_933
+13.88s style GPU_shader_shared_utils.hh_933 fill:#0f0
+13.88s draw_object_infos_infos.hh_3974 --> draw_shader_shared.hh_24775
+13.88s style draw_shader_shared.hh_24775 fill:#f00
+13.88s gpencil_shader_shared.hh_4176 --> GPU_shader_shared_utils.hh_933
+13.89s style GPU_shader_shared_utils.hh_933 fill:#0f0
+13.89s draw_object_infos_infos.hh_3974 --> gpencil_shader_shared.hh_4176
+13.89s style gpencil_shader_shared.hh_4176 fill:#4b0
+13.89s draw_view_infos.hh_5696 --> draw_defines.hh_678
+13.89s style draw_defines.hh_678 fill:#0f0
+13.89s draw_command_shared.hh_1480 --> GPU_shader_shared_utils.hh_933
+13.89s style GPU_shader_shared_utils.hh_933 fill:#0f0
+13.89s draw_view_infos.hh_5696 --> draw_command_shared.hh_1480
+13.89s style draw_command_shared.hh_1480 fill:#1e0
+13.89s draw_view_infos.hh_5696 --> draw_shader_shared.hh_24775
+13.89s style draw_shader_shared.hh_24775 fill:#f00
+13.89s draw_object_infos_infos.hh_3974 --> draw_view_infos.hh_5696
+13.89s style draw_view_infos.hh_5696 fill:#5a0
+13.89s draw_object_infos_infos.hh_3974 --> draw_defines.hh_678
+13.89s style draw_defines.hh_678 fill:#0f0
+13.89s overlay_outline_infos.hh_6420 --> draw_object_infos_infos.hh_3974
+13.89s style draw_object_infos_infos.hh_3974 fill:#3c0
+13.89s overlay_outline_infos.hh_6420 --> draw_view_infos.hh_5696
+13.89s style draw_view_infos.hh_5696 fill:#5a0
+13.89s GPU_shader_shared.hh_13548 --> GPU_shader_shared_utils.hh_933
+13.89s style GPU_shader_shared_utils.hh_933 fill:#0f0
+13.89s gpu_index_load_infos.hh_567 --> GPU_shader_shared.hh_13548
+13.89s style GPU_shader_shared.hh_13548 fill:#d20
+13.89s overlay_outline_infos.hh_6420 --> gpu_index_load_infos.hh_567
+13.89s style gpu_index_load_infos.hh_567 fill:#0f0
+13.89s overlay_outline_infos.hh_6420 --> overlay_fullscreen_infos.hh_482
+13.89s style overlay_fullscreen_infos.hh_482 fill:#0f0
+13.89s overlay_shader_shared.hh_16231 --> GPU_shader_shared_utils.hh_933
+13.89s style GPU_shader_shared_utils.hh_933 fill:#0f0
+13.89s overlay_outline_infos.hh_6420 --> overlay_shader_shared.hh_16231
+13.89s style overlay_shader_shared.hh_16231 fill:#f00
+13.89s overlay_common_infos.hh_1184 --> overlay_shader_shared.hh_16231
+13.89s style overlay_shader_shared.hh_16231 fill:#f00
+13.89s overlay_common_infos.hh_1184 --> select_shader_shared.hh_773
+13.89s style select_shader_shared.hh_773 fill:#0f0
+13.89s overlay_common_infos.hh_1184 --> select_defines.hh_108
+13.89s style select_defines.hh_108 fill:#0f0
+13.89s overlay_outline_infos.hh_6420 --> overlay_common_infos.hh_1184
+13.89s style overlay_common_infos.hh_1184 fill:#1e0
+13.89s overlay_outline_prepass_wire_vert.glsl_3996 --> overlay_outline_infos.hh_6420
+13.89s style overlay_outline_infos.hh_6420 fill:#690
+13.89s draw_model_lib.glsl_2881 --> draw_view_infos.hh_5696
+13.89s style draw_view_infos.hh_5696 fill:#5a0
+13.89s draw_view_lib.glsl_3779 --> draw_view_infos.hh_5696
+13.89s style draw_view_infos.hh_5696 fill:#5a0
+13.89s draw_model_lib.glsl_2881 --> draw_view_lib.glsl_3779
+13.89s style draw_view_lib.glsl_3779 fill:#3c0
+13.89s overlay_outline_prepass_wire_vert.glsl_3996 --> draw_model_lib.glsl_2881
+13.89s style draw_model_lib.glsl_2881 fill:#2d0
+13.89s draw_object_infos_lib.glsl_542 --> draw_object_infos_infos.hh_3974
+13.89s style draw_object_infos_infos.hh_3974 fill:#3c0
+13.89s draw_object_infos_lib.glsl_542 --> draw_model_lib.glsl_2881
+13.89s style draw_model_lib.glsl_2881 fill:#2d0
+13.89s overlay_outline_prepass_wire_vert.glsl_3996 --> draw_object_infos_lib.glsl_542
+13.89s style draw_object_infos_lib.glsl_542 fill:#0f0
+13.89s overlay_outline_prepass_wire_vert.glsl_3996 --> draw_view_clipping_lib.glsl_1192
+13.89s style draw_view_clipping_lib.glsl_1192 fill:#1e0
+13.89s overlay_outline_prepass_wire_vert.glsl_3996 --> draw_view_lib.glsl_3779
+13.89s style draw_view_lib.glsl_3779 fill:#3c0
+13.89s overlay_outline_prepass_wire_vert.glsl_3996 --> gpu_shader_attribute_load_lib.glsl_3268
+13.89s style gpu_shader_attribute_load_lib.glsl_3268 fill:#3c0
+13.89s gpu_shader_index_load_lib.glsl_627 --> gpu_index_load_infos.hh_567
+13.89s style gpu_index_load_infos.hh_567 fill:#0f0
+13.89s overlay_outline_prepass_wire_vert.glsl_3996 --> gpu_shader_index_load_lib.glsl_627
+13.89s style gpu_shader_index_load_lib.glsl_627 fill:#0f0
+13.89s gpu_shader_math_safe_lib.glsl_1274 --> gpu_shader_math_constants_lib.glsl_604
+13.89s style gpu_shader_math_constants_lib.glsl_604 fill:#0f0
+13.89s overlay_outline_prepass_wire_vert.glsl_3996 --> gpu_shader_math_safe_lib.glsl_1274
+13.89s style gpu_shader_math_safe_lib.glsl_1274 fill:#1e0
+13.89s overlay_outline_prepass_wire_vert.glsl_3996 --> gpu_shader_utildefines_lib.glsl_3296
+13.89s style gpu_shader_utildefines_lib.glsl_3296 fill:#3c0
+13.89s 
+13.89s 00:13.274  gpu.shader.deps  | Resolved Source Tree (Mermaid flowchart) 
+13.89s flowchart LR
+13.89s gpu_shader_compat_glsl.glsl_4944 --> gpu_shader_glsl_extension.glsl_644
+13.89s style gpu_shader_glsl_extension.glsl_644 fill:#0f0
+13.89s 
+13.89s 00:13.276  gpu.shader.deps  | Resolved Source Tree (Mermaid flowchart) overlay_outline_prepass_wire
+13.89s flowchart LR
+13.89s draw_shader_shared.hh_24775 --> GPU_shader_shared_utils.hh_933
+13.89s style GPU_shader_shared_utils.hh_933 fill:#0f0
+13.89s draw_object_infos_infos.hh_3974 --> draw_shader_shared.hh_24775
+13.89s style draw_shader_shared.hh_24775 fill:#f00
+13.89s gpencil_shader_shared.hh_4176 --> GPU_shader_shared_utils.hh_933
+13.89s style GPU_shader_shared_utils.hh_933 fill:#0f0
+13.89s draw_object_infos_infos.hh_3974 --> gpencil_shader_shared.hh_4176
+13.89s style gpencil_shader_shared.hh_4176 fill:#4b0
+13.89s draw_view_infos.hh_5696 --> draw_defines.hh_678
+13.89s style draw_defines.hh_678 fill:#0f0
+13.89s draw_command_shared.hh_1480 --> GPU_shader_shared_utils.hh_933
+13.89s style GPU_shader_shared_utils.hh_933 fill:#0f0
+13.89s draw_view_infos.hh_5696 --> draw_command_shared.hh_1480
+13.89s style draw_command_shared.hh_1480 fill:#1e0
+13.89s draw_view_infos.hh_5696 --> draw_shader_shared.hh_24775
+13.89s style draw_shader_shared.hh_24775 fill:#f00
+13.89s draw_object_infos_infos.hh_3974 --> draw_view_infos.hh_5696
+13.89s style draw_view_infos.hh_5696 fill:#5a0
+13.89s draw_object_infos_infos.hh_3974 --> draw_defines.hh_678
+13.89s style draw_defines.hh_678 fill:#0f0
+13.89s overlay_outline_infos.hh_6420 --> draw_object_infos_infos.hh_3974
+13.89s style draw_object_infos_infos.hh_3974 fill:#3c0
+13.89s overlay_outline_infos.hh_6420 --> draw_view_infos.hh_5696
+13.89s style draw_view_infos.hh_5696 fill:#5a0
+13.89s GPU_shader_shared.hh_13548 --> GPU_shader_shared_utils.hh_933
+13.89s style GPU_shader_shared_utils.hh_933 fill:#0f0
+13.89s gpu_index_load_infos.hh_567 --> GPU_shader_shared.hh_13548
+13.89s style GPU_shader_shared.hh_13548 fill:#d20
+13.89s overlay_outline_infos.hh_6420 --> gpu_index_load_infos.hh_567
+13.89s style gpu_index_load_infos.hh_567 fill:#0f0
+13.89s overlay_outline_infos.hh_6420 --> overlay_fullscreen_infos.hh_482
+13.89s style overlay_fullscreen_infos.hh_482 fill:#0f0
+13.89s overlay_shader_shared.hh_16231 --> GPU_shader_shared_utils.hh_933
+13.89s style GPU_shader_shared_utils.hh_933 fill:#0f0
+13.89s overlay_outline_infos.hh_6420 --> overlay_shader_shared.hh_16231
+13.89s style overlay_shader_shared.hh_16231 fill:#f00
+13.89s overlay_common_infos.hh_1184 --> overlay_shader_shared.hh_16231
+13.89s style overlay_shader_shared.hh_16231 fill:#f00
+13.89s overlay_common_infos.hh_1184 --> select_shader_shared.hh_773
+13.89s style select_shader_shared.hh_773 fill:#0f0
+13.89s overlay_common_infos.hh_1184 --> select_defines.hh_108
+13.89s style select_defines.hh_108 fill:#0f0
+13.89s overlay_outline_infos.hh_6420 --> overlay_common_infos.hh_1184
+13.89s style overlay_common_infos.hh_1184 fill:#1e0
+13.89s overlay_outline_prepass_frag.glsl_156 --> overlay_outline_infos.hh_6420
+13.89s style overlay_outline_infos.hh_6420 fill:#690
+13.89s 
+13.89s 00:13.276  gpu.shader.deps  | Resolved Source Tree (Mermaid flowchart) 
+13.89s flowchart LR
+13.89s gpu_shader_compat_glsl.glsl_4944 --> gpu_shader_glsl_extension.glsl_644
+13.89s style gpu_shader_glsl_extension.glsl_644 fill:#0f0
+13.89s 
+14.02s 00:13.412  gpu.shader       | Compiling Shader "overlay_paint_weight_fake_shading"
+14.02s 00:13.412  gpu.shader.deps  | Resolved Source Tree (Mermaid flowchart) overlay_paint_weight_fake_shading
+14.02s flowchart LR
+14.02s draw_shader_shared.hh_24775 --> GPU_shader_shared_utils.hh_933
+14.02s style GPU_shader_shared_utils.hh_933 fill:#0f0
+14.02s draw_object_infos_infos.hh_3974 --> draw_shader_shared.hh_24775
+14.02s style draw_shader_shared.hh_24775 fill:#f00
+14.03s gpencil_shader_shared.hh_4176 --> GPU_shader_shared_utils.hh_933
+14.03s style GPU_shader_shared_utils.hh_933 fill:#0f0
+14.03s draw_object_infos_infos.hh_3974 --> gpencil_shader_shared.hh_4176
+14.03s style gpencil_shader_shared.hh_4176 fill:#4b0
+14.03s draw_view_infos.hh_5696 --> draw_defines.hh_678
+14.03s style draw_defines.hh_678 fill:#0f0
+14.03s draw_command_shared.hh_1480 --> GPU_shader_shared_utils.hh_933
+14.03s style GPU_shader_shared_utils.hh_933 fill:#0f0
+14.03s draw_view_infos.hh_5696 --> draw_command_shared.hh_1480
+14.03s style draw_command_shared.hh_1480 fill:#1e0
+14.03s draw_view_infos.hh_5696 --> draw_shader_shared.hh_24775
+14.03s style draw_shader_shared.hh_24775 fill:#f00
+14.03s draw_object_infos_infos.hh_3974 --> draw_view_infos.hh_5696
+14.03s style draw_view_infos.hh_5696 fill:#5a0
+14.03s draw_object_infos_infos.hh_3974 --> draw_defines.hh_678
+14.03s style draw_defines.hh_678 fill:#0f0
+14.03s overlay_paint_infos.hh_5641 --> draw_object_infos_infos.hh_3974
+14.03s style draw_object_infos_infos.hh_3974 fill:#3c0
+14.03s overlay_paint_infos.hh_5641 --> draw_view_infos.hh_5696
+14.03s style draw_view_infos.hh_5696 fill:#5a0
+14.03s overlay_shader_shared.hh_16231 --> GPU_shader_shared_utils.hh_933
+14.03s style GPU_shader_shared_utils.hh_933 fill:#0f0
+14.03s overlay_common_infos.hh_1184 --> overlay_shader_shared.hh_16231
+14.03s style overlay_shader_shared.hh_16231 fill:#f00
+14.03s overlay_common_infos.hh_1184 --> select_shader_shared.hh_773
+14.03s style select_shader_shared.hh_773 fill:#0f0
+14.03s overlay_common_infos.hh_1184 --> select_defines.hh_108
+14.03s style select_defines.hh_108 fill:#0f0
+14.03s overlay_paint_infos.hh_5641 --> overlay_common_infos.hh_1184
+14.03s style overlay_common_infos.hh_1184 fill:#1e0
+14.03s overlay_paint_weight_vert.glsl_553 --> overlay_paint_infos.hh_5641
+14.03s style overlay_paint_infos.hh_5641 fill:#5a0
+14.03s draw_model_lib.glsl_2881 --> draw_view_infos.hh_5696
+14.03s style draw_view_infos.hh_5696 fill:#5a0
+14.03s draw_view_lib.glsl_3779 --> draw_view_infos.hh_5696
+14.03s style draw_view_infos.hh_5696 fill:#5a0
+14.03s draw_model_lib.glsl_2881 --> draw_view_lib.glsl_3779
+14.03s style draw_view_lib.glsl_3779 fill:#3c0
+14.03s overlay_paint_weight_vert.glsl_553 --> draw_model_lib.glsl_2881
+14.03s style draw_model_lib.glsl_2881 fill:#2d0
+14.03s overlay_paint_weight_vert.glsl_553 --> draw_view_clipping_lib.glsl_1192
+14.03s style draw_view_clipping_lib.glsl_1192 fill:#1e0
+14.03s overlay_paint_weight_vert.glsl_553 --> draw_view_lib.glsl_3779
+14.03s style draw_view_lib.glsl_3779 fill:#3c0
+14.03s 
+14.03s 00:13.412  gpu.shader.deps  | Resolved Source Tree (Mermaid flowchart) 
+14.03s flowchart LR
+14.03s gpu_shader_compat_glsl.glsl_4944 --> gpu_shader_glsl_extension.glsl_644
+14.03s style gpu_shader_glsl_extension.glsl_644 fill:#0f0
+14.03s 
+14.03s 00:13.413  gpu.shader.deps  | Resolved Source Tree (Mermaid flowchart) overlay_paint_weight_fake_shading
+14.03s flowchart LR
+14.03s draw_shader_shared.hh_24775 --> GPU_shader_shared_utils.hh_933
+14.03s style GPU_shader_shared_utils.hh_933 fill:#0f0
+14.03s draw_object_infos_infos.hh_3974 --> draw_shader_shared.hh_24775
+14.03s style draw_shader_shared.hh_24775 fill:#f00
+14.03s gpencil_shader_shared.hh_4176 --> GPU_shader_shared_utils.hh_933
+14.03s style GPU_shader_shared_utils.hh_933 fill:#0f0
+14.03s draw_object_infos_infos.hh_3974 --> gpencil_shader_shared.hh_4176
+14.03s style gpencil_shader_shared.hh_4176 fill:#4b0
+14.03s draw_view_infos.hh_5696 --> draw_defines.hh_678
+14.03s style draw_defines.hh_678 fill:#0f0
+14.03s draw_command_shared.hh_1480 --> GPU_shader_shared_utils.hh_933
+14.03s style GPU_shader_shared_utils.hh_933 fill:#0f0
+14.03s draw_view_infos.hh_5696 --> draw_command_shared.hh_1480
+14.03s style draw_command_shared.hh_1480 fill:#1e0
+14.03s draw_view_infos.hh_5696 --> draw_shader_shared.hh_24775
+14.03s style draw_shader_shared.hh_24775 fill:#f00
+14.03s draw_object_infos_infos.hh_3974 --> draw_view_infos.hh_5696
+14.03s style draw_view_infos.hh_5696 fill:#5a0
+14.03s draw_object_infos_infos.hh_3974 --> draw_defines.hh_678
+14.03s style draw_defines.hh_678 fill:#0f0
+14.03s overlay_paint_infos.hh_5641 --> draw_object_infos_infos.hh_3974
+14.03s style draw_object_infos_infos.hh_3974 fill:#3c0
+14.03s overlay_paint_infos.hh_5641 --> draw_view_infos.hh_5696
+14.03s style draw_view_infos.hh_5696 fill:#5a0
+14.03s overlay_shader_shared.hh_16231 --> GPU_shader_shared_utils.hh_933
+14.03s style GPU_shader_shared_utils.hh_933 fill:#0f0
+14.03s overlay_common_infos.hh_1184 --> overlay_shader_shared.hh_16231
+14.03s style overlay_shader_shared.hh_16231 fill:#f00
+14.03s overlay_common_infos.hh_1184 --> select_shader_shared.hh_773
+14.03s style select_shader_shared.hh_773 fill:#0f0
+14.03s overlay_common_infos.hh_1184 --> select_defines.hh_108
+14.03s style select_defines.hh_108 fill:#0f0
+14.03s overlay_paint_infos.hh_5641 --> overlay_common_infos.hh_1184
+14.03s style overlay_common_infos.hh_1184 fill:#1e0
+14.03s overlay_paint_weight_frag.glsl_2534 --> overlay_paint_infos.hh_5641
+14.03s style overlay_paint_infos.hh_5641 fill:#5a0
+14.03s 
+14.03s 00:13.413  gpu.shader.deps  | Resolved Source Tree (Mermaid flowchart) 
+14.03s flowchart LR
+14.03s gpu_shader_compat_glsl.glsl_4944 --> gpu_shader_glsl_extension.glsl_644
+14.03s style gpu_shader_glsl_extension.glsl_644 fill:#0f0
+14.03s 
+14.16s 00:13.550  gpu.shader       | Compiling Shader "overlay_particle_dot"
+14.16s 00:13.550  gpu.shader.deps  | Resolved Source Tree (Mermaid flowchart) overlay_particle_dot
+14.16s flowchart LR
+14.16s draw_shader_shared.hh_24775 --> GPU_shader_shared_utils.hh_933
+14.16s style GPU_shader_shared_utils.hh_933 fill:#0f0
+14.16s draw_object_infos_infos.hh_3974 --> draw_shader_shared.hh_24775
+14.16s style draw_shader_shared.hh_24775 fill:#f00
+14.16s gpencil_shader_shared.hh_4176 --> GPU_shader_shared_utils.hh_933
+14.16s style GPU_shader_shared_utils.hh_933 fill:#0f0
+14.16s draw_object_infos_infos.hh_3974 --> gpencil_shader_shared.hh_4176
+14.16s style gpencil_shader_shared.hh_4176 fill:#4b0
+14.16s draw_view_infos.hh_5696 --> draw_defines.hh_678
+14.16s style draw_defines.hh_678 fill:#0f0
+14.16s draw_command_shared.hh_1480 --> GPU_shader_shared_utils.hh_933
+14.16s style GPU_shader_shared_utils.hh_933 fill:#0f0
+14.16s draw_view_infos.hh_5696 --> draw_command_shared.hh_1480
+14.16s style draw_command_shared.hh_1480 fill:#1e0
+14.16s draw_view_infos.hh_5696 --> draw_shader_shared.hh_24775
+14.16s style draw_shader_shared.hh_24775 fill:#f00
+14.16s draw_object_infos_infos.hh_3974 --> draw_view_infos.hh_5696
+14.16s style draw_view_infos.hh_5696 fill:#5a0
+14.16s draw_object_infos_infos.hh_3974 --> draw_defines.hh_678
+14.16s style draw_defines.hh_678 fill:#0f0
+14.16s overlay_extra_infos.hh_32368 --> draw_object_infos_infos.hh_3974
+14.16s style draw_object_infos_infos.hh_3974 fill:#3c0
+14.16s overlay_extra_infos.hh_32368 --> draw_view_infos.hh_5696
+14.16s style draw_view_infos.hh_5696 fill:#5a0
+14.16s GPU_shader_shared.hh_13548 --> GPU_shader_shared_utils.hh_933
+14.16s style GPU_shader_shared_utils.hh_933 fill:#0f0
+14.16s gpu_index_load_infos.hh_567 --> GPU_shader_shared.hh_13548
+14.16s style GPU_shader_shared.hh_13548 fill:#d20
+14.16s overlay_extra_infos.hh_32368 --> gpu_index_load_infos.hh_567
+14.16s style gpu_index_load_infos.hh_567 fill:#0f0
+14.16s overlay_shader_shared.hh_16231 --> GPU_shader_shared_utils.hh_933
+14.16s style GPU_shader_shared_utils.hh_933 fill:#0f0
+14.16s overlay_extra_infos.hh_32368 --> overlay_shader_shared.hh_16231
+14.16s style overlay_shader_shared.hh_16231 fill:#f00
+14.16s overlay_common_infos.hh_1184 --> overlay_shader_shared.hh_16231
+14.16s style overlay_shader_shared.hh_16231 fill:#f00
+14.16s overlay_common_infos.hh_1184 --> select_shader_shared.hh_773
+14.16s style select_shader_shared.hh_773 fill:#0f0
+14.16s overlay_common_infos.hh_1184 --> select_defines.hh_108
+14.16s style select_defines.hh_108 fill:#0f0
+14.16s overlay_extra_infos.hh_32368 --> overlay_common_infos.hh_1184
+14.16s style overlay_common_infos.hh_1184 fill:#1e0
+14.16s overlay_particle_vert.glsl_585 --> overlay_extra_infos.hh_32368
+14.16s style overlay_extra_infos.hh_32368 fill:#f00
+14.16s draw_model_lib.glsl_2881 --> draw_view_infos.hh_5696
+14.16s style draw_view_infos.hh_5696 fill:#5a0
+14.16s draw_view_lib.glsl_3779 --> draw_view_infos.hh_5696
+14.16s style draw_view_infos.hh_5696 fill:#5a0
+14.16s draw_model_lib.glsl_2881 --> draw_view_lib.glsl_3779
+14.16s style draw_view_lib.glsl_3779 fill:#3c0
+14.16s overlay_particle_vert.glsl_585 --> draw_model_lib.glsl_2881
+14.16s style draw_model_lib.glsl_2881 fill:#2d0
+14.16s overlay_particle_vert.glsl_585 --> draw_view_clipping_lib.glsl_1192
+14.16s style draw_view_clipping_lib.glsl_1192 fill:#1e0
+14.16s overlay_particle_vert.glsl_585 --> draw_view_lib.glsl_3779
+14.16s style draw_view_lib.glsl_3779 fill:#3c0
+14.16s overlay_particle_vert.glsl_585 --> select_lib.glsl_1221
+14.16s style select_lib.glsl_1221 fill:#1e0
+14.16s 
+14.16s 00:13.550  gpu.shader.deps  | Resolved Source Tree (Mermaid flowchart) 
+14.16s flowchart LR
+14.16s gpu_shader_compat_glsl.glsl_4944 --> gpu_shader_glsl_extension.glsl_644
+14.16s style gpu_shader_glsl_extension.glsl_644 fill:#0f0
+14.16s 
+14.16s 00:13.552  gpu.shader.deps  | Resolved Source Tree (Mermaid flowchart) overlay_particle_dot
+14.16s flowchart LR
+14.16s draw_shader_shared.hh_24775 --> GPU_shader_shared_utils.hh_933
+14.16s style GPU_shader_shared_utils.hh_933 fill:#0f0
+14.16s draw_object_infos_infos.hh_3974 --> draw_shader_shared.hh_24775
+14.16s style draw_shader_shared.hh_24775 fill:#f00
+14.16s gpencil_shader_shared.hh_4176 --> GPU_shader_shared_utils.hh_933
+14.16s style GPU_shader_shared_utils.hh_933 fill:#0f0
+14.16s draw_object_infos_infos.hh_3974 --> gpencil_shader_shared.hh_4176
+14.17s style gpencil_shader_shared.hh_4176 fill:#4b0
+14.17s draw_view_infos.hh_5696 --> draw_defines.hh_678
+14.17s style draw_defines.hh_678 fill:#0f0
+14.17s draw_command_shared.hh_1480 --> GPU_shader_shared_utils.hh_933
+14.17s style GPU_shader_shared_utils.hh_933 fill:#0f0
+14.17s draw_view_infos.hh_5696 --> draw_command_shared.hh_1480
+14.17s style draw_command_shared.hh_1480 fill:#1e0
+14.17s draw_view_infos.hh_5696 --> draw_shader_shared.hh_24775
+14.17s style draw_shader_shared.hh_24775 fill:#f00
+14.17s draw_object_infos_infos.hh_3974 --> draw_view_infos.hh_5696
+14.17s style draw_view_infos.hh_5696 fill:#5a0
+14.17s draw_object_infos_infos.hh_3974 --> draw_defines.hh_678
+14.17s style draw_defines.hh_678 fill:#0f0
+14.17s overlay_extra_infos.hh_32368 --> draw_object_infos_infos.hh_3974
+14.17s style draw_object_infos_infos.hh_3974 fill:#3c0
+14.17s overlay_extra_infos.hh_32368 --> draw_view_infos.hh_5696
+14.17s style draw_view_infos.hh_5696 fill:#5a0
+14.17s GPU_shader_shared.hh_13548 --> GPU_shader_shared_utils.hh_933
+14.17s style GPU_shader_shared_utils.hh_933 fill:#0f0
+14.17s gpu_index_load_infos.hh_567 --> GPU_shader_shared.hh_13548
+14.17s style GPU_shader_shared.hh_13548 fill:#d20
+14.17s overlay_extra_infos.hh_32368 --> gpu_index_load_infos.hh_567
+14.17s style gpu_index_load_infos.hh_567 fill:#0f0
+14.17s overlay_shader_shared.hh_16231 --> GPU_shader_shared_utils.hh_933
+14.17s style GPU_shader_shared_utils.hh_933 fill:#0f0
+14.17s overlay_extra_infos.hh_32368 --> overlay_shader_shared.hh_16231
+14.17s style overlay_shader_shared.hh_16231 fill:#f00
+14.17s overlay_common_infos.hh_1184 --> overlay_shader_shared.hh_16231
+14.17s style overlay_shader_shared.hh_16231 fill:#f00
+14.17s overlay_common_infos.hh_1184 --> select_shader_shared.hh_773
+14.17s style select_shader_shared.hh_773 fill:#0f0
+14.17s overlay_common_infos.hh_1184 --> select_defines.hh_108
+14.17s style select_defines.hh_108 fill:#0f0
+14.17s overlay_extra_infos.hh_32368 --> overlay_common_infos.hh_1184
+14.17s style overlay_common_infos.hh_1184 fill:#1e0
+14.17s overlay_particle_frag.glsl_654 --> overlay_extra_infos.hh_32368
+14.17s style overlay_extra_infos.hh_32368 fill:#f00
+14.17s draw_view_lib.glsl_3779 --> draw_view_infos.hh_5696
+14.17s style draw_view_infos.hh_5696 fill:#5a0
+14.17s overlay_common_lib.glsl_1652 --> draw_view_lib.glsl_3779
+14.17s style draw_view_lib.glsl_3779 fill:#3c0
+14.17s overlay_particle_frag.glsl_654 --> overlay_common_lib.glsl_1652
+14.17s style overlay_common_lib.glsl_1652 fill:#1e0
+14.17s overlay_particle_frag.glsl_654 --> select_lib.glsl_1221
+14.17s style select_lib.glsl_1221 fill:#1e0
+14.17s 
+14.17s 00:13.552  gpu.shader.deps  | Resolved Source Tree (Mermaid flowchart) 
+14.17s flowchart LR
+14.17s gpu_shader_compat_glsl.glsl_4944 --> gpu_shader_glsl_extension.glsl_644
+14.17s style gpu_shader_glsl_extension.glsl_644 fill:#0f0
+14.17s 
+14.30s 00:13.691  gpu.shader       | Compiling Shader "overlay_edit_particle_strand"
+14.30s 00:13.691  gpu.shader.deps  | Resolved Source Tree (Mermaid flowchart) overlay_edit_particle_strand
+14.30s flowchart LR
+14.30s draw_shader_shared.hh_24775 --> GPU_shader_shared_utils.hh_933
+14.30s style GPU_shader_shared_utils.hh_933 fill:#0f0
+14.30s draw_object_infos_infos.hh_3974 --> draw_shader_shared.hh_24775
+14.30s style draw_shader_shared.hh_24775 fill:#f00
+14.30s gpencil_shader_shared.hh_4176 --> GPU_shader_shared_utils.hh_933
+14.30s style GPU_shader_shared_utils.hh_933 fill:#0f0
+14.30s draw_object_infos_infos.hh_3974 --> gpencil_shader_shared.hh_4176
+14.30s style gpencil_shader_shared.hh_4176 fill:#4b0
+14.30s draw_view_infos.hh_5696 --> draw_defines.hh_678
+14.30s style draw_defines.hh_678 fill:#0f0
+14.30s draw_command_shared.hh_1480 --> GPU_shader_shared_utils.hh_933
+14.30s style GPU_shader_shared_utils.hh_933 fill:#0f0
+14.30s draw_view_infos.hh_5696 --> draw_command_shared.hh_1480
+14.30s style draw_command_shared.hh_1480 fill:#1e0
+14.30s draw_view_infos.hh_5696 --> draw_shader_shared.hh_24775
+14.30s style draw_shader_shared.hh_24775 fill:#f00
+14.30s draw_object_infos_infos.hh_3974 --> draw_view_infos.hh_5696
+14.30s style draw_view_infos.hh_5696 fill:#5a0
+14.30s draw_object_infos_infos.hh_3974 --> draw_defines.hh_678
+14.30s style draw_defines.hh_678 fill:#0f0
+14.30s overlay_edit_mode_infos.hh_43170 --> draw_object_infos_infos.hh_3974
+14.30s style draw_object_infos_infos.hh_3974 fill:#3c0
+14.30s overlay_edit_mode_infos.hh_43170 --> draw_view_infos.hh_5696
+14.30s style draw_view_infos.hh_5696 fill:#5a0
+14.30s GPU_shader_shared.hh_13548 --> GPU_shader_shared_utils.hh_933
+14.30s style GPU_shader_shared_utils.hh_933 fill:#0f0
+14.30s gpu_index_load_infos.hh_567 --> GPU_shader_shared.hh_13548
+14.30s style GPU_shader_shared.hh_13548 fill:#d20
+14.30s overlay_edit_mode_infos.hh_43170 --> gpu_index_load_infos.hh_567
+14.30s style gpu_index_load_infos.hh_567 fill:#0f0
+14.30s overlay_shader_shared.hh_16231 --> GPU_shader_shared_utils.hh_933
+14.30s style GPU_shader_shared_utils.hh_933 fill:#0f0
+14.30s overlay_edit_mode_infos.hh_43170 --> overlay_shader_shared.hh_16231
+14.30s style overlay_shader_shared.hh_16231 fill:#f00
+14.30s overlay_common_infos.hh_1184 --> overlay_shader_shared.hh_16231
+14.30s style overlay_shader_shared.hh_16231 fill:#f00
+14.30s overlay_common_infos.hh_1184 --> select_shader_shared.hh_773
+14.30s style select_shader_shared.hh_773 fill:#0f0
+14.30s overlay_common_infos.hh_1184 --> select_defines.hh_108
+14.30s style select_defines.hh_108 fill:#0f0
+14.30s overlay_edit_mode_infos.hh_43170 --> overlay_common_infos.hh_1184
+14.30s style overlay_common_infos.hh_1184 fill:#1e0
+14.30s overlay_edit_particle_strand_vert.glsl_1016 --> overlay_edit_mode_infos.hh_43170
+14.30s style overlay_edit_mode_infos.hh_43170 fill:#f00
+14.30s draw_model_lib.glsl_2881 --> draw_view_infos.hh_5696
+14.30s style draw_view_infos.hh_5696 fill:#5a0
+14.30s draw_view_lib.glsl_3779 --> draw_view_infos.hh_5696
+14.30s style draw_view_infos.hh_5696 fill:#5a0
+14.30s draw_model_lib.glsl_2881 --> draw_view_lib.glsl_3779
+14.30s style draw_view_lib.glsl_3779 fill:#3c0
+14.30s overlay_edit_particle_strand_vert.glsl_1016 --> draw_model_lib.glsl_2881
+14.30s style draw_model_lib.glsl_2881 fill:#2d0
+14.30s overlay_edit_particle_strand_vert.glsl_1016 --> draw_view_clipping_lib.glsl_1192
+14.30s style draw_view_clipping_lib.glsl_1192 fill:#1e0
+14.30s overlay_edit_particle_strand_vert.glsl_1016 --> draw_view_lib.glsl_3779
+14.30s style draw_view_lib.glsl_3779 fill:#3c0
+14.31s 
+14.31s 00:13.691  gpu.shader.deps  | Resolved Source Tree (Mermaid flowchart) 
+14.31s flowchart LR
+14.31s gpu_shader_compat_glsl.glsl_4944 --> gpu_shader_glsl_extension.glsl_644
+14.31s style gpu_shader_glsl_extension.glsl_644 fill:#0f0
+14.31s 
+14.31s 00:13.693  gpu.shader.deps  | Resolved Source Tree (Mermaid flowchart) overlay_edit_particle_strand
+14.31s flowchart LR
+14.31s draw_shader_shared.hh_24775 --> GPU_shader_shared_utils.hh_933
+14.31s style GPU_shader_shared_utils.hh_933 fill:#0f0
+14.31s draw_object_infos_infos.hh_3974 --> draw_shader_shared.hh_24775
+14.31s style draw_shader_shared.hh_24775 fill:#f00
+14.31s gpencil_shader_shared.hh_4176 --> GPU_shader_shared_utils.hh_933
+14.31s style GPU_shader_shared_utils.hh_933 fill:#0f0
+14.31s draw_object_infos_infos.hh_3974 --> gpencil_shader_shared.hh_4176
+14.31s style gpencil_shader_shared.hh_4176 fill:#4b0
+14.31s draw_view_infos.hh_5696 --> draw_defines.hh_678
+14.31s style draw_defines.hh_678 fill:#0f0
+14.31s draw_command_shared.hh_1480 --> GPU_shader_shared_utils.hh_933
+14.31s style GPU_shader_shared_utils.hh_933 fill:#0f0
+14.31s draw_view_infos.hh_5696 --> draw_command_shared.hh_1480
+14.31s style draw_command_shared.hh_1480 fill:#1e0
+14.31s draw_view_infos.hh_5696 --> draw_shader_shared.hh_24775
+14.31s style draw_shader_shared.hh_24775 fill:#f00
+14.31s draw_object_infos_infos.hh_3974 --> draw_view_infos.hh_5696
+14.31s style draw_view_infos.hh_5696 fill:#5a0
+14.31s draw_object_infos_infos.hh_3974 --> draw_defines.hh_678
+14.31s style draw_defines.hh_678 fill:#0f0
+14.31s overlay_volume_infos.hh_7542 --> draw_object_infos_infos.hh_3974
+14.31s style draw_object_infos_infos.hh_3974 fill:#3c0
+14.31s overlay_volume_infos.hh_7542 --> draw_view_infos.hh_5696
+14.31s style draw_view_infos.hh_5696 fill:#5a0
+14.31s overlay_shader_shared.hh_16231 --> GPU_shader_shared_utils.hh_933
+14.31s style GPU_shader_shared_utils.hh_933 fill:#0f0
+14.31s overlay_common_infos.hh_1184 --> overlay_shader_shared.hh_16231
+14.31s style overlay_shader_shared.hh_16231 fill:#f00
+14.31s overlay_common_infos.hh_1184 --> select_shader_shared.hh_773
+14.31s style select_shader_shared.hh_773 fill:#0f0
+14.31s overlay_common_infos.hh_1184 --> select_defines.hh_108
+14.31s style select_defines.hh_108 fill:#0f0
+14.31s overlay_volume_infos.hh_7542 --> overlay_common_infos.hh_1184
+14.31s style overlay_common_infos.hh_1184 fill:#1e0
+14.31s overlay_varying_color.glsl_355 --> overlay_volume_infos.hh_7542
+14.31s style overlay_volume_infos.hh_7542 fill:#780
+14.31s draw_view_lib.glsl_3779 --> draw_view_infos.hh_5696
+14.31s style draw_view_infos.hh_5696 fill:#5a0
+14.31s overlay_common_lib.glsl_1652 --> draw_view_lib.glsl_3779
+14.31s style draw_view_lib.glsl_3779 fill:#3c0
+14.31s overlay_varying_color.glsl_355 --> overlay_common_lib.glsl_1652
+14.31s style overlay_common_lib.glsl_1652 fill:#1e0
+14.31s overlay_varying_color.glsl_355 --> select_lib.glsl_1221
+14.31s style select_lib.glsl_1221 fill:#1e0
+14.31s 
+14.31s 00:13.693  gpu.shader.deps  | Resolved Source Tree (Mermaid flowchart) 
+14.31s flowchart LR
+14.31s gpu_shader_compat_glsl.glsl_4944 --> gpu_shader_glsl_extension.glsl_644
+14.31s style gpu_shader_glsl_extension.glsl_644 fill:#0f0
+14.31s 
+14.43s 00:13.828  gpu.shader       | Compiling Shader "overlay_edit_particle_point"
+14.43s 00:13.828  gpu.shader.deps  | Resolved Source Tree (Mermaid flowchart) overlay_edit_particle_point
+14.43s flowchart LR
+14.43s draw_shader_shared.hh_24775 --> GPU_shader_shared_utils.hh_933
+14.43s style GPU_shader_shared_utils.hh_933 fill:#0f0
+14.44s draw_object_infos_infos.hh_3974 --> draw_shader_shared.hh_24775
+14.44s style draw_shader_shared.hh_24775 fill:#f00
+14.44s gpencil_shader_shared.hh_4176 --> GPU_shader_shared_utils.hh_933
+14.44s style GPU_shader_shared_utils.hh_933 fill:#0f0
+14.44s draw_object_infos_infos.hh_3974 --> gpencil_shader_shared.hh_4176
+14.44s style gpencil_shader_shared.hh_4176 fill:#4b0
+14.44s draw_view_infos.hh_5696 --> draw_defines.hh_678
+14.44s style draw_defines.hh_678 fill:#0f0
+14.44s draw_command_shared.hh_1480 --> GPU_shader_shared_utils.hh_933
+14.44s style GPU_shader_shared_utils.hh_933 fill:#0f0
+14.44s draw_view_infos.hh_5696 --> draw_command_shared.hh_1480
+14.44s style draw_command_shared.hh_1480 fill:#1e0
+14.44s draw_view_infos.hh_5696 --> draw_shader_shared.hh_24775
+14.44s style draw_shader_shared.hh_24775 fill:#f00
+14.44s draw_object_infos_infos.hh_3974 --> draw_view_infos.hh_5696
+14.44s style draw_view_infos.hh_5696 fill:#5a0
+14.44s draw_object_infos_infos.hh_3974 --> draw_defines.hh_678
+14.44s style draw_defines.hh_678 fill:#0f0
+14.44s overlay_edit_mode_infos.hh_43170 --> draw_object_infos_infos.hh_3974
+14.44s style draw_object_infos_infos.hh_3974 fill:#3c0
+14.44s overlay_edit_mode_infos.hh_43170 --> draw_view_infos.hh_5696
+14.44s style draw_view_infos.hh_5696 fill:#5a0
+14.44s GPU_shader_shared.hh_13548 --> GPU_shader_shared_utils.hh_933
+14.44s style GPU_shader_shared_utils.hh_933 fill:#0f0
+14.44s gpu_index_load_infos.hh_567 --> GPU_shader_shared.hh_13548
+14.44s style GPU_shader_shared.hh_13548 fill:#d20
+14.44s overlay_edit_mode_infos.hh_43170 --> gpu_index_load_infos.hh_567
+14.44s style gpu_index_load_infos.hh_567 fill:#0f0
+14.44s overlay_shader_shared.hh_16231 --> GPU_shader_shared_utils.hh_933
+14.44s style GPU_shader_shared_utils.hh_933 fill:#0f0
+14.44s overlay_edit_mode_infos.hh_43170 --> overlay_shader_shared.hh_16231
+14.44s style overlay_shader_shared.hh_16231 fill:#f00
+14.44s overlay_common_infos.hh_1184 --> overlay_shader_shared.hh_16231
+14.44s style overlay_shader_shared.hh_16231 fill:#f00
+14.44s overlay_common_infos.hh_1184 --> select_shader_shared.hh_773
+14.44s style select_shader_shared.hh_773 fill:#0f0
+14.44s overlay_common_infos.hh_1184 --> select_defines.hh_108
+14.44s style select_defines.hh_108 fill:#0f0
+14.44s overlay_edit_mode_infos.hh_43170 --> overlay_common_infos.hh_1184
+14.44s style overlay_common_infos.hh_1184 fill:#1e0
+14.44s overlay_edit_particle_point_vert.glsl_2520 --> overlay_edit_mode_infos.hh_43170
+14.44s style overlay_edit_mode_infos.hh_43170 fill:#f00
+14.44s draw_model_lib.glsl_2881 --> draw_view_infos.hh_5696
+14.44s style draw_view_infos.hh_5696 fill:#5a0
+14.44s draw_view_lib.glsl_3779 --> draw_view_infos.hh_5696
+14.44s style draw_view_infos.hh_5696 fill:#5a0
+14.44s draw_model_lib.glsl_2881 --> draw_view_lib.glsl_3779
+14.44s style draw_view_lib.glsl_3779 fill:#3c0
+14.44s overlay_edit_particle_point_vert.glsl_2520 --> draw_model_lib.glsl_2881
+14.44s style draw_model_lib.glsl_2881 fill:#2d0
+14.44s overlay_edit_particle_point_vert.glsl_2520 --> draw_view_clipping_lib.glsl_1192
+14.44s style draw_view_clipping_lib.glsl_1192 fill:#1e0
+14.44s overlay_edit_particle_point_vert.glsl_2520 --> draw_view_lib.glsl_3779
+14.44s style draw_view_lib.glsl_3779 fill:#3c0
+14.44s 
+14.44s 00:13.829  gpu.shader.deps  | Resolved Source Tree (Mermaid flowchart) 
+14.44s flowchart LR
+14.44s gpu_shader_compat_glsl.glsl_4944 --> gpu_shader_glsl_extension.glsl_644
+14.44s style gpu_shader_glsl_extension.glsl_644 fill:#0f0
+14.44s 
+14.44s 00:13.830  gpu.shader.deps  | Resolved Source Tree (Mermaid flowchart) overlay_edit_particle_point
+14.44s flowchart LR
+14.44s draw_shader_shared.hh_24775 --> GPU_shader_shared_utils.hh_933
+14.44s style GPU_shader_shared_utils.hh_933 fill:#0f0
+14.44s draw_object_infos_infos.hh_3974 --> draw_shader_shared.hh_24775
+14.44s style draw_shader_shared.hh_24775 fill:#f00
+14.44s gpencil_shader_shared.hh_4176 --> GPU_shader_shared_utils.hh_933
+14.44s style GPU_shader_shared_utils.hh_933 fill:#0f0
+14.44s draw_object_infos_infos.hh_3974 --> gpencil_shader_shared.hh_4176
+14.44s style gpencil_shader_shared.hh_4176 fill:#4b0
+14.44s draw_view_infos.hh_5696 --> draw_defines.hh_678
+14.44s style draw_defines.hh_678 fill:#0f0
+14.44s draw_command_shared.hh_1480 --> GPU_shader_shared_utils.hh_933
+14.44s style GPU_shader_shared_utils.hh_933 fill:#0f0
+14.44s draw_view_infos.hh_5696 --> draw_command_shared.hh_1480
+14.44s style draw_command_shared.hh_1480 fill:#1e0
+14.44s draw_view_infos.hh_5696 --> draw_shader_shared.hh_24775
+14.44s style draw_shader_shared.hh_24775 fill:#f00
+14.44s draw_object_infos_infos.hh_3974 --> draw_view_infos.hh_5696
+14.44s style draw_view_infos.hh_5696 fill:#5a0
+14.44s draw_object_infos_infos.hh_3974 --> draw_defines.hh_678
+14.44s style draw_defines.hh_678 fill:#0f0
+14.44s overlay_extra_infos.hh_32368 --> draw_object_infos_infos.hh_3974
+14.44s style draw_object_infos_infos.hh_3974 fill:#3c0
+14.44s overlay_extra_infos.hh_32368 --> draw_view_infos.hh_5696
+14.44s style draw_view_infos.hh_5696 fill:#5a0
+14.44s GPU_shader_shared.hh_13548 --> GPU_shader_shared_utils.hh_933
+14.44s style GPU_shader_shared_utils.hh_933 fill:#0f0
+14.44s gpu_index_load_infos.hh_567 --> GPU_shader_shared.hh_13548
+14.44s style GPU_shader_shared.hh_13548 fill:#d20
+14.44s overlay_extra_infos.hh_32368 --> gpu_index_load_infos.hh_567
+14.44s style gpu_index_load_infos.hh_567 fill:#0f0
+14.44s overlay_shader_shared.hh_16231 --> GPU_shader_shared_utils.hh_933
+14.44s style GPU_shader_shared_utils.hh_933 fill:#0f0
+14.44s overlay_extra_infos.hh_32368 --> overlay_shader_shared.hh_16231
+14.44s style overlay_shader_shared.hh_16231 fill:#f00
+14.44s overlay_common_infos.hh_1184 --> overlay_shader_shared.hh_16231
+14.44s style overlay_shader_shared.hh_16231 fill:#f00
+14.44s overlay_common_infos.hh_1184 --> select_shader_shared.hh_773
+14.44s style select_shader_shared.hh_773 fill:#0f0
+14.44s overlay_common_infos.hh_1184 --> select_defines.hh_108
+14.44s style select_defines.hh_108 fill:#0f0
+14.44s overlay_extra_infos.hh_32368 --> overlay_common_infos.hh_1184
+14.44s style overlay_common_infos.hh_1184 fill:#1e0
+14.44s overlay_point_varying_color_frag.glsl_729 --> overlay_extra_infos.hh_32368
+14.44s style overlay_extra_infos.hh_32368 fill:#f00
+14.45s overlay_point_varying_color_frag.glsl_729 --> select_lib.glsl_1221
+14.45s style select_lib.glsl_1221 fill:#1e0
+14.45s 
+14.45s 00:13.830  gpu.shader.deps  | Resolved Source Tree (Mermaid flowchart) 
+14.45s flowchart LR
+14.45s gpu_shader_compat_glsl.glsl_4944 --> gpu_shader_glsl_extension.glsl_644
+14.45s style gpu_shader_glsl_extension.glsl_644 fill:#0f0
+14.45s 
+14.57s 00:13.966  gpu.shader       | Compiling Shader "overlay_particle_hair"
+14.57s 00:13.966  gpu.shader.deps  | Resolved Source Tree (Mermaid flowchart) overlay_particle_hair
+14.57s flowchart LR
+14.57s draw_shader_shared.hh_24775 --> GPU_shader_shared_utils.hh_933
+14.57s style GPU_shader_shared_utils.hh_933 fill:#0f0
+14.57s draw_object_infos_infos.hh_3974 --> draw_shader_shared.hh_24775
+14.57s style draw_shader_shared.hh_24775 fill:#f00
+14.58s gpencil_shader_shared.hh_4176 --> GPU_shader_shared_utils.hh_933
+14.58s style GPU_shader_shared_utils.hh_933 fill:#0f0
+14.58s draw_object_infos_infos.hh_3974 --> gpencil_shader_shared.hh_4176
+14.58s style gpencil_shader_shared.hh_4176 fill:#4b0
+14.58s draw_view_infos.hh_5696 --> draw_defines.hh_678
+14.58s style draw_defines.hh_678 fill:#0f0
+14.58s draw_command_shared.hh_1480 --> GPU_shader_shared_utils.hh_933
+14.58s style GPU_shader_shared_utils.hh_933 fill:#0f0
+14.58s draw_view_infos.hh_5696 --> draw_command_shared.hh_1480
+14.58s style draw_command_shared.hh_1480 fill:#1e0
+14.58s draw_view_infos.hh_5696 --> draw_shader_shared.hh_24775
+14.58s style draw_shader_shared.hh_24775 fill:#f00
+14.58s draw_object_infos_infos.hh_3974 --> draw_view_infos.hh_5696
+14.58s style draw_view_infos.hh_5696 fill:#5a0
+14.58s draw_object_infos_infos.hh_3974 --> draw_defines.hh_678
+14.58s style draw_defines.hh_678 fill:#0f0
+14.58s overlay_extra_infos.hh_32368 --> draw_object_infos_infos.hh_3974
+14.58s style draw_object_infos_infos.hh_3974 fill:#3c0
+14.58s overlay_extra_infos.hh_32368 --> draw_view_infos.hh_5696
+14.58s style draw_view_infos.hh_5696 fill:#5a0
+14.58s GPU_shader_shared.hh_13548 --> GPU_shader_shared_utils.hh_933
+14.58s style GPU_shader_shared_utils.hh_933 fill:#0f0
+14.58s gpu_index_load_infos.hh_567 --> GPU_shader_shared.hh_13548
+14.58s style GPU_shader_shared.hh_13548 fill:#d20
+14.58s overlay_extra_infos.hh_32368 --> gpu_index_load_infos.hh_567
+14.58s style gpu_index_load_infos.hh_567 fill:#0f0
+14.58s overlay_shader_shared.hh_16231 --> GPU_shader_shared_utils.hh_933
+14.58s style GPU_shader_shared_utils.hh_933 fill:#0f0
+14.58s overlay_extra_infos.hh_32368 --> overlay_shader_shared.hh_16231
+14.58s style overlay_shader_shared.hh_16231 fill:#f00
+14.58s overlay_common_infos.hh_1184 --> overlay_shader_shared.hh_16231
+14.58s style overlay_shader_shared.hh_16231 fill:#f00
+14.58s overlay_common_infos.hh_1184 --> select_shader_shared.hh_773
+14.58s style select_shader_shared.hh_773 fill:#0f0
+14.58s overlay_common_infos.hh_1184 --> select_defines.hh_108
+14.58s style select_defines.hh_108 fill:#0f0
+14.58s overlay_extra_infos.hh_32368 --> overlay_common_infos.hh_1184
+14.58s style overlay_common_infos.hh_1184 fill:#1e0
+14.58s overlay_particle_hair_vert.glsl_2750 --> overlay_extra_infos.hh_32368
+14.58s style overlay_extra_infos.hh_32368 fill:#f00
+14.58s draw_model_lib.glsl_2881 --> draw_view_infos.hh_5696
+14.58s style draw_view_infos.hh_5696 fill:#5a0
+14.58s draw_view_lib.glsl_3779 --> draw_view_infos.hh_5696
+14.58s style draw_view_infos.hh_5696 fill:#5a0
+14.58s draw_model_lib.glsl_2881 --> draw_view_lib.glsl_3779
+14.58s style draw_view_lib.glsl_3779 fill:#3c0
+14.58s overlay_particle_hair_vert.glsl_2750 --> draw_model_lib.glsl_2881
+14.58s style draw_model_lib.glsl_2881 fill:#2d0
+14.58s draw_object_infos_lib.glsl_542 --> draw_object_infos_infos.hh_3974
+14.58s style draw_object_infos_infos.hh_3974 fill:#3c0
+14.58s draw_object_infos_lib.glsl_542 --> draw_model_lib.glsl_2881
+14.58s style draw_model_lib.glsl_2881 fill:#2d0
+14.58s overlay_particle_hair_vert.glsl_2750 --> draw_object_infos_lib.glsl_542
+14.58s style draw_object_infos_lib.glsl_542 fill:#0f0
+14.58s overlay_particle_hair_vert.glsl_2750 --> draw_view_clipping_lib.glsl_1192
+14.58s style draw_view_clipping_lib.glsl_1192 fill:#1e0
+14.58s overlay_particle_hair_vert.glsl_2750 --> draw_view_lib.glsl_3779
+14.58s style draw_view_lib.glsl_3779 fill:#3c0
+14.58s overlay_particle_hair_vert.glsl_2750 --> gpu_shader_math_base_lib.glsl_1464
+14.58s style gpu_shader_math_base_lib.glsl_1464 fill:#1e0
+14.58s overlay_particle_hair_vert.glsl_2750 --> gpu_shader_utildefines_lib.glsl_3296
+14.58s style gpu_shader_utildefines_lib.glsl_3296 fill:#3c0
+14.58s overlay_common_lib.glsl_1652 --> draw_view_lib.glsl_3779
+14.58s style draw_view_lib.glsl_3779 fill:#3c0
+14.58s overlay_particle_hair_vert.glsl_2750 --> overlay_common_lib.glsl_1652
+14.58s style overlay_common_lib.glsl_1652 fill:#1e0
+14.58s overlay_particle_hair_vert.glsl_2750 --> select_lib.glsl_1221
+14.58s style select_lib.glsl_1221 fill:#1e0
+14.58s 
+14.58s 00:13.966  gpu.shader.deps  | Resolved Source Tree (Mermaid flowchart) 
+14.58s flowchart LR
+14.58s gpu_shader_compat_glsl.glsl_4944 --> gpu_shader_glsl_extension.glsl_644
+14.58s style gpu_shader_glsl_extension.glsl_644 fill:#0f0
+14.58s 
+14.58s 00:13.967  gpu.shader.deps  | Resolved Source Tree (Mermaid flowchart) overlay_particle_hair
+14.58s flowchart LR
+14.58s draw_shader_shared.hh_24775 --> GPU_shader_shared_utils.hh_933
+14.58s style GPU_shader_shared_utils.hh_933 fill:#0f0
+14.58s draw_object_infos_infos.hh_3974 --> draw_shader_shared.hh_24775
+14.58s style draw_shader_shared.hh_24775 fill:#f00
+14.58s gpencil_shader_shared.hh_4176 --> GPU_shader_shared_utils.hh_933
+14.58s style GPU_shader_shared_utils.hh_933 fill:#0f0
+14.58s draw_object_infos_infos.hh_3974 --> gpencil_shader_shared.hh_4176
+14.58s style gpencil_shader_shared.hh_4176 fill:#4b0
+14.58s draw_view_infos.hh_5696 --> draw_defines.hh_678
+14.58s style draw_defines.hh_678 fill:#0f0
+14.58s draw_command_shared.hh_1480 --> GPU_shader_shared_utils.hh_933
+14.58s style GPU_shader_shared_utils.hh_933 fill:#0f0
+14.58s draw_view_infos.hh_5696 --> draw_command_shared.hh_1480
+14.58s style draw_command_shared.hh_1480 fill:#1e0
+14.58s draw_view_infos.hh_5696 --> draw_shader_shared.hh_24775
+14.58s style draw_shader_shared.hh_24775 fill:#f00
+14.58s draw_object_infos_infos.hh_3974 --> draw_view_infos.hh_5696
+14.58s style draw_view_infos.hh_5696 fill:#5a0
+14.58s draw_object_infos_infos.hh_3974 --> draw_defines.hh_678
+14.58s style draw_defines.hh_678 fill:#0f0
+14.58s overlay_extra_infos.hh_32368 --> draw_object_infos_infos.hh_3974
+14.58s style draw_object_infos_infos.hh_3974 fill:#3c0
+14.58s overlay_extra_infos.hh_32368 --> draw_view_infos.hh_5696
+14.58s style draw_view_infos.hh_5696 fill:#5a0
+14.58s GPU_shader_shared.hh_13548 --> GPU_shader_shared_utils.hh_933
+14.58s style GPU_shader_shared_utils.hh_933 fill:#0f0
+14.58s gpu_index_load_infos.hh_567 --> GPU_shader_shared.hh_13548
+14.58s style GPU_shader_shared.hh_13548 fill:#d20
+14.58s overlay_extra_infos.hh_32368 --> gpu_index_load_infos.hh_567
+14.58s style gpu_index_load_infos.hh_567 fill:#0f0
+14.58s overlay_shader_shared.hh_16231 --> GPU_shader_shared_utils.hh_933
+14.58s style GPU_shader_shared_utils.hh_933 fill:#0f0
+14.58s overlay_extra_infos.hh_32368 --> overlay_shader_shared.hh_16231
+14.58s style overlay_shader_shared.hh_16231 fill:#f00
+14.58s overlay_common_infos.hh_1184 --> overlay_shader_shared.hh_16231
+14.58s style overlay_shader_shared.hh_16231 fill:#f00
+14.58s overlay_common_infos.hh_1184 --> select_shader_shared.hh_773
+14.58s style select_shader_shared.hh_773 fill:#0f0
+14.58s overlay_common_infos.hh_1184 --> select_defines.hh_108
+14.58s style select_defines.hh_108 fill:#0f0
+14.58s overlay_extra_infos.hh_32368 --> overlay_common_infos.hh_1184
+14.58s style overlay_common_infos.hh_1184 fill:#1e0
+14.58s overlay_particle_shape_frag.glsl_267 --> overlay_extra_infos.hh_32368
+14.58s style overlay_extra_infos.hh_32368 fill:#f00
+14.58s draw_view_lib.glsl_3779 --> draw_view_infos.hh_5696
+14.58s style draw_view_infos.hh_5696 fill:#5a0
+14.58s overlay_common_lib.glsl_1652 --> draw_view_lib.glsl_3779
+14.58s style draw_view_lib.glsl_3779 fill:#3c0
+14.58s overlay_particle_shape_frag.glsl_267 --> overlay_common_lib.glsl_1652
+14.58s style overlay_common_lib.glsl_1652 fill:#1e0
+14.58s overlay_particle_shape_frag.glsl_267 --> select_lib.glsl_1221
+14.58s style select_lib.glsl_1221 fill:#1e0
+14.58s 
+14.58s 00:13.968  gpu.shader.deps  | Resolved Source Tree (Mermaid flowchart) 
+14.58s flowchart LR
+14.58s gpu_shader_compat_glsl.glsl_4944 --> gpu_shader_glsl_extension.glsl_644
+14.58s style gpu_shader_glsl_extension.glsl_644 fill:#0f0
+14.58s 
+14.71s 00:14.106  gpu.shader       | Compiling Shader "overlay_particle_shape"
+14.71s 00:14.106  gpu.shader.deps  | Resolved Source Tree (Mermaid flowchart) overlay_particle_shape
+14.71s flowchart LR
+14.71s draw_shader_shared.hh_24775 --> GPU_shader_shared_utils.hh_933
+14.71s style GPU_shader_shared_utils.hh_933 fill:#0f0
+14.71s draw_object_infos_infos.hh_3974 --> draw_shader_shared.hh_24775
+14.71s style draw_shader_shared.hh_24775 fill:#f00
+14.72s gpencil_shader_shared.hh_4176 --> GPU_shader_shared_utils.hh_933
+14.72s style GPU_shader_shared_utils.hh_933 fill:#0f0
+14.72s draw_object_infos_infos.hh_3974 --> gpencil_shader_shared.hh_4176
+14.72s style gpencil_shader_shared.hh_4176 fill:#4b0
+14.72s draw_view_infos.hh_5696 --> draw_defines.hh_678
+14.72s style draw_defines.hh_678 fill:#0f0
+14.72s draw_command_shared.hh_1480 --> GPU_shader_shared_utils.hh_933
+14.72s style GPU_shader_shared_utils.hh_933 fill:#0f0
+14.72s draw_view_infos.hh_5696 --> draw_command_shared.hh_1480
+14.72s style draw_command_shared.hh_1480 fill:#1e0
+14.72s draw_view_infos.hh_5696 --> draw_shader_shared.hh_24775
+14.72s style draw_shader_shared.hh_24775 fill:#f00
+14.72s draw_object_infos_infos.hh_3974 --> draw_view_infos.hh_5696
+14.72s style draw_view_infos.hh_5696 fill:#5a0
+14.72s draw_object_infos_infos.hh_3974 --> draw_defines.hh_678
+14.72s style draw_defines.hh_678 fill:#0f0
+14.72s overlay_extra_infos.hh_32368 --> draw_object_infos_infos.hh_3974
+14.72s style draw_object_infos_infos.hh_3974 fill:#3c0
+14.72s overlay_extra_infos.hh_32368 --> draw_view_infos.hh_5696
+14.72s style draw_view_infos.hh_5696 fill:#5a0
+14.72s GPU_shader_shared.hh_13548 --> GPU_shader_shared_utils.hh_933
+14.72s style GPU_shader_shared_utils.hh_933 fill:#0f0
+14.72s gpu_index_load_infos.hh_567 --> GPU_shader_shared.hh_13548
+14.72s style GPU_shader_shared.hh_13548 fill:#d20
+14.72s overlay_extra_infos.hh_32368 --> gpu_index_load_infos.hh_567
+14.72s style gpu_index_load_infos.hh_567 fill:#0f0
+14.72s overlay_shader_shared.hh_16231 --> GPU_shader_shared_utils.hh_933
+14.72s style GPU_shader_shared_utils.hh_933 fill:#0f0
+14.72s overlay_extra_infos.hh_32368 --> overlay_shader_shared.hh_16231
+14.72s style overlay_shader_shared.hh_16231 fill:#f00
+14.72s overlay_common_infos.hh_1184 --> overlay_shader_shared.hh_16231
+14.72s style overlay_shader_shared.hh_16231 fill:#f00
+14.72s overlay_common_infos.hh_1184 --> select_shader_shared.hh_773
+14.72s style select_shader_shared.hh_773 fill:#0f0
+14.72s overlay_common_infos.hh_1184 --> select_defines.hh_108
+14.72s style select_defines.hh_108 fill:#0f0
+14.72s overlay_extra_infos.hh_32368 --> overlay_common_infos.hh_1184
+14.72s style overlay_common_infos.hh_1184 fill:#1e0
+14.72s overlay_particle_shape_vert.glsl_2288 --> overlay_extra_infos.hh_32368
+14.72s style overlay_extra_infos.hh_32368 fill:#f00
+14.72s draw_model_lib.glsl_2881 --> draw_view_infos.hh_5696
+14.72s style draw_view_infos.hh_5696 fill:#5a0
+14.72s draw_view_lib.glsl_3779 --> draw_view_infos.hh_5696
+14.72s style draw_view_infos.hh_5696 fill:#5a0
+14.72s draw_model_lib.glsl_2881 --> draw_view_lib.glsl_3779
+14.72s style draw_view_lib.glsl_3779 fill:#3c0
+14.72s overlay_particle_shape_vert.glsl_2288 --> draw_model_lib.glsl_2881
+14.72s style draw_model_lib.glsl_2881 fill:#2d0
+14.72s overlay_particle_shape_vert.glsl_2288 --> draw_view_clipping_lib.glsl_1192
+14.72s style draw_view_clipping_lib.glsl_1192 fill:#1e0
+14.72s overlay_particle_shape_vert.glsl_2288 --> draw_view_lib.glsl_3779
+14.72s style draw_view_lib.glsl_3779 fill:#3c0
+14.72s overlay_particle_shape_vert.glsl_2288 --> gpu_shader_math_constants_lib.glsl_604
+14.72s style gpu_shader_math_constants_lib.glsl_604 fill:#0f0
+14.72s overlay_particle_shape_vert.glsl_2288 --> gpu_shader_math_matrix_transform_lib.glsl_833
+14.72s style gpu_shader_math_matrix_transform_lib.glsl_833 fill:#0f0
+14.72s overlay_particle_shape_vert.glsl_2288 --> select_lib.glsl_1221
+14.72s style select_lib.glsl_1221 fill:#1e0
+14.72s 
+14.72s 00:14.106  gpu.shader.deps  | Resolved Source Tree (Mermaid flowchart) 
+14.72s flowchart LR
+14.72s gpu_shader_compat_glsl.glsl_4944 --> gpu_shader_glsl_extension.glsl_644
+14.72s style gpu_shader_glsl_extension.glsl_644 fill:#0f0
+14.72s 
+14.72s 00:14.108  gpu.shader.deps  | Resolved Source Tree (Mermaid flowchart) overlay_particle_shape
+14.72s flowchart LR
+14.72s draw_shader_shared.hh_24775 --> GPU_shader_shared_utils.hh_933
+14.72s style GPU_shader_shared_utils.hh_933 fill:#0f0
+14.72s draw_object_infos_infos.hh_3974 --> draw_shader_shared.hh_24775
+14.72s style draw_shader_shared.hh_24775 fill:#f00
+14.72s gpencil_shader_shared.hh_4176 --> GPU_shader_shared_utils.hh_933
+14.72s style GPU_shader_shared_utils.hh_933 fill:#0f0
+14.72s draw_object_infos_infos.hh_3974 --> gpencil_shader_shared.hh_4176
+14.72s style gpencil_shader_shared.hh_4176 fill:#4b0
+14.72s draw_view_infos.hh_5696 --> draw_defines.hh_678
+14.72s style draw_defines.hh_678 fill:#0f0
+14.72s draw_command_shared.hh_1480 --> GPU_shader_shared_utils.hh_933
+14.72s style GPU_shader_shared_utils.hh_933 fill:#0f0
+14.72s draw_view_infos.hh_5696 --> draw_command_shared.hh_1480
+14.72s style draw_command_shared.hh_1480 fill:#1e0
+14.72s draw_view_infos.hh_5696 --> draw_shader_shared.hh_24775
+14.72s style draw_shader_shared.hh_24775 fill:#f00
+14.72s draw_object_infos_infos.hh_3974 --> draw_view_infos.hh_5696
+14.72s style draw_view_infos.hh_5696 fill:#5a0
+14.72s draw_object_infos_infos.hh_3974 --> draw_defines.hh_678
+14.72s style draw_defines.hh_678 fill:#0f0
+14.72s overlay_extra_infos.hh_32368 --> draw_object_infos_infos.hh_3974
+14.72s style draw_object_infos_infos.hh_3974 fill:#3c0
+14.72s overlay_extra_infos.hh_32368 --> draw_view_infos.hh_5696
+14.72s style draw_view_infos.hh_5696 fill:#5a0
+14.72s GPU_shader_shared.hh_13548 --> GPU_shader_shared_utils.hh_933
+14.72s style GPU_shader_shared_utils.hh_933 fill:#0f0
+14.72s gpu_index_load_infos.hh_567 --> GPU_shader_shared.hh_13548
+14.72s style GPU_shader_shared.hh_13548 fill:#d20
+14.72s overlay_extra_infos.hh_32368 --> gpu_index_load_infos.hh_567
+14.72s style gpu_index_load_infos.hh_567 fill:#0f0
+14.72s overlay_shader_shared.hh_16231 --> GPU_shader_shared_utils.hh_933
+14.72s style GPU_shader_shared_utils.hh_933 fill:#0f0
+14.72s overlay_extra_infos.hh_32368 --> overlay_shader_shared.hh_16231
+14.72s style overlay_shader_shared.hh_16231 fill:#f00
+14.72s overlay_common_infos.hh_1184 --> overlay_shader_shared.hh_16231
+14.72s style overlay_shader_shared.hh_16231 fill:#f00
+14.72s overlay_common_infos.hh_1184 --> select_shader_shared.hh_773
+14.72s style select_shader_shared.hh_773 fill:#0f0
+14.72s overlay_common_infos.hh_1184 --> select_defines.hh_108
+14.72s style select_defines.hh_108 fill:#0f0
+14.72s overlay_extra_infos.hh_32368 --> overlay_common_infos.hh_1184
+14.72s style overlay_common_infos.hh_1184 fill:#1e0
+14.72s overlay_particle_shape_frag.glsl_267 --> overlay_extra_infos.hh_32368
+14.72s style overlay_extra_infos.hh_32368 fill:#f00
+14.72s draw_view_lib.glsl_3779 --> draw_view_infos.hh_5696
+14.72s style draw_view_infos.hh_5696 fill:#5a0
+14.72s overlay_common_lib.glsl_1652 --> draw_view_lib.glsl_3779
+14.72s style draw_view_lib.glsl_3779 fill:#3c0
+14.72s overlay_particle_shape_frag.glsl_267 --> overlay_common_lib.glsl_1652
+14.72s style overlay_common_lib.glsl_1652 fill:#1e0
+14.72s overlay_particle_shape_frag.glsl_267 --> select_lib.glsl_1221
+14.72s style select_lib.glsl_1221 fill:#1e0
+14.72s 
+14.72s 00:14.108  gpu.shader.deps  | Resolved Source Tree (Mermaid flowchart) 
+14.72s flowchart LR
+14.72s gpu_shader_compat_glsl.glsl_4944 --> gpu_shader_glsl_extension.glsl_644
+14.72s style gpu_shader_glsl_extension.glsl_644 fill:#0f0
+14.72s 
+14.85s 00:14.242  gpu.shader       | Compiling Shader "overlay_edit_pointcloud"
+14.85s 00:14.242  gpu.shader.deps  | Resolved Source Tree (Mermaid flowchart) overlay_edit_pointcloud
+14.85s flowchart LR
+14.85s draw_shader_shared.hh_24775 --> GPU_shader_shared_utils.hh_933
+14.85s style GPU_shader_shared_utils.hh_933 fill:#0f0
+14.85s draw_object_infos_infos.hh_3974 --> draw_shader_shared.hh_24775
+14.85s style draw_shader_shared.hh_24775 fill:#f00
+14.86s gpencil_shader_shared.hh_4176 --> GPU_shader_shared_utils.hh_933
+14.86s style GPU_shader_shared_utils.hh_933 fill:#0f0
+14.86s draw_object_infos_infos.hh_3974 --> gpencil_shader_shared.hh_4176
+14.86s style gpencil_shader_shared.hh_4176 fill:#4b0
+14.86s draw_view_infos.hh_5696 --> draw_defines.hh_678
+14.86s style draw_defines.hh_678 fill:#0f0
+14.86s draw_command_shared.hh_1480 --> GPU_shader_shared_utils.hh_933
+14.86s style GPU_shader_shared_utils.hh_933 fill:#0f0
+14.86s draw_view_infos.hh_5696 --> draw_command_shared.hh_1480
+14.86s style draw_command_shared.hh_1480 fill:#1e0
+14.86s draw_view_infos.hh_5696 --> draw_shader_shared.hh_24775
+14.86s style draw_shader_shared.hh_24775 fill:#f00
+14.86s draw_object_infos_infos.hh_3974 --> draw_view_infos.hh_5696
+14.86s style draw_view_infos.hh_5696 fill:#5a0
+14.86s draw_object_infos_infos.hh_3974 --> draw_defines.hh_678
+14.86s style draw_defines.hh_678 fill:#0f0
+14.86s overlay_edit_mode_infos.hh_43170 --> draw_object_infos_infos.hh_3974
+14.86s style draw_object_infos_infos.hh_3974 fill:#3c0
+14.86s overlay_edit_mode_infos.hh_43170 --> draw_view_infos.hh_5696
+14.86s style draw_view_infos.hh_5696 fill:#5a0
+14.86s GPU_shader_shared.hh_13548 --> GPU_shader_shared_utils.hh_933
+14.86s style GPU_shader_shared_utils.hh_933 fill:#0f0
+14.86s gpu_index_load_infos.hh_567 --> GPU_shader_shared.hh_13548
+14.86s style GPU_shader_shared.hh_13548 fill:#d20
+14.86s overlay_edit_mode_infos.hh_43170 --> gpu_index_load_infos.hh_567
+14.86s style gpu_index_load_infos.hh_567 fill:#0f0
+14.86s overlay_shader_shared.hh_16231 --> GPU_shader_shared_utils.hh_933
+14.86s style GPU_shader_shared_utils.hh_933 fill:#0f0
+14.86s overlay_edit_mode_infos.hh_43170 --> overlay_shader_shared.hh_16231
+14.86s style overlay_shader_shared.hh_16231 fill:#f00
+14.86s overlay_common_infos.hh_1184 --> overlay_shader_shared.hh_16231
+14.86s style overlay_shader_shared.hh_16231 fill:#f00
+14.86s overlay_common_infos.hh_1184 --> select_shader_shared.hh_773
+14.86s style select_shader_shared.hh_773 fill:#0f0
+14.86s overlay_common_infos.hh_1184 --> select_defines.hh_108
+14.86s style select_defines.hh_108 fill:#0f0
+14.86s overlay_edit_mode_infos.hh_43170 --> overlay_common_infos.hh_1184
+14.86s style overlay_common_infos.hh_1184 fill:#1e0
+14.86s overlay_edit_pointcloud_vert.glsl_523 --> overlay_edit_mode_infos.hh_43170
+14.86s style overlay_edit_mode_infos.hh_43170 fill:#f00
+14.86s draw_model_lib.glsl_2881 --> draw_view_infos.hh_5696
+14.86s style draw_view_infos.hh_5696 fill:#5a0
+14.86s draw_view_lib.glsl_3779 --> draw_view_infos.hh_5696
+14.86s style draw_view_infos.hh_5696 fill:#5a0
+14.86s draw_model_lib.glsl_2881 --> draw_view_lib.glsl_3779
+14.86s style draw_view_lib.glsl_3779 fill:#3c0
+14.86s overlay_edit_pointcloud_vert.glsl_523 --> draw_model_lib.glsl_2881
+14.86s style draw_model_lib.glsl_2881 fill:#2d0
+14.86s overlay_edit_pointcloud_vert.glsl_523 --> draw_view_clipping_lib.glsl_1192
+14.86s style draw_view_clipping_lib.glsl_1192 fill:#1e0
+14.86s overlay_edit_pointcloud_vert.glsl_523 --> draw_view_lib.glsl_3779
+14.86s style draw_view_lib.glsl_3779 fill:#3c0
+14.86s 
+14.86s 00:14.242  gpu.shader.deps  | Resolved Source Tree (Mermaid flowchart) 
+14.86s flowchart LR
+14.86s gpu_shader_compat_glsl.glsl_4944 --> gpu_shader_glsl_extension.glsl_644
+14.86s style gpu_shader_glsl_extension.glsl_644 fill:#0f0
+14.86s 
+14.86s 00:14.244  gpu.shader.deps  | Resolved Source Tree (Mermaid flowchart) overlay_edit_pointcloud
+14.86s flowchart LR
+14.86s draw_shader_shared.hh_24775 --> GPU_shader_shared_utils.hh_933
+14.86s style GPU_shader_shared_utils.hh_933 fill:#0f0
+14.86s draw_object_infos_infos.hh_3974 --> draw_shader_shared.hh_24775
+14.86s style draw_shader_shared.hh_24775 fill:#f00
+14.86s gpencil_shader_shared.hh_4176 --> GPU_shader_shared_utils.hh_933
+14.86s style GPU_shader_shared_utils.hh_933 fill:#0f0
+14.86s draw_object_infos_infos.hh_3974 --> gpencil_shader_shared.hh_4176
+14.86s style gpencil_shader_shared.hh_4176 fill:#4b0
+14.86s draw_view_infos.hh_5696 --> draw_defines.hh_678
+14.86s style draw_defines.hh_678 fill:#0f0
+14.86s draw_command_shared.hh_1480 --> GPU_shader_shared_utils.hh_933
+14.86s style GPU_shader_shared_utils.hh_933 fill:#0f0
+14.86s draw_view_infos.hh_5696 --> draw_command_shared.hh_1480
+14.86s style draw_command_shared.hh_1480 fill:#1e0
+14.86s draw_view_infos.hh_5696 --> draw_shader_shared.hh_24775
+14.86s style draw_shader_shared.hh_24775 fill:#f00
+14.86s draw_object_infos_infos.hh_3974 --> draw_view_infos.hh_5696
+14.86s style draw_view_infos.hh_5696 fill:#5a0
+14.86s draw_object_infos_infos.hh_3974 --> draw_defines.hh_678
+14.86s style draw_defines.hh_678 fill:#0f0
+14.86s overlay_extra_infos.hh_32368 --> draw_object_infos_infos.hh_3974
+14.86s style draw_object_infos_infos.hh_3974 fill:#3c0
+14.86s overlay_extra_infos.hh_32368 --> draw_view_infos.hh_5696
+14.86s style draw_view_infos.hh_5696 fill:#5a0
+14.86s GPU_shader_shared.hh_13548 --> GPU_shader_shared_utils.hh_933
+14.86s style GPU_shader_shared_utils.hh_933 fill:#0f0
+14.86s gpu_index_load_infos.hh_567 --> GPU_shader_shared.hh_13548
+14.86s style GPU_shader_shared.hh_13548 fill:#d20
+14.86s overlay_extra_infos.hh_32368 --> gpu_index_load_infos.hh_567
+14.86s style gpu_index_load_infos.hh_567 fill:#0f0
+14.86s overlay_shader_shared.hh_16231 --> GPU_shader_shared_utils.hh_933
+14.86s style GPU_shader_shared_utils.hh_933 fill:#0f0
+14.86s overlay_extra_infos.hh_32368 --> overlay_shader_shared.hh_16231
+14.86s style overlay_shader_shared.hh_16231 fill:#f00
+14.86s overlay_common_infos.hh_1184 --> overlay_shader_shared.hh_16231
+14.86s style overlay_shader_shared.hh_16231 fill:#f00
+14.86s overlay_common_infos.hh_1184 --> select_shader_shared.hh_773
+14.86s style select_shader_shared.hh_773 fill:#0f0
+14.86s overlay_common_infos.hh_1184 --> select_defines.hh_108
+14.86s style select_defines.hh_108 fill:#0f0
+14.86s overlay_extra_infos.hh_32368 --> overlay_common_infos.hh_1184
+14.86s style overlay_common_infos.hh_1184 fill:#1e0
+14.86s overlay_point_varying_color_frag.glsl_729 --> overlay_extra_infos.hh_32368
+14.86s style overlay_extra_infos.hh_32368 fill:#f00
+14.86s overlay_point_varying_color_frag.glsl_729 --> select_lib.glsl_1221
+14.86s style select_lib.glsl_1221 fill:#1e0
+14.86s 
+14.86s 00:14.244  gpu.shader.deps  | Resolved Source Tree (Mermaid flowchart) 
+14.86s flowchart LR
+14.86s gpu_shader_compat_glsl.glsl_4944 --> gpu_shader_glsl_extension.glsl_644
+14.86s style gpu_shader_glsl_extension.glsl_644 fill:#0f0
+14.86s 
+14.98s 00:14.376  gpu.shader       | Compiling Shader "overlay_uniform_color"
+14.98s 00:14.376  gpu.shader.deps  | Resolved Source Tree (Mermaid flowchart) overlay_uniform_color
+14.98s flowchart LR
+14.98s draw_shader_shared.hh_24775 --> GPU_shader_shared_utils.hh_933
+14.98s style GPU_shader_shared_utils.hh_933 fill:#0f0
+14.98s draw_object_infos_infos.hh_3974 --> draw_shader_shared.hh_24775
+14.98s style draw_shader_shared.hh_24775 fill:#f00
+14.98s gpencil_shader_shared.hh_4176 --> GPU_shader_shared_utils.hh_933
+14.98s style GPU_shader_shared_utils.hh_933 fill:#0f0
+14.99s draw_object_infos_infos.hh_3974 --> gpencil_shader_shared.hh_4176
+14.99s style gpencil_shader_shared.hh_4176 fill:#4b0
+14.99s draw_view_infos.hh_5696 --> draw_defines.hh_678
+14.99s style draw_defines.hh_678 fill:#0f0
+14.99s draw_command_shared.hh_1480 --> GPU_shader_shared_utils.hh_933
+14.99s style GPU_shader_shared_utils.hh_933 fill:#0f0
+14.99s draw_view_infos.hh_5696 --> draw_command_shared.hh_1480
+14.99s style draw_command_shared.hh_1480 fill:#1e0
+14.99s draw_view_infos.hh_5696 --> draw_shader_shared.hh_24775
+14.99s style draw_shader_shared.hh_24775 fill:#f00
+14.99s draw_object_infos_infos.hh_3974 --> draw_view_infos.hh_5696
+14.99s style draw_view_infos.hh_5696 fill:#5a0
+14.99s draw_object_infos_infos.hh_3974 --> draw_defines.hh_678
+14.99s style draw_defines.hh_678 fill:#0f0
+14.99s overlay_edit_mode_infos.hh_43170 --> draw_object_infos_infos.hh_3974
+14.99s style draw_object_infos_infos.hh_3974 fill:#3c0
+14.99s overlay_edit_mode_infos.hh_43170 --> draw_view_infos.hh_5696
+14.99s style draw_view_infos.hh_5696 fill:#5a0
+14.99s GPU_shader_shared.hh_13548 --> GPU_shader_shared_utils.hh_933
+14.99s style GPU_shader_shared_utils.hh_933 fill:#0f0
+14.99s gpu_index_load_infos.hh_567 --> GPU_shader_shared.hh_13548
+14.99s style GPU_shader_shared.hh_13548 fill:#d20
+14.99s overlay_edit_mode_infos.hh_43170 --> gpu_index_load_infos.hh_567
+14.99s style gpu_index_load_infos.hh_567 fill:#0f0
+14.99s overlay_shader_shared.hh_16231 --> GPU_shader_shared_utils.hh_933
+14.99s style GPU_shader_shared_utils.hh_933 fill:#0f0
+14.99s overlay_edit_mode_infos.hh_43170 --> overlay_shader_shared.hh_16231
+14.99s style overlay_shader_shared.hh_16231 fill:#f00
+14.99s overlay_common_infos.hh_1184 --> overlay_shader_shared.hh_16231
+14.99s style overlay_shader_shared.hh_16231 fill:#f00
+14.99s overlay_common_infos.hh_1184 --> select_shader_shared.hh_773
+14.99s style select_shader_shared.hh_773 fill:#0f0
+14.99s overlay_common_infos.hh_1184 --> select_defines.hh_108
+14.99s style select_defines.hh_108 fill:#0f0
+14.99s overlay_edit_mode_infos.hh_43170 --> overlay_common_infos.hh_1184
+14.99s style overlay_common_infos.hh_1184 fill:#1e0
+14.99s overlay_depth_only_vert.glsl_305 --> overlay_edit_mode_infos.hh_43170
+14.99s style overlay_edit_mode_infos.hh_43170 fill:#f00
+14.99s draw_model_lib.glsl_2881 --> draw_view_infos.hh_5696
+14.99s style draw_view_infos.hh_5696 fill:#5a0
+14.99s draw_view_lib.glsl_3779 --> draw_view_infos.hh_5696
+14.99s style draw_view_infos.hh_5696 fill:#5a0
+14.99s draw_model_lib.glsl_2881 --> draw_view_lib.glsl_3779
+14.99s style draw_view_lib.glsl_3779 fill:#3c0
+14.99s overlay_depth_only_vert.glsl_305 --> draw_model_lib.glsl_2881
+14.99s style draw_model_lib.glsl_2881 fill:#2d0
+14.99s overlay_depth_only_vert.glsl_305 --> draw_view_clipping_lib.glsl_1192
+14.99s style draw_view_clipping_lib.glsl_1192 fill:#1e0
+14.99s overlay_depth_only_vert.glsl_305 --> draw_view_lib.glsl_3779
+14.99s style draw_view_lib.glsl_3779 fill:#3c0
+14.99s overlay_depth_only_vert.glsl_305 --> select_lib.glsl_1221
+14.99s style select_lib.glsl_1221 fill:#1e0
+14.99s 
+14.99s 00:14.376  gpu.shader.deps  | Resolved Source Tree (Mermaid flowchart) 
+14.99s flowchart LR
+14.99s gpu_shader_compat_glsl.glsl_4944 --> gpu_shader_glsl_extension.glsl_644
+14.99s style gpu_shader_glsl_extension.glsl_644 fill:#0f0
+14.99s 
+14.99s 00:14.377  gpu.shader.deps  | Resolved Source Tree (Mermaid flowchart) overlay_uniform_color
+14.99s flowchart LR
+14.99s draw_shader_shared.hh_24775 --> GPU_shader_shared_utils.hh_933
+14.99s style GPU_shader_shared_utils.hh_933 fill:#0f0
+14.99s draw_object_infos_infos.hh_3974 --> draw_shader_shared.hh_24775
+14.99s style draw_shader_shared.hh_24775 fill:#f00
+14.99s gpencil_shader_shared.hh_4176 --> GPU_shader_shared_utils.hh_933
+14.99s style GPU_shader_shared_utils.hh_933 fill:#0f0
+14.99s draw_object_infos_infos.hh_3974 --> gpencil_shader_shared.hh_4176
+14.99s style gpencil_shader_shared.hh_4176 fill:#4b0
+14.99s draw_view_infos.hh_5696 --> draw_defines.hh_678
+14.99s style draw_defines.hh_678 fill:#0f0
+14.99s draw_command_shared.hh_1480 --> GPU_shader_shared_utils.hh_933
+14.99s style GPU_shader_shared_utils.hh_933 fill:#0f0
+14.99s draw_view_infos.hh_5696 --> draw_command_shared.hh_1480
+14.99s style draw_command_shared.hh_1480 fill:#1e0
+14.99s draw_view_infos.hh_5696 --> draw_shader_shared.hh_24775
+14.99s style draw_shader_shared.hh_24775 fill:#f00
+14.99s draw_object_infos_infos.hh_3974 --> draw_view_infos.hh_5696
+14.99s style draw_view_infos.hh_5696 fill:#5a0
+14.99s draw_object_infos_infos.hh_3974 --> draw_defines.hh_678
+14.99s style draw_defines.hh_678 fill:#0f0
+14.99s overlay_paint_infos.hh_5641 --> draw_object_infos_infos.hh_3974
+14.99s style draw_object_infos_infos.hh_3974 fill:#3c0
+14.99s overlay_paint_infos.hh_5641 --> draw_view_infos.hh_5696
+14.99s style draw_view_infos.hh_5696 fill:#5a0
+14.99s overlay_shader_shared.hh_16231 --> GPU_shader_shared_utils.hh_933
+14.99s style GPU_shader_shared_utils.hh_933 fill:#0f0
+14.99s overlay_common_infos.hh_1184 --> overlay_shader_shared.hh_16231
+14.99s style overlay_shader_shared.hh_16231 fill:#f00
+14.99s overlay_common_infos.hh_1184 --> select_shader_shared.hh_773
+14.99s style select_shader_shared.hh_773 fill:#0f0
+14.99s overlay_common_infos.hh_1184 --> select_defines.hh_108
+14.99s style select_defines.hh_108 fill:#0f0
+14.99s overlay_paint_infos.hh_5641 --> overlay_common_infos.hh_1184
+14.99s style overlay_common_infos.hh_1184 fill:#1e0
+14.99s overlay_uniform_color_frag.glsl_196 --> overlay_paint_infos.hh_5641
+14.99s style overlay_paint_infos.hh_5641 fill:#5a0
+14.99s 
+14.99s 00:14.377  gpu.shader.deps  | Resolved Source Tree (Mermaid flowchart) 
+14.99s flowchart LR
+14.99s gpu_shader_compat_glsl.glsl_4944 --> gpu_shader_glsl_extension.glsl_644
+14.99s style gpu_shader_glsl_extension.glsl_644 fill:#0f0
+14.99s 
+15.11s 00:14.507  gpu.shader       | Compiling Shader "overlay_wireframe_curve"
+15.11s 00:14.507  gpu.shader.deps  | Resolved Source Tree (Mermaid flowchart) overlay_wireframe_curve
+15.11s flowchart LR
+15.11s draw_shader_shared.hh_24775 --> GPU_shader_shared_utils.hh_933
+15.11s style GPU_shader_shared_utils.hh_933 fill:#0f0
+15.11s draw_object_infos_infos.hh_3974 --> draw_shader_shared.hh_24775
+15.12s style draw_shader_shared.hh_24775 fill:#f00
+15.12s gpencil_shader_shared.hh_4176 --> GPU_shader_shared_utils.hh_933
+15.12s style GPU_shader_shared_utils.hh_933 fill:#0f0
+15.12s draw_object_infos_infos.hh_3974 --> gpencil_shader_shared.hh_4176
+15.12s style gpencil_shader_shared.hh_4176 fill:#4b0
+15.12s draw_view_infos.hh_5696 --> draw_defines.hh_678
+15.12s style draw_defines.hh_678 fill:#0f0
+15.12s draw_command_shared.hh_1480 --> GPU_shader_shared_utils.hh_933
+15.12s style GPU_shader_shared_utils.hh_933 fill:#0f0
+15.12s draw_view_infos.hh_5696 --> draw_command_shared.hh_1480
+15.12s style draw_command_shared.hh_1480 fill:#1e0
+15.12s draw_view_infos.hh_5696 --> draw_shader_shared.hh_24775
+15.12s style draw_shader_shared.hh_24775 fill:#f00
+15.12s draw_object_infos_infos.hh_3974 --> draw_view_infos.hh_5696
+15.12s style draw_view_infos.hh_5696 fill:#5a0
+15.12s draw_object_infos_infos.hh_3974 --> draw_defines.hh_678
+15.12s style draw_defines.hh_678 fill:#0f0
+15.12s overlay_wireframe_infos.hh_11630 --> draw_object_infos_infos.hh_3974
+15.12s style draw_object_infos_infos.hh_3974 fill:#3c0
+15.12s overlay_wireframe_infos.hh_11630 --> draw_view_infos.hh_5696
+15.12s style draw_view_infos.hh_5696 fill:#5a0
+15.12s GPU_shader_shared.hh_13548 --> GPU_shader_shared_utils.hh_933
+15.12s style GPU_shader_shared_utils.hh_933 fill:#0f0
+15.12s gpu_index_load_infos.hh_567 --> GPU_shader_shared.hh_13548
+15.12s style GPU_shader_shared.hh_13548 fill:#d20
+15.12s overlay_wireframe_infos.hh_11630 --> gpu_index_load_infos.hh_567
+15.12s style gpu_index_load_infos.hh_567 fill:#0f0
+15.12s overlay_shader_shared.hh_16231 --> GPU_shader_shared_utils.hh_933
+15.12s style GPU_shader_shared_utils.hh_933 fill:#0f0
+15.12s overlay_common_infos.hh_1184 --> overlay_shader_shared.hh_16231
+15.12s style overlay_shader_shared.hh_16231 fill:#f00
+15.12s overlay_common_infos.hh_1184 --> select_shader_shared.hh_773
+15.12s style select_shader_shared.hh_773 fill:#0f0
+15.12s overlay_common_infos.hh_1184 --> select_defines.hh_108
+15.12s style select_defines.hh_108 fill:#0f0
+15.12s overlay_wireframe_infos.hh_11630 --> overlay_common_infos.hh_1184
+15.12s style overlay_common_infos.hh_1184 fill:#1e0
+15.12s overlay_wireframe_vert.glsl_4780 --> overlay_wireframe_infos.hh_11630
+15.12s style overlay_wireframe_infos.hh_11630 fill:#b40
+15.12s draw_model_lib.glsl_2881 --> draw_view_infos.hh_5696
+15.12s style draw_view_infos.hh_5696 fill:#5a0
+15.12s draw_view_lib.glsl_3779 --> draw_view_infos.hh_5696
+15.12s style draw_view_infos.hh_5696 fill:#5a0
+15.12s draw_model_lib.glsl_2881 --> draw_view_lib.glsl_3779
+15.12s style draw_view_lib.glsl_3779 fill:#3c0
+15.12s overlay_wireframe_vert.glsl_4780 --> draw_model_lib.glsl_2881
+15.12s style draw_model_lib.glsl_2881 fill:#2d0
+15.12s draw_object_infos_lib.glsl_542 --> draw_object_infos_infos.hh_3974
+15.12s style draw_object_infos_infos.hh_3974 fill:#3c0
+15.12s draw_object_infos_lib.glsl_542 --> draw_model_lib.glsl_2881
+15.12s style draw_model_lib.glsl_2881 fill:#2d0
+15.12s overlay_wireframe_vert.glsl_4780 --> draw_object_infos_lib.glsl_542
+15.12s style draw_object_infos_lib.glsl_542 fill:#0f0
+15.12s overlay_wireframe_vert.glsl_4780 --> draw_view_clipping_lib.glsl_1192
+15.12s style draw_view_clipping_lib.glsl_1192 fill:#1e0
+15.12s overlay_wireframe_vert.glsl_4780 --> draw_view_lib.glsl_3779
+15.12s style draw_view_lib.glsl_3779 fill:#3c0
+15.12s gpu_shader_math_safe_lib.glsl_1274 --> gpu_shader_math_constants_lib.glsl_604
+15.12s style gpu_shader_math_constants_lib.glsl_604 fill:#0f0
+15.12s gpu_shader_math_vector_safe_lib.glsl_6451 --> gpu_shader_math_safe_lib.glsl_1274
+15.12s style gpu_shader_math_safe_lib.glsl_1274 fill:#1e0
+15.12s overlay_wireframe_vert.glsl_4780 --> gpu_shader_math_vector_safe_lib.glsl_6451
+15.12s style gpu_shader_math_vector_safe_lib.glsl_6451 fill:#690
+15.12s overlay_wireframe_vert.glsl_4780 --> gpu_shader_utildefines_lib.glsl_3296
+15.12s style gpu_shader_utildefines_lib.glsl_3296 fill:#3c0
+15.12s overlay_common_lib.glsl_1652 --> draw_view_lib.glsl_3779
+15.12s style draw_view_lib.glsl_3779 fill:#3c0
+15.12s overlay_wireframe_vert.glsl_4780 --> overlay_common_lib.glsl_1652
+15.12s style overlay_common_lib.glsl_1652 fill:#1e0
+15.12s overlay_wireframe_vert.glsl_4780 --> select_lib.glsl_1221
+15.12s style select_lib.glsl_1221 fill:#1e0
+15.12s 
+15.12s 00:14.508  gpu.shader.deps  | Resolved Source Tree (Mermaid flowchart) 
+15.12s flowchart LR
+15.12s gpu_shader_compat_glsl.glsl_4944 --> gpu_shader_glsl_extension.glsl_644
+15.12s style gpu_shader_glsl_extension.glsl_644 fill:#0f0
+15.12s 
+15.12s 00:14.509  gpu.shader.deps  | Resolved Source Tree (Mermaid flowchart) overlay_wireframe_curve
+15.12s flowchart LR
+15.12s draw_shader_shared.hh_24775 --> GPU_shader_shared_utils.hh_933
+15.12s style GPU_shader_shared_utils.hh_933 fill:#0f0
+15.12s draw_object_infos_infos.hh_3974 --> draw_shader_shared.hh_24775
+15.12s style draw_shader_shared.hh_24775 fill:#f00
+15.12s gpencil_shader_shared.hh_4176 --> GPU_shader_shared_utils.hh_933
+15.12s style GPU_shader_shared_utils.hh_933 fill:#0f0
+15.12s draw_object_infos_infos.hh_3974 --> gpencil_shader_shared.hh_4176
+15.12s style gpencil_shader_shared.hh_4176 fill:#4b0
+15.12s draw_view_infos.hh_5696 --> draw_defines.hh_678
+15.12s style draw_defines.hh_678 fill:#0f0
+15.12s draw_command_shared.hh_1480 --> GPU_shader_shared_utils.hh_933
+15.12s style GPU_shader_shared_utils.hh_933 fill:#0f0
+15.12s draw_view_infos.hh_5696 --> draw_command_shared.hh_1480
+15.12s style draw_command_shared.hh_1480 fill:#1e0
+15.12s draw_view_infos.hh_5696 --> draw_shader_shared.hh_24775
+15.12s style draw_shader_shared.hh_24775 fill:#f00
+15.12s draw_object_infos_infos.hh_3974 --> draw_view_infos.hh_5696
+15.12s style draw_view_infos.hh_5696 fill:#5a0
+15.12s draw_object_infos_infos.hh_3974 --> draw_defines.hh_678
+15.12s style draw_defines.hh_678 fill:#0f0
+15.12s overlay_wireframe_infos.hh_11630 --> draw_object_infos_infos.hh_3974
+15.12s style draw_object_infos_infos.hh_3974 fill:#3c0
+15.12s overlay_wireframe_infos.hh_11630 --> draw_view_infos.hh_5696
+15.12s style draw_view_infos.hh_5696 fill:#5a0
+15.12s GPU_shader_shared.hh_13548 --> GPU_shader_shared_utils.hh_933
+15.12s style GPU_shader_shared_utils.hh_933 fill:#0f0
+15.12s gpu_index_load_infos.hh_567 --> GPU_shader_shared.hh_13548
+15.12s style GPU_shader_shared.hh_13548 fill:#d20
+15.12s overlay_wireframe_infos.hh_11630 --> gpu_index_load_infos.hh_567
+15.12s style gpu_index_load_infos.hh_567 fill:#0f0
+15.12s overlay_shader_shared.hh_16231 --> GPU_shader_shared_utils.hh_933
+15.12s style GPU_shader_shared_utils.hh_933 fill:#0f0
+15.12s overlay_common_infos.hh_1184 --> overlay_shader_shared.hh_16231
+15.12s style overlay_shader_shared.hh_16231 fill:#f00
+15.12s overlay_common_infos.hh_1184 --> select_shader_shared.hh_773
+15.12s style select_shader_shared.hh_773 fill:#0f0
+15.12s overlay_common_infos.hh_1184 --> select_defines.hh_108
+15.12s style select_defines.hh_108 fill:#0f0
+15.12s overlay_wireframe_infos.hh_11630 --> overlay_common_infos.hh_1184
+15.12s style overlay_common_infos.hh_1184 fill:#1e0
+15.12s overlay_wireframe_frag.glsl_1746 --> overlay_wireframe_infos.hh_11630
+15.12s style overlay_wireframe_infos.hh_11630 fill:#b40
+15.12s overlay_wireframe_frag.glsl_1746 --> gpu_shader_utildefines_lib.glsl_3296
+15.12s style gpu_shader_utildefines_lib.glsl_3296 fill:#3c0
+15.12s draw_view_lib.glsl_3779 --> draw_view_infos.hh_5696
+15.12s style draw_view_infos.hh_5696 fill:#5a0
+15.12s overlay_common_lib.glsl_1652 --> draw_view_lib.glsl_3779
+15.12s style draw_view_lib.glsl_3779 fill:#3c0
+15.12s overlay_wireframe_frag.glsl_1746 --> overlay_common_lib.glsl_1652
+15.12s style overlay_common_lib.glsl_1652 fill:#1e0
+15.12s overlay_wireframe_frag.glsl_1746 --> select_lib.glsl_1221
+15.12s style select_lib.glsl_1221 fill:#1e0
+15.12s 
+15.12s 00:14.509  gpu.shader.deps  | Resolved Source Tree (Mermaid flowchart) 
+15.12s flowchart LR
+15.12s gpu_shader_compat_glsl.glsl_4944 --> gpu_shader_glsl_extension.glsl_644
+15.12s style gpu_shader_glsl_extension.glsl_644 fill:#0f0
+15.12s 
+15.25s 00:14.645  gpu.shader       | Compiling Shader "overlay_wireframe"
+15.25s 00:14.645  gpu.shader.deps  | Resolved Source Tree (Mermaid flowchart) overlay_wireframe
+15.25s flowchart LR
+15.25s draw_shader_shared.hh_24775 --> GPU_shader_shared_utils.hh_933
+15.25s style GPU_shader_shared_utils.hh_933 fill:#0f0
+15.26s draw_object_infos_infos.hh_3974 --> draw_shader_shared.hh_24775
+15.26s style draw_shader_shared.hh_24775 fill:#f00
+15.26s gpencil_shader_shared.hh_4176 --> GPU_shader_shared_utils.hh_933
+15.26s style GPU_shader_shared_utils.hh_933 fill:#0f0
+15.26s draw_object_infos_infos.hh_3974 --> gpencil_shader_shared.hh_4176
+15.26s style gpencil_shader_shared.hh_4176 fill:#4b0
+15.26s draw_view_infos.hh_5696 --> draw_defines.hh_678
+15.26s style draw_defines.hh_678 fill:#0f0
+15.26s draw_command_shared.hh_1480 --> GPU_shader_shared_utils.hh_933
+15.26s style GPU_shader_shared_utils.hh_933 fill:#0f0
+15.26s draw_view_infos.hh_5696 --> draw_command_shared.hh_1480
+15.26s style draw_command_shared.hh_1480 fill:#1e0
+15.26s draw_view_infos.hh_5696 --> draw_shader_shared.hh_24775
+15.26s style draw_shader_shared.hh_24775 fill:#f00
+15.26s draw_object_infos_infos.hh_3974 --> draw_view_infos.hh_5696
+15.26s style draw_view_infos.hh_5696 fill:#5a0
+15.26s draw_object_infos_infos.hh_3974 --> draw_defines.hh_678
+15.26s style draw_defines.hh_678 fill:#0f0
+15.26s overlay_wireframe_infos.hh_11630 --> draw_object_infos_infos.hh_3974
+15.26s style draw_object_infos_infos.hh_3974 fill:#3c0
+15.26s overlay_wireframe_infos.hh_11630 --> draw_view_infos.hh_5696
+15.26s style draw_view_infos.hh_5696 fill:#5a0
+15.26s GPU_shader_shared.hh_13548 --> GPU_shader_shared_utils.hh_933
+15.26s style GPU_shader_shared_utils.hh_933 fill:#0f0
+15.26s gpu_index_load_infos.hh_567 --> GPU_shader_shared.hh_13548
+15.26s style GPU_shader_shared.hh_13548 fill:#d20
+15.26s overlay_wireframe_infos.hh_11630 --> gpu_index_load_infos.hh_567
+15.26s style gpu_index_load_infos.hh_567 fill:#0f0
+15.26s overlay_shader_shared.hh_16231 --> GPU_shader_shared_utils.hh_933
+15.26s style GPU_shader_shared_utils.hh_933 fill:#0f0
+15.26s overlay_common_infos.hh_1184 --> overlay_shader_shared.hh_16231
+15.26s style overlay_shader_shared.hh_16231 fill:#f00
+15.26s overlay_common_infos.hh_1184 --> select_shader_shared.hh_773
+15.26s style select_shader_shared.hh_773 fill:#0f0
+15.26s overlay_common_infos.hh_1184 --> select_defines.hh_108
+15.26s style select_defines.hh_108 fill:#0f0
+15.26s overlay_wireframe_infos.hh_11630 --> overlay_common_infos.hh_1184
+15.26s style overlay_common_infos.hh_1184 fill:#1e0
+15.26s overlay_wireframe_vert.glsl_4780 --> overlay_wireframe_infos.hh_11630
+15.26s style overlay_wireframe_infos.hh_11630 fill:#b40
+15.26s draw_model_lib.glsl_2881 --> draw_view_infos.hh_5696
+15.26s style draw_view_infos.hh_5696 fill:#5a0
+15.26s draw_view_lib.glsl_3779 --> draw_view_infos.hh_5696
+15.26s style draw_view_infos.hh_5696 fill:#5a0
+15.26s draw_model_lib.glsl_2881 --> draw_view_lib.glsl_3779
+15.26s style draw_view_lib.glsl_3779 fill:#3c0
+15.26s overlay_wireframe_vert.glsl_4780 --> draw_model_lib.glsl_2881
+15.26s style draw_model_lib.glsl_2881 fill:#2d0
+15.26s draw_object_infos_lib.glsl_542 --> draw_object_infos_infos.hh_3974
+15.26s style draw_object_infos_infos.hh_3974 fill:#3c0
+15.26s draw_object_infos_lib.glsl_542 --> draw_model_lib.glsl_2881
+15.26s style draw_model_lib.glsl_2881 fill:#2d0
+15.26s overlay_wireframe_vert.glsl_4780 --> draw_object_infos_lib.glsl_542
+15.26s style draw_object_infos_lib.glsl_542 fill:#0f0
+15.26s overlay_wireframe_vert.glsl_4780 --> draw_view_clipping_lib.glsl_1192
+15.26s style draw_view_clipping_lib.glsl_1192 fill:#1e0
+15.26s overlay_wireframe_vert.glsl_4780 --> draw_view_lib.glsl_3779
+15.26s style draw_view_lib.glsl_3779 fill:#3c0
+15.26s gpu_shader_math_safe_lib.glsl_1274 --> gpu_shader_math_constants_lib.glsl_604
+15.26s style gpu_shader_math_constants_lib.glsl_604 fill:#0f0
+15.26s gpu_shader_math_vector_safe_lib.glsl_6451 --> gpu_shader_math_safe_lib.glsl_1274
+15.26s style gpu_shader_math_safe_lib.glsl_1274 fill:#1e0
+15.26s overlay_wireframe_vert.glsl_4780 --> gpu_shader_math_vector_safe_lib.glsl_6451
+15.26s style gpu_shader_math_vector_safe_lib.glsl_6451 fill:#690
+15.26s overlay_wireframe_vert.glsl_4780 --> gpu_shader_utildefines_lib.glsl_3296
+15.26s style gpu_shader_utildefines_lib.glsl_3296 fill:#3c0
+15.26s overlay_common_lib.glsl_1652 --> draw_view_lib.glsl_3779
+15.26s style draw_view_lib.glsl_3779 fill:#3c0
+15.26s overlay_wireframe_vert.glsl_4780 --> overlay_common_lib.glsl_1652
+15.26s style overlay_common_lib.glsl_1652 fill:#1e0
+15.26s overlay_wireframe_vert.glsl_4780 --> select_lib.glsl_1221
+15.26s style select_lib.glsl_1221 fill:#1e0
+15.26s 
+15.26s 00:14.645  gpu.shader.deps  | Resolved Source Tree (Mermaid flowchart) 
+15.26s flowchart LR
+15.26s gpu_shader_compat_glsl.glsl_4944 --> gpu_shader_glsl_extension.glsl_644
+15.26s style gpu_shader_glsl_extension.glsl_644 fill:#0f0
+15.26s 
+15.26s 00:14.647  gpu.shader.deps  | Resolved Source Tree (Mermaid flowchart) overlay_wireframe
+15.26s flowchart LR
+15.26s draw_shader_shared.hh_24775 --> GPU_shader_shared_utils.hh_933
+15.26s style GPU_shader_shared_utils.hh_933 fill:#0f0
+15.26s draw_object_infos_infos.hh_3974 --> draw_shader_shared.hh_24775
+15.26s style draw_shader_shared.hh_24775 fill:#f00
+15.26s gpencil_shader_shared.hh_4176 --> GPU_shader_shared_utils.hh_933
+15.26s style GPU_shader_shared_utils.hh_933 fill:#0f0
+15.26s draw_object_infos_infos.hh_3974 --> gpencil_shader_shared.hh_4176
+15.26s style gpencil_shader_shared.hh_4176 fill:#4b0
+15.26s draw_view_infos.hh_5696 --> draw_defines.hh_678
+15.26s style draw_defines.hh_678 fill:#0f0
+15.26s draw_command_shared.hh_1480 --> GPU_shader_shared_utils.hh_933
+15.26s style GPU_shader_shared_utils.hh_933 fill:#0f0
+15.26s draw_view_infos.hh_5696 --> draw_command_shared.hh_1480
+15.26s style draw_command_shared.hh_1480 fill:#1e0
+15.26s draw_view_infos.hh_5696 --> draw_shader_shared.hh_24775
+15.26s style draw_shader_shared.hh_24775 fill:#f00
+15.26s draw_object_infos_infos.hh_3974 --> draw_view_infos.hh_5696
+15.26s style draw_view_infos.hh_5696 fill:#5a0
+15.26s draw_object_infos_infos.hh_3974 --> draw_defines.hh_678
+15.26s style draw_defines.hh_678 fill:#0f0
+15.26s overlay_wireframe_infos.hh_11630 --> draw_object_infos_infos.hh_3974
+15.26s style draw_object_infos_infos.hh_3974 fill:#3c0
+15.26s overlay_wireframe_infos.hh_11630 --> draw_view_infos.hh_5696
+15.26s style draw_view_infos.hh_5696 fill:#5a0
+15.26s GPU_shader_shared.hh_13548 --> GPU_shader_shared_utils.hh_933
+15.26s style GPU_shader_shared_utils.hh_933 fill:#0f0
+15.26s gpu_index_load_infos.hh_567 --> GPU_shader_shared.hh_13548
+15.26s style GPU_shader_shared.hh_13548 fill:#d20
+15.26s overlay_wireframe_infos.hh_11630 --> gpu_index_load_infos.hh_567
+15.26s style gpu_index_load_infos.hh_567 fill:#0f0
+15.26s overlay_shader_shared.hh_16231 --> GPU_shader_shared_utils.hh_933
+15.26s style GPU_shader_shared_utils.hh_933 fill:#0f0
+15.26s overlay_common_infos.hh_1184 --> overlay_shader_shared.hh_16231
+15.26s style overlay_shader_shared.hh_16231 fill:#f00
+15.26s overlay_common_infos.hh_1184 --> select_shader_shared.hh_773
+15.26s style select_shader_shared.hh_773 fill:#0f0
+15.26s overlay_common_infos.hh_1184 --> select_defines.hh_108
+15.26s style select_defines.hh_108 fill:#0f0
+15.26s overlay_wireframe_infos.hh_11630 --> overlay_common_infos.hh_1184
+15.26s style overlay_common_infos.hh_1184 fill:#1e0
+15.26s overlay_wireframe_frag.glsl_1746 --> overlay_wireframe_infos.hh_11630
+15.26s style overlay_wireframe_infos.hh_11630 fill:#b40
+15.26s overlay_wireframe_frag.glsl_1746 --> gpu_shader_utildefines_lib.glsl_3296
+15.26s style gpu_shader_utildefines_lib.glsl_3296 fill:#3c0
+15.26s draw_view_lib.glsl_3779 --> draw_view_infos.hh_5696
+15.26s style draw_view_infos.hh_5696 fill:#5a0
+15.26s overlay_common_lib.glsl_1652 --> draw_view_lib.glsl_3779
+15.26s style draw_view_lib.glsl_3779 fill:#3c0
+15.26s overlay_wireframe_frag.glsl_1746 --> overlay_common_lib.glsl_1652
+15.26s style overlay_common_lib.glsl_1652 fill:#1e0
+15.26s overlay_wireframe_frag.glsl_1746 --> select_lib.glsl_1221
+15.26s style select_lib.glsl_1221 fill:#1e0
+15.26s 
+15.26s 00:14.647  gpu.shader.deps  | Resolved Source Tree (Mermaid flowchart) 
+15.26s flowchart LR
+15.26s gpu_shader_compat_glsl.glsl_4944 --> gpu_shader_glsl_extension.glsl_644
+15.26s style gpu_shader_glsl_extension.glsl_644 fill:#0f0
+15.26s 
+15.39s 00:14.785  gpu.shader       | Compiling Shader "overlay_wireframe_points"
+15.39s 00:14.785  gpu.shader.deps  | Resolved Source Tree (Mermaid flowchart) overlay_wireframe_points
+15.39s flowchart LR
+15.39s draw_shader_shared.hh_24775 --> GPU_shader_shared_utils.hh_933
+15.39s style GPU_shader_shared_utils.hh_933 fill:#0f0
+15.39s draw_object_infos_infos.hh_3974 --> draw_shader_shared.hh_24775
+15.39s style draw_shader_shared.hh_24775 fill:#f00
+15.39s gpencil_shader_shared.hh_4176 --> GPU_shader_shared_utils.hh_933
+15.40s style GPU_shader_shared_utils.hh_933 fill:#0f0
+15.40s draw_object_infos_infos.hh_3974 --> gpencil_shader_shared.hh_4176
+15.40s style gpencil_shader_shared.hh_4176 fill:#4b0
+15.40s draw_view_infos.hh_5696 --> draw_defines.hh_678
+15.40s style draw_defines.hh_678 fill:#0f0
+15.40s draw_command_shared.hh_1480 --> GPU_shader_shared_utils.hh_933
+15.40s style GPU_shader_shared_utils.hh_933 fill:#0f0
+15.40s draw_view_infos.hh_5696 --> draw_command_shared.hh_1480
+15.40s style draw_command_shared.hh_1480 fill:#1e0
+15.40s draw_view_infos.hh_5696 --> draw_shader_shared.hh_24775
+15.40s style draw_shader_shared.hh_24775 fill:#f00
+15.40s draw_object_infos_infos.hh_3974 --> draw_view_infos.hh_5696
+15.40s style draw_view_infos.hh_5696 fill:#5a0
+15.40s draw_object_infos_infos.hh_3974 --> draw_defines.hh_678
+15.40s style draw_defines.hh_678 fill:#0f0
+15.40s overlay_wireframe_infos.hh_11630 --> draw_object_infos_infos.hh_3974
+15.40s style draw_object_infos_infos.hh_3974 fill:#3c0
+15.40s overlay_wireframe_infos.hh_11630 --> draw_view_infos.hh_5696
+15.40s style draw_view_infos.hh_5696 fill:#5a0
+15.40s GPU_shader_shared.hh_13548 --> GPU_shader_shared_utils.hh_933
+15.40s style GPU_shader_shared_utils.hh_933 fill:#0f0
+15.40s gpu_index_load_infos.hh_567 --> GPU_shader_shared.hh_13548
+15.40s style GPU_shader_shared.hh_13548 fill:#d20
+15.40s overlay_wireframe_infos.hh_11630 --> gpu_index_load_infos.hh_567
+15.40s style gpu_index_load_infos.hh_567 fill:#0f0
+15.40s overlay_shader_shared.hh_16231 --> GPU_shader_shared_utils.hh_933
+15.40s style GPU_shader_shared_utils.hh_933 fill:#0f0
+15.40s overlay_common_infos.hh_1184 --> overlay_shader_shared.hh_16231
+15.40s style overlay_shader_shared.hh_16231 fill:#f00
+15.40s overlay_common_infos.hh_1184 --> select_shader_shared.hh_773
+15.40s style select_shader_shared.hh_773 fill:#0f0
+15.40s overlay_common_infos.hh_1184 --> select_defines.hh_108
+15.40s style select_defines.hh_108 fill:#0f0
+15.40s overlay_wireframe_infos.hh_11630 --> overlay_common_infos.hh_1184
+15.40s style overlay_common_infos.hh_1184 fill:#1e0
+15.40s overlay_wireframe_vert.glsl_4780 --> overlay_wireframe_infos.hh_11630
+15.40s style overlay_wireframe_infos.hh_11630 fill:#b40
+15.40s draw_model_lib.glsl_2881 --> draw_view_infos.hh_5696
+15.40s style draw_view_infos.hh_5696 fill:#5a0
+15.40s draw_view_lib.glsl_3779 --> draw_view_infos.hh_5696
+15.40s style draw_view_infos.hh_5696 fill:#5a0
+15.40s draw_model_lib.glsl_2881 --> draw_view_lib.glsl_3779
+15.40s style draw_view_lib.glsl_3779 fill:#3c0
+15.40s overlay_wireframe_vert.glsl_4780 --> draw_model_lib.glsl_2881
+15.40s style draw_model_lib.glsl_2881 fill:#2d0
+15.40s draw_object_infos_lib.glsl_542 --> draw_object_infos_infos.hh_3974
+15.40s style draw_object_infos_infos.hh_3974 fill:#3c0
+15.40s draw_object_infos_lib.glsl_542 --> draw_model_lib.glsl_2881
+15.40s style draw_model_lib.glsl_2881 fill:#2d0
+15.40s overlay_wireframe_vert.glsl_4780 --> draw_object_infos_lib.glsl_542
+15.40s style draw_object_infos_lib.glsl_542 fill:#0f0
+15.40s overlay_wireframe_vert.glsl_4780 --> draw_view_clipping_lib.glsl_1192
+15.40s style draw_view_clipping_lib.glsl_1192 fill:#1e0
+15.40s overlay_wireframe_vert.glsl_4780 --> draw_view_lib.glsl_3779
+15.40s style draw_view_lib.glsl_3779 fill:#3c0
+15.40s gpu_shader_math_safe_lib.glsl_1274 --> gpu_shader_math_constants_lib.glsl_604
+15.40s style gpu_shader_math_constants_lib.glsl_604 fill:#0f0
+15.40s gpu_shader_math_vector_safe_lib.glsl_6451 --> gpu_shader_math_safe_lib.glsl_1274
+15.40s style gpu_shader_math_safe_lib.glsl_1274 fill:#1e0
+15.40s overlay_wireframe_vert.glsl_4780 --> gpu_shader_math_vector_safe_lib.glsl_6451
+15.40s style gpu_shader_math_vector_safe_lib.glsl_6451 fill:#690
+15.40s overlay_wireframe_vert.glsl_4780 --> gpu_shader_utildefines_lib.glsl_3296
+15.40s style gpu_shader_utildefines_lib.glsl_3296 fill:#3c0
+15.40s overlay_common_lib.glsl_1652 --> draw_view_lib.glsl_3779
+15.40s style draw_view_lib.glsl_3779 fill:#3c0
+15.40s overlay_wireframe_vert.glsl_4780 --> overlay_common_lib.glsl_1652
+15.40s style overlay_common_lib.glsl_1652 fill:#1e0
+15.40s overlay_wireframe_vert.glsl_4780 --> select_lib.glsl_1221
+15.40s style select_lib.glsl_1221 fill:#1e0
+15.40s 
+15.40s 00:14.785  gpu.shader.deps  | Resolved Source Tree (Mermaid flowchart) 
+15.40s flowchart LR
+15.40s gpu_shader_compat_glsl.glsl_4944 --> gpu_shader_glsl_extension.glsl_644
+15.40s style gpu_shader_glsl_extension.glsl_644 fill:#0f0
+15.40s 
+15.40s 00:14.787  gpu.shader.deps  | Resolved Source Tree (Mermaid flowchart) overlay_wireframe_points
+15.40s flowchart LR
+15.40s draw_shader_shared.hh_24775 --> GPU_shader_shared_utils.hh_933
+15.40s style GPU_shader_shared_utils.hh_933 fill:#0f0
+15.40s draw_object_infos_infos.hh_3974 --> draw_shader_shared.hh_24775
+15.40s style draw_shader_shared.hh_24775 fill:#f00
+15.40s gpencil_shader_shared.hh_4176 --> GPU_shader_shared_utils.hh_933
+15.40s style GPU_shader_shared_utils.hh_933 fill:#0f0
+15.40s draw_object_infos_infos.hh_3974 --> gpencil_shader_shared.hh_4176
+15.40s style gpencil_shader_shared.hh_4176 fill:#4b0
+15.40s draw_view_infos.hh_5696 --> draw_defines.hh_678
+15.40s style draw_defines.hh_678 fill:#0f0
+15.40s draw_command_shared.hh_1480 --> GPU_shader_shared_utils.hh_933
+15.40s style GPU_shader_shared_utils.hh_933 fill:#0f0
+15.40s draw_view_infos.hh_5696 --> draw_command_shared.hh_1480
+15.40s style draw_command_shared.hh_1480 fill:#1e0
+15.40s draw_view_infos.hh_5696 --> draw_shader_shared.hh_24775
+15.40s style draw_shader_shared.hh_24775 fill:#f00
+15.40s draw_object_infos_infos.hh_3974 --> draw_view_infos.hh_5696
+15.40s style draw_view_infos.hh_5696 fill:#5a0
+15.40s draw_object_infos_infos.hh_3974 --> draw_defines.hh_678
+15.40s style draw_defines.hh_678 fill:#0f0
+15.40s overlay_wireframe_infos.hh_11630 --> draw_object_infos_infos.hh_3974
+15.40s style draw_object_infos_infos.hh_3974 fill:#3c0
+15.40s overlay_wireframe_infos.hh_11630 --> draw_view_infos.hh_5696
+15.40s style draw_view_infos.hh_5696 fill:#5a0
+15.40s GPU_shader_shared.hh_13548 --> GPU_shader_shared_utils.hh_933
+15.40s style GPU_shader_shared_utils.hh_933 fill:#0f0
+15.40s gpu_index_load_infos.hh_567 --> GPU_shader_shared.hh_13548
+15.40s style GPU_shader_shared.hh_13548 fill:#d20
+15.40s overlay_wireframe_infos.hh_11630 --> gpu_index_load_infos.hh_567
+15.40s style gpu_index_load_infos.hh_567 fill:#0f0
+15.40s overlay_shader_shared.hh_16231 --> GPU_shader_shared_utils.hh_933
+15.40s style GPU_shader_shared_utils.hh_933 fill:#0f0
+15.40s overlay_common_infos.hh_1184 --> overlay_shader_shared.hh_16231
+15.40s style overlay_shader_shared.hh_16231 fill:#f00
+15.40s overlay_common_infos.hh_1184 --> select_shader_shared.hh_773
+15.40s style select_shader_shared.hh_773 fill:#0f0
+15.40s overlay_common_infos.hh_1184 --> select_defines.hh_108
+15.40s style select_defines.hh_108 fill:#0f0
+15.40s overlay_wireframe_infos.hh_11630 --> overlay_common_infos.hh_1184
+15.40s style overlay_common_infos.hh_1184 fill:#1e0
+15.40s overlay_wireframe_frag.glsl_1746 --> overlay_wireframe_infos.hh_11630
+15.40s style overlay_wireframe_infos.hh_11630 fill:#b40
+15.40s overlay_wireframe_frag.glsl_1746 --> gpu_shader_utildefines_lib.glsl_3296
+15.40s style gpu_shader_utildefines_lib.glsl_3296 fill:#3c0
+15.40s draw_view_lib.glsl_3779 --> draw_view_infos.hh_5696
+15.40s style draw_view_infos.hh_5696 fill:#5a0
+15.40s overlay_common_lib.glsl_1652 --> draw_view_lib.glsl_3779
+15.40s style draw_view_lib.glsl_3779 fill:#3c0
+15.40s overlay_wireframe_frag.glsl_1746 --> overlay_common_lib.glsl_1652
+15.40s style overlay_common_lib.glsl_1652 fill:#1e0
+15.40s overlay_wireframe_frag.glsl_1746 --> select_lib.glsl_1221
+15.40s style select_lib.glsl_1221 fill:#1e0
+15.40s 
+15.40s 00:14.787  gpu.shader.deps  | Resolved Source Tree (Mermaid flowchart) 
+15.40s flowchart LR
+15.40s gpu_shader_compat_glsl.glsl_4944 --> gpu_shader_glsl_extension.glsl_644
+15.40s style gpu_shader_glsl_extension.glsl_644 fill:#0f0
+15.40s 
+15.53s 00:14.924  gpu.shader       | Compiling Shader "workbench_resolve_opaque_studio_no_cavity_no_curvature_no_shadow"
+15.53s 00:14.924  gpu.shader.deps  | Resolved Source Tree (Mermaid flowchart) workbench_resolve_opaque_studio_no_cavity_no_curvature_no_shadow
+15.53s flowchart LR
+15.53s draw_view_infos.hh_5696 --> draw_defines.hh_678
+15.53s style draw_defines.hh_678 fill:#0f0
+15.53s draw_command_shared.hh_1480 --> GPU_shader_shared_utils.hh_933
+15.54s style GPU_shader_shared_utils.hh_933 fill:#0f0
+15.54s draw_view_infos.hh_5696 --> draw_command_shared.hh_1480
+15.54s style draw_command_shared.hh_1480 fill:#1e0
+15.54s draw_shader_shared.hh_24775 --> GPU_shader_shared_utils.hh_933
+15.54s style GPU_shader_shared_utils.hh_933 fill:#0f0
+15.54s draw_view_infos.hh_5696 --> draw_shader_shared.hh_24775
+15.54s style draw_shader_shared.hh_24775 fill:#f00
+15.54s draw_view_lib.glsl_3779 --> draw_view_infos.hh_5696
+15.54s style draw_view_infos.hh_5696 fill:#5a0
+15.54s workbench_composite.bsl.hh_6203 --> draw_view_lib.glsl_3779
+15.54s style draw_view_lib.glsl_3779 fill:#3c0
+15.54s workbench_composite.bsl.hh_6203 --> gpu_shader_fullscreen_lib.glsl_455
+15.54s style gpu_shader_fullscreen_lib.glsl_455 fill:#0f0
+15.54s workbench_cavity.bsl.hh_4150 --> draw_view_lib.glsl_3779
+15.54s style draw_view_lib.glsl_3779 fill:#3c0
+15.54s workbench_common.bsl.hh_2082 --> workbench_defines.hh_309
+15.54s style workbench_defines.hh_309 fill:#0f0
+15.54s workbench_shader_shared.hh_3768 --> GPU_shader_shared_utils.hh_933
+15.54s style GPU_shader_shared_utils.hh_933 fill:#0f0
+15.54s workbench_common.bsl.hh_2082 --> workbench_shader_shared.hh_3768
+15.54s style workbench_shader_shared.hh_3768 fill:#3c0
+15.54s workbench_cavity.bsl.hh_4150 --> workbench_common.bsl.hh_2082
+15.54s style workbench_common.bsl.hh_2082 fill:#2d0
+15.54s workbench_composite.bsl.hh_6203 --> workbench_cavity.bsl.hh_4150
+15.54s style workbench_cavity.bsl.hh_4150 fill:#4b0
+15.54s workbench_composite.bsl.hh_6203 --> workbench_common.bsl.hh_2082
+15.54s style workbench_common.bsl.hh_2082 fill:#2d0
+15.54s workbench_curvature.bsl.hh_1862 --> workbench_common.bsl.hh_2082
+15.54s style workbench_common.bsl.hh_2082 fill:#2d0
+15.54s workbench_composite.bsl.hh_6203 --> workbench_curvature.bsl.hh_1862
+15.54s style workbench_curvature.bsl.hh_1862 fill:#1e0
+15.54s workbench_composite.bsl.hh_6203 --> workbench_defines.hh_309
+15.54s style workbench_defines.hh_309 fill:#0f0
+15.54s workbench_matcap.bsl.hh_1869 --> workbench_common.bsl.hh_2082
+15.54s style workbench_common.bsl.hh_2082 fill:#2d0
+15.54s workbench_composite.bsl.hh_6203 --> workbench_matcap.bsl.hh_1869
+15.54s style workbench_matcap.bsl.hh_1869 fill:#1e0
+15.54s workbench_world_light.bsl.hh_6810 --> gpu_shader_utildefines_lib.glsl_3296
+15.54s style gpu_shader_utildefines_lib.glsl_3296 fill:#3c0
+15.54s workbench_world_light.bsl.hh_6810 --> workbench_common.bsl.hh_2082
+15.54s style workbench_common.bsl.hh_2082 fill:#2d0
+15.54s workbench_composite.bsl.hh_6203 --> workbench_world_light.bsl.hh_6810
+15.54s style workbench_world_light.bsl.hh_6810 fill:#690
+15.54s 
+15.54s 00:14.924  gpu.shader.deps  | Resolved Source Tree (Mermaid flowchart) 
+15.54s flowchart LR
+15.54s gpu_shader_compat_glsl.glsl_4944 --> gpu_shader_glsl_extension.glsl_644
+15.54s style gpu_shader_glsl_extension.glsl_644 fill:#0f0
+15.54s 
+15.54s 00:14.925  gpu.shader.deps  | Resolved Source Tree (Mermaid flowchart) workbench_resolve_opaque_studio_no_cavity_no_curvature_no_shadow
+15.54s flowchart LR
+15.54s draw_view_infos.hh_5696 --> draw_defines.hh_678
+15.54s style draw_defines.hh_678 fill:#0f0
+15.54s draw_command_shared.hh_1480 --> GPU_shader_shared_utils.hh_933
+15.54s style GPU_shader_shared_utils.hh_933 fill:#0f0
+15.54s draw_view_infos.hh_5696 --> draw_command_shared.hh_1480
+15.54s style draw_command_shared.hh_1480 fill:#1e0
+15.54s draw_shader_shared.hh_24775 --> GPU_shader_shared_utils.hh_933
+15.54s style GPU_shader_shared_utils.hh_933 fill:#0f0
+15.54s draw_view_infos.hh_5696 --> draw_shader_shared.hh_24775
+15.54s style draw_shader_shared.hh_24775 fill:#f00
+15.54s draw_view_lib.glsl_3779 --> draw_view_infos.hh_5696
+15.54s style draw_view_infos.hh_5696 fill:#5a0
+15.54s workbench_composite.bsl.hh_6203 --> draw_view_lib.glsl_3779
+15.54s style draw_view_lib.glsl_3779 fill:#3c0
+15.54s workbench_composite.bsl.hh_6203 --> gpu_shader_fullscreen_lib.glsl_455
+15.54s style gpu_shader_fullscreen_lib.glsl_455 fill:#0f0
+15.54s workbench_cavity.bsl.hh_4150 --> draw_view_lib.glsl_3779
+15.54s style draw_view_lib.glsl_3779 fill:#3c0
+15.54s workbench_common.bsl.hh_2082 --> workbench_defines.hh_309
+15.54s style workbench_defines.hh_309 fill:#0f0
+15.54s workbench_shader_shared.hh_3768 --> GPU_shader_shared_utils.hh_933
+15.54s style GPU_shader_shared_utils.hh_933 fill:#0f0
+15.54s workbench_common.bsl.hh_2082 --> workbench_shader_shared.hh_3768
+15.54s style workbench_shader_shared.hh_3768 fill:#3c0
+15.54s workbench_cavity.bsl.hh_4150 --> workbench_common.bsl.hh_2082
+15.54s style workbench_common.bsl.hh_2082 fill:#2d0
+15.54s workbench_composite.bsl.hh_6203 --> workbench_cavity.bsl.hh_4150
+15.54s style workbench_cavity.bsl.hh_4150 fill:#4b0
+15.54s workbench_composite.bsl.hh_6203 --> workbench_common.bsl.hh_2082
+15.54s style workbench_common.bsl.hh_2082 fill:#2d0
+15.54s workbench_curvature.bsl.hh_1862 --> workbench_common.bsl.hh_2082
+15.54s style workbench_common.bsl.hh_2082 fill:#2d0
+15.54s workbench_composite.bsl.hh_6203 --> workbench_curvature.bsl.hh_1862
+15.54s style workbench_curvature.bsl.hh_1862 fill:#1e0
+15.54s workbench_composite.bsl.hh_6203 --> workbench_defines.hh_309
+15.54s style workbench_defines.hh_309 fill:#0f0
+15.54s workbench_matcap.bsl.hh_1869 --> workbench_common.bsl.hh_2082
+15.54s style workbench_common.bsl.hh_2082 fill:#2d0
+15.54s workbench_composite.bsl.hh_6203 --> workbench_matcap.bsl.hh_1869
+15.54s style workbench_matcap.bsl.hh_1869 fill:#1e0
+15.54s workbench_world_light.bsl.hh_6810 --> gpu_shader_utildefines_lib.glsl_3296
+15.54s style gpu_shader_utildefines_lib.glsl_3296 fill:#3c0
+15.54s workbench_world_light.bsl.hh_6810 --> workbench_common.bsl.hh_2082
+15.54s style workbench_common.bsl.hh_2082 fill:#2d0
+15.54s workbench_composite.bsl.hh_6203 --> workbench_world_light.bsl.hh_6810
+15.54s style workbench_world_light.bsl.hh_6810 fill:#690
+15.54s 
+15.54s 00:14.925  gpu.shader.deps  | Resolved Source Tree (Mermaid flowchart) 
+15.54s flowchart LR
+15.54s gpu_shader_compat_glsl.glsl_4944 --> gpu_shader_glsl_extension.glsl_644
+15.54s style gpu_shader_glsl_extension.glsl_644 fill:#0f0
+15.54s 
+15.67s 00:15.063  gpu.shader       | Compiling Shader "workbench_transparent_resolve"
+15.67s 00:15.063  gpu.shader.deps  | Resolved Source Tree (Mermaid flowchart) workbench_transparent_resolve
+15.67s flowchart LR
+15.67s workbench_fullscreen_vert.glsl_172 --> workbench_depth_infos.hh_944
+15.67s style workbench_depth_infos.hh_944 fill:#0f0
+15.68s workbench_shader_shared.hh_3768 --> GPU_shader_shared_utils.hh_933
+15.68s style GPU_shader_shared_utils.hh_933 fill:#0f0
+15.68s workbench_effect_dof_infos.hh_3050 --> workbench_shader_shared.hh_3768
+15.68s style workbench_shader_shared.hh_3768 fill:#3c0
+15.68s draw_view_infos.hh_5696 --> draw_defines.hh_678
+15.68s style draw_defines.hh_678 fill:#0f0
+15.68s draw_command_shared.hh_1480 --> GPU_shader_shared_utils.hh_933
+15.68s style GPU_shader_shared_utils.hh_933 fill:#0f0
+15.68s draw_view_infos.hh_5696 --> draw_command_shared.hh_1480
+15.68s style draw_command_shared.hh_1480 fill:#1e0
+15.68s draw_shader_shared.hh_24775 --> GPU_shader_shared_utils.hh_933
+15.68s style GPU_shader_shared_utils.hh_933 fill:#0f0
+15.68s draw_view_infos.hh_5696 --> draw_shader_shared.hh_24775
+15.68s style draw_shader_shared.hh_24775 fill:#f00
+15.68s workbench_effect_dof_infos.hh_3050 --> draw_view_infos.hh_5696
+15.68s style draw_view_infos.hh_5696 fill:#5a0
+15.68s workbench_fullscreen_vert.glsl_172 --> workbench_effect_dof_infos.hh_3050
+15.68s style workbench_effect_dof_infos.hh_3050 fill:#3c0
+15.68s workbench_fullscreen_vert.glsl_172 --> gpu_shader_fullscreen_lib.glsl_455
+15.68s style gpu_shader_fullscreen_lib.glsl_455 fill:#0f0
+15.68s 
+15.68s 00:15.063  gpu.shader.deps  | Resolved Source Tree (Mermaid flowchart) 
+15.68s flowchart LR
+15.68s gpu_shader_compat_glsl.glsl_4944 --> gpu_shader_glsl_extension.glsl_644
+15.68s style gpu_shader_glsl_extension.glsl_644 fill:#0f0
+15.68s 
+15.68s 00:15.064  gpu.shader.deps  | Resolved Source Tree (Mermaid flowchart) workbench_transparent_resolve
+15.68s flowchart LR
+15.68s workbench_transparent_resolve_frag.glsl_517 --> workbench_transparent_resolve_infos.hh_581
+15.68s style workbench_transparent_resolve_infos.hh_581 fill:#0f0
+15.68s 
+15.68s 00:15.064  gpu.shader.deps  | Resolved Source Tree (Mermaid flowchart) 
+15.68s flowchart LR
+15.68s gpu_shader_compat_glsl.glsl_4944 --> gpu_shader_glsl_extension.glsl_644
+15.68s style gpu_shader_glsl_extension.glsl_644 fill:#0f0
+15.68s 
+15.80s 00:15.190  gpu.shader       | Compiling Shader "workbench_merge_depth"
+15.80s 00:15.190  gpu.shader.deps  | Resolved Source Tree (Mermaid flowchart) workbench_merge_depth
+15.80s flowchart LR
+15.80s workbench_fullscreen_vert.glsl_172 --> workbench_depth_infos.hh_944
+15.80s style workbench_depth_infos.hh_944 fill:#0f0
+15.80s workbench_shader_shared.hh_3768 --> GPU_shader_shared_utils.hh_933
+15.80s style GPU_shader_shared_utils.hh_933 fill:#0f0
+15.80s workbench_effect_dof_infos.hh_3050 --> workbench_shader_shared.hh_3768
+15.80s style workbench_shader_shared.hh_3768 fill:#3c0
+15.80s draw_view_infos.hh_5696 --> draw_defines.hh_678
+15.80s style draw_defines.hh_678 fill:#0f0
+15.80s draw_command_shared.hh_1480 --> GPU_shader_shared_utils.hh_933
+15.80s style GPU_shader_shared_utils.hh_933 fill:#0f0
+15.80s draw_view_infos.hh_5696 --> draw_command_shared.hh_1480
+15.80s style draw_command_shared.hh_1480 fill:#1e0
+15.80s draw_shader_shared.hh_24775 --> GPU_shader_shared_utils.hh_933
+15.80s style GPU_shader_shared_utils.hh_933 fill:#0f0
+15.80s draw_view_infos.hh_5696 --> draw_shader_shared.hh_24775
+15.80s style draw_shader_shared.hh_24775 fill:#f00
+15.80s workbench_effect_dof_infos.hh_3050 --> draw_view_infos.hh_5696
+15.80s style draw_view_infos.hh_5696 fill:#5a0
+15.80s workbench_fullscreen_vert.glsl_172 --> workbench_effect_dof_infos.hh_3050
+15.80s style workbench_effect_dof_infos.hh_3050 fill:#3c0
+15.80s workbench_fullscreen_vert.glsl_172 --> gpu_shader_fullscreen_lib.glsl_455
+15.80s style gpu_shader_fullscreen_lib.glsl_455 fill:#0f0
+15.80s 
+15.80s 00:15.190  gpu.shader.deps  | Resolved Source Tree (Mermaid flowchart) 
+15.80s flowchart LR
+15.80s gpu_shader_compat_glsl.glsl_4944 --> gpu_shader_glsl_extension.glsl_644
+15.80s style gpu_shader_glsl_extension.glsl_644 fill:#0f0
+15.80s 
+15.80s 00:15.191  gpu.shader.deps  | Resolved Source Tree (Mermaid flowchart) workbench_merge_depth
+15.80s flowchart LR
+15.80s workbench_merge_depth_frag.glsl_242 --> workbench_depth_infos.hh_944
+15.80s style workbench_depth_infos.hh_944 fill:#0f0
+15.80s 
+15.80s 00:15.191  gpu.shader.deps  | Resolved Source Tree (Mermaid flowchart) 
+15.80s flowchart LR
+15.80s gpu_shader_compat_glsl.glsl_4944 --> gpu_shader_glsl_extension.glsl_644
+15.80s style gpu_shader_glsl_extension.glsl_644 fill:#0f0
+15.80s 
+15.92s 00:15.318  gpu.shader       | Compiling Shader "workbench_effect_outline"
+15.92s 00:15.318  gpu.shader.deps  | Resolved Source Tree (Mermaid flowchart) workbench_effect_outline
+15.92s flowchart LR
+15.92s workbench_fullscreen_vert.glsl_172 --> workbench_depth_infos.hh_944
+15.92s style workbench_depth_infos.hh_944 fill:#0f0
+15.92s workbench_shader_shared.hh_3768 --> GPU_shader_shared_utils.hh_933
+15.92s style GPU_shader_shared_utils.hh_933 fill:#0f0
+15.93s workbench_effect_dof_infos.hh_3050 --> workbench_shader_shared.hh_3768
+15.93s style workbench_shader_shared.hh_3768 fill:#3c0
+15.93s draw_view_infos.hh_5696 --> draw_defines.hh_678
+15.93s style draw_defines.hh_678 fill:#0f0
+15.93s draw_command_shared.hh_1480 --> GPU_shader_shared_utils.hh_933
+15.93s style GPU_shader_shared_utils.hh_933 fill:#0f0
+15.93s draw_view_infos.hh_5696 --> draw_command_shared.hh_1480
+15.93s style draw_command_shared.hh_1480 fill:#1e0
+15.93s draw_shader_shared.hh_24775 --> GPU_shader_shared_utils.hh_933
+15.93s style GPU_shader_shared_utils.hh_933 fill:#0f0
+15.93s draw_view_infos.hh_5696 --> draw_shader_shared.hh_24775
+15.93s style draw_shader_shared.hh_24775 fill:#f00
+15.93s workbench_effect_dof_infos.hh_3050 --> draw_view_infos.hh_5696
+15.93s style draw_view_infos.hh_5696 fill:#5a0
+15.93s workbench_fullscreen_vert.glsl_172 --> workbench_effect_dof_infos.hh_3050
+15.93s style workbench_effect_dof_infos.hh_3050 fill:#3c0
+15.93s workbench_fullscreen_vert.glsl_172 --> gpu_shader_fullscreen_lib.glsl_455
+15.93s style gpu_shader_fullscreen_lib.glsl_455 fill:#0f0
+15.93s 
+15.93s 00:15.318  gpu.shader.deps  | Resolved Source Tree (Mermaid flowchart) 
+15.93s flowchart LR
+15.93s gpu_shader_compat_glsl.glsl_4944 --> gpu_shader_glsl_extension.glsl_644
+15.93s style gpu_shader_glsl_extension.glsl_644 fill:#0f0
+15.93s 
+15.93s 00:15.318  gpu.shader.deps  | Resolved Source Tree (Mermaid flowchart) workbench_effect_outline
+15.93s flowchart LR
+15.93s workbench_shader_shared.hh_3768 --> GPU_shader_shared_utils.hh_933
+15.93s style GPU_shader_shared_utils.hh_933 fill:#0f0
+15.93s workbench_effect_outline_infos.hh_536 --> workbench_shader_shared.hh_3768
+15.93s style workbench_shader_shared.hh_3768 fill:#3c0
+15.93s workbench_effect_outline_infos.hh_536 --> workbench_defines.hh_309
+15.93s style workbench_defines.hh_309 fill:#0f0
+15.93s workbench_effect_outline_frag.glsl_803 --> workbench_effect_outline_infos.hh_536
+15.93s style workbench_effect_outline_infos.hh_536 fill:#0f0
+15.93s 
+15.93s 00:15.318  gpu.shader.deps  | Resolved Source Tree (Mermaid flowchart) 
+15.93s flowchart LR
+15.93s gpu_shader_compat_glsl.glsl_4944 --> gpu_shader_glsl_extension.glsl_644
+15.93s style gpu_shader_glsl_extension.glsl_644 fill:#0f0
+15.93s 
+16.05s 00:15.447  gpu.shader       | Compiling Shader "workbench_overlay_depth"
+16.05s 00:15.447  gpu.shader.deps  | Resolved Source Tree (Mermaid flowchart) workbench_overlay_depth
+16.05s flowchart LR
+16.05s workbench_fullscreen_vert.glsl_172 --> workbench_depth_infos.hh_944
+16.05s style workbench_depth_infos.hh_944 fill:#0f0
+16.05s workbench_shader_shared.hh_3768 --> GPU_shader_shared_utils.hh_933
+16.05s style GPU_shader_shared_utils.hh_933 fill:#0f0
+16.06s workbench_effect_dof_infos.hh_3050 --> workbench_shader_shared.hh_3768
+16.06s style workbench_shader_shared.hh_3768 fill:#3c0
+16.06s draw_view_infos.hh_5696 --> draw_defines.hh_678
+16.06s style draw_defines.hh_678 fill:#0f0
+16.06s draw_command_shared.hh_1480 --> GPU_shader_shared_utils.hh_933
+16.06s style GPU_shader_shared_utils.hh_933 fill:#0f0
+16.06s draw_view_infos.hh_5696 --> draw_command_shared.hh_1480
+16.06s style draw_command_shared.hh_1480 fill:#1e0
+16.06s draw_shader_shared.hh_24775 --> GPU_shader_shared_utils.hh_933
+16.06s style GPU_shader_shared_utils.hh_933 fill:#0f0
+16.06s draw_view_infos.hh_5696 --> draw_shader_shared.hh_24775
+16.06s style draw_shader_shared.hh_24775 fill:#f00
+16.06s workbench_effect_dof_infos.hh_3050 --> draw_view_infos.hh_5696
+16.06s style draw_view_infos.hh_5696 fill:#5a0
+16.06s workbench_fullscreen_vert.glsl_172 --> workbench_effect_dof_infos.hh_3050
+16.06s style workbench_effect_dof_infos.hh_3050 fill:#3c0
+16.06s workbench_fullscreen_vert.glsl_172 --> gpu_shader_fullscreen_lib.glsl_455
+16.06s style gpu_shader_fullscreen_lib.glsl_455 fill:#0f0
+16.06s 
+16.06s 00:15.447  gpu.shader.deps  | Resolved Source Tree (Mermaid flowchart) 
+16.06s flowchart LR
+16.06s gpu_shader_compat_glsl.glsl_4944 --> gpu_shader_glsl_extension.glsl_644
+16.06s style gpu_shader_glsl_extension.glsl_644 fill:#0f0
+16.06s 
+16.06s 00:15.448  gpu.shader.deps  | Resolved Source Tree (Mermaid flowchart) workbench_overlay_depth
+16.06s flowchart LR
+16.06s workbench_overlay_depth_frag.glsl_156 --> workbench_depth_infos.hh_944
+16.06s style workbench_depth_infos.hh_944 fill:#0f0
+16.06s 
+16.06s 00:15.448  gpu.shader.deps  | Resolved Source Tree (Mermaid flowchart) 
+16.06s flowchart LR
+16.06s gpu_shader_compat_glsl.glsl_4944 --> gpu_shader_glsl_extension.glsl_644
+16.06s style gpu_shader_glsl_extension.glsl_644 fill:#0f0
+16.06s 
+16.18s 00:15.577  gpu.shader       | Compiling Shader "workbench_taa"
+16.18s 00:15.578  gpu.shader.deps  | Resolved Source Tree (Mermaid flowchart) workbench_taa
+16.18s flowchart LR
+16.18s workbench_fullscreen_vert.glsl_172 --> workbench_depth_infos.hh_944
+16.18s style workbench_depth_infos.hh_944 fill:#0f0
+16.19s workbench_shader_shared.hh_3768 --> GPU_shader_shared_utils.hh_933
+16.19s style GPU_shader_shared_utils.hh_933 fill:#0f0
+16.19s workbench_effect_dof_infos.hh_3050 --> workbench_shader_shared.hh_3768
+16.19s style workbench_shader_shared.hh_3768 fill:#3c0
+16.19s draw_view_infos.hh_5696 --> draw_defines.hh_678
+16.19s style draw_defines.hh_678 fill:#0f0
+16.19s draw_command_shared.hh_1480 --> GPU_shader_shared_utils.hh_933
+16.19s style GPU_shader_shared_utils.hh_933 fill:#0f0
+16.19s draw_view_infos.hh_5696 --> draw_command_shared.hh_1480
+16.19s style draw_command_shared.hh_1480 fill:#1e0
+16.19s draw_shader_shared.hh_24775 --> GPU_shader_shared_utils.hh_933
+16.19s style GPU_shader_shared_utils.hh_933 fill:#0f0
+16.19s draw_view_infos.hh_5696 --> draw_shader_shared.hh_24775
+16.19s style draw_shader_shared.hh_24775 fill:#f00
+16.19s workbench_effect_dof_infos.hh_3050 --> draw_view_infos.hh_5696
+16.19s style draw_view_infos.hh_5696 fill:#5a0
+16.19s workbench_fullscreen_vert.glsl_172 --> workbench_effect_dof_infos.hh_3050
+16.19s style workbench_effect_dof_infos.hh_3050 fill:#3c0
+16.19s workbench_fullscreen_vert.glsl_172 --> gpu_shader_fullscreen_lib.glsl_455
+16.19s style gpu_shader_fullscreen_lib.glsl_455 fill:#0f0
+16.19s 
+16.19s 00:15.578  gpu.shader.deps  | Resolved Source Tree (Mermaid flowchart) 
+16.19s flowchart LR
+16.19s gpu_shader_compat_glsl.glsl_4944 --> gpu_shader_glsl_extension.glsl_644
+16.19s style gpu_shader_glsl_extension.glsl_644 fill:#0f0
+16.19s 
+16.19s 00:15.578  gpu.shader.deps  | Resolved Source Tree (Mermaid flowchart) workbench_taa
+16.19s flowchart LR
+16.19s workbench_effect_taa_frag.glsl_3634 --> workbench_effect_antialiasing_infos.hh_2368
+16.19s style workbench_effect_antialiasing_infos.hh_2368 fill:#2d0
+16.19s 
+16.19s 00:15.578  gpu.shader.deps  | Resolved Source Tree (Mermaid flowchart) 
+16.19s flowchart LR
+16.19s gpu_shader_compat_glsl.glsl_4944 --> gpu_shader_glsl_extension.glsl_644
+16.19s style gpu_shader_glsl_extension.glsl_644 fill:#0f0
+16.19s 
+16.31s 00:15.706  gpu.shader       | Compiling Shader "workbench_smaa_stage_0"
+16.31s 00:15.706  gpu.shader.deps  | Resolved Source Tree (Mermaid flowchart) workbench_smaa_stage_0
+16.31s flowchart LR
+16.31s workbench_effect_smaa_vert.glsl_611 --> workbench_effect_antialiasing_infos.hh_2368
+16.31s style workbench_effect_antialiasing_infos.hh_2368 fill:#2d0
+16.31s workbench_effect_smaa_vert.glsl_611 --> gpu_shader_smaa_lib.glsl_28005
+16.31s style gpu_shader_smaa_lib.glsl_28005 fill:#f00
+16.32s 
+16.32s 00:15.706  gpu.shader.deps  | Resolved Source Tree (Mermaid flowchart) 
+16.32s flowchart LR
+16.32s gpu_shader_compat_glsl.glsl_4944 --> gpu_shader_glsl_extension.glsl_644
+16.32s style gpu_shader_glsl_extension.glsl_644 fill:#0f0
+16.32s 
+16.32s 00:15.707  gpu.shader.deps  | Resolved Source Tree (Mermaid flowchart) workbench_smaa_stage_0
+16.32s flowchart LR
+16.32s workbench_effect_smaa_frag.glsl_971 --> workbench_effect_antialiasing_infos.hh_2368
+16.32s style workbench_effect_antialiasing_infos.hh_2368 fill:#2d0
+16.32s workbench_effect_smaa_frag.glsl_971 --> gpu_shader_smaa_lib.glsl_28005
+16.32s style gpu_shader_smaa_lib.glsl_28005 fill:#f00
+16.32s 
+16.32s 00:15.707  gpu.shader.deps  | Resolved Source Tree (Mermaid flowchart) 
+16.32s flowchart LR
+16.32s gpu_shader_compat_glsl.glsl_4944 --> gpu_shader_glsl_extension.glsl_644
+16.32s style gpu_shader_glsl_extension.glsl_644 fill:#0f0
+16.32s 
+16.44s 00:15.838  gpu.shader       | Compiling Shader "workbench_smaa_stage_1"
+16.44s 00:15.838  gpu.shader.deps  | Resolved Source Tree (Mermaid flowchart) workbench_smaa_stage_1
+16.44s flowchart LR
+16.44s workbench_effect_smaa_vert.glsl_611 --> workbench_effect_antialiasing_infos.hh_2368
+16.44s style workbench_effect_antialiasing_infos.hh_2368 fill:#2d0
+16.44s workbench_effect_smaa_vert.glsl_611 --> gpu_shader_smaa_lib.glsl_28005
+16.45s style gpu_shader_smaa_lib.glsl_28005 fill:#f00
+16.45s 
+16.45s 00:15.838  gpu.shader.deps  | Resolved Source Tree (Mermaid flowchart) 
+16.45s flowchart LR
+16.45s gpu_shader_compat_glsl.glsl_4944 --> gpu_shader_glsl_extension.glsl_644
+16.45s style gpu_shader_glsl_extension.glsl_644 fill:#0f0
+16.45s 
+16.45s 00:15.839  gpu.shader.deps  | Resolved Source Tree (Mermaid flowchart) workbench_smaa_stage_1
+16.45s flowchart LR
+16.45s workbench_effect_smaa_frag.glsl_971 --> workbench_effect_antialiasing_infos.hh_2368
+16.45s style workbench_effect_antialiasing_infos.hh_2368 fill:#2d0
+16.45s workbench_effect_smaa_frag.glsl_971 --> gpu_shader_smaa_lib.glsl_28005
+16.45s style gpu_shader_smaa_lib.glsl_28005 fill:#f00
+16.45s 
+16.45s 00:15.839  gpu.shader.deps  | Resolved Source Tree (Mermaid flowchart) 
+16.45s flowchart LR
+16.45s gpu_shader_compat_glsl.glsl_4944 --> gpu_shader_glsl_extension.glsl_644
+16.45s style gpu_shader_glsl_extension.glsl_644 fill:#0f0
+16.45s 
+16.58s 00:15.978  gpu.shader       | Compiling Shader "workbench_smaa_stage_2"
+16.58s 00:15.978  gpu.shader.deps  | Resolved Source Tree (Mermaid flowchart) workbench_smaa_stage_2
+16.58s flowchart LR
+16.58s workbench_effect_smaa_vert.glsl_611 --> workbench_effect_antialiasing_infos.hh_2368
+16.58s style workbench_effect_antialiasing_infos.hh_2368 fill:#2d0
+16.59s workbench_effect_smaa_vert.glsl_611 --> gpu_shader_smaa_lib.glsl_28005
+16.59s style gpu_shader_smaa_lib.glsl_28005 fill:#f00
+16.59s 
+16.59s 00:15.978  gpu.shader.deps  | Resolved Source Tree (Mermaid flowchart) 
+16.59s flowchart LR
+16.59s gpu_shader_compat_glsl.glsl_4944 --> gpu_shader_glsl_extension.glsl_644
+16.59s style gpu_shader_glsl_extension.glsl_644 fill:#0f0
+16.59s 
+16.59s 00:15.979  gpu.shader.deps  | Resolved Source Tree (Mermaid flowchart) workbench_smaa_stage_2
+16.59s flowchart LR
+16.59s workbench_effect_smaa_frag.glsl_971 --> workbench_effect_antialiasing_infos.hh_2368
+16.59s style workbench_effect_antialiasing_infos.hh_2368 fill:#2d0
+16.59s workbench_effect_smaa_frag.glsl_971 --> gpu_shader_smaa_lib.glsl_28005
+16.59s style gpu_shader_smaa_lib.glsl_28005 fill:#f00
+16.59s 
+16.59s 00:15.979  gpu.shader.deps  | Resolved Source Tree (Mermaid flowchart) 
+16.59s flowchart LR
+16.59s gpu_shader_compat_glsl.glsl_4944 --> gpu_shader_glsl_extension.glsl_644
+16.59s style gpu_shader_glsl_extension.glsl_644 fill:#0f0
+16.59s 
+16.71s 00:16.107  gpu.shader       | Compiling Shader "gpu_shader_3D_polyline_flat_color"
+16.71s 00:16.107  gpu.shader.deps  | Resolved Source Tree (Mermaid flowchart) gpu_shader_3D_polyline_flat_color
+16.71s flowchart LR
+16.71s GPU_shader_shared.hh_13548 --> GPU_shader_shared_utils.hh_933
+16.71s style GPU_shader_shared_utils.hh_933 fill:#0f0
+16.71s gpu_shader_3D_polyline_infos.hh_2797 --> GPU_shader_shared.hh_13548
+16.72s style GPU_shader_shared.hh_13548 fill:#d20
+16.72s gpu_index_load_infos.hh_567 --> GPU_shader_shared.hh_13548
+16.72s style GPU_shader_shared.hh_13548 fill:#d20
+16.72s gpu_shader_3D_polyline_infos.hh_2797 --> gpu_index_load_infos.hh_567
+16.72s style gpu_index_load_infos.hh_567 fill:#0f0
+16.72s gpu_shader_3D_polyline_infos.hh_2797 --> gpu_srgb_to_framebuffer_space_infos.hh_1094
+16.72s style gpu_srgb_to_framebuffer_space_infos.hh_1094 fill:#1e0
+16.72s gpu_shader_3D_polyline_infos.hh_2797 --> gpu_interface_infos.hh_75
+16.72s style gpu_interface_infos.hh_75 fill:#0f0
+16.72s gpu_shader_3D_polyline_vert.glsl_6496 --> gpu_shader_3D_polyline_infos.hh_2797
+16.72s style gpu_shader_3D_polyline_infos.hh_2797 fill:#2d0
+16.72s gpu_shader_3D_polyline_vert.glsl_6496 --> gpu_shader_attribute_load_lib.glsl_3268
+16.72s style gpu_shader_attribute_load_lib.glsl_3268 fill:#3c0
+16.72s gpu_shader_index_load_lib.glsl_627 --> gpu_index_load_infos.hh_567
+16.72s style gpu_index_load_infos.hh_567 fill:#0f0
+16.72s gpu_shader_3D_polyline_vert.glsl_6496 --> gpu_shader_index_load_lib.glsl_627
+16.72s style gpu_shader_index_load_lib.glsl_627 fill:#0f0
+16.72s gpu_shader_3D_polyline_vert.glsl_6496 --> gpu_shader_math_base_lib.glsl_1464
+16.72s style gpu_shader_math_base_lib.glsl_1464 fill:#1e0
+16.72s gpu_shader_3D_polyline_vert.glsl_6496 --> gpu_shader_utildefines_lib.glsl_3296
+16.72s style gpu_shader_utildefines_lib.glsl_3296 fill:#3c0
+16.72s 
+16.72s 00:16.107  gpu.shader.deps  | Resolved Source Tree (Mermaid flowchart) 
+16.72s flowchart LR
+16.72s gpu_shader_compat_glsl.glsl_4944 --> gpu_shader_glsl_extension.glsl_644
+16.72s style gpu_shader_glsl_extension.glsl_644 fill:#0f0
+16.72s 
+16.72s 00:16.108  gpu.shader.deps  | Resolved Source Tree (Mermaid flowchart) gpu_shader_3D_polyline_flat_color
+16.72s flowchart LR
+16.72s GPU_shader_shared.hh_13548 --> GPU_shader_shared_utils.hh_933
+16.72s style GPU_shader_shared_utils.hh_933 fill:#0f0
+16.72s gpu_shader_3D_polyline_infos.hh_2797 --> GPU_shader_shared.hh_13548
+16.72s style GPU_shader_shared.hh_13548 fill:#d20
+16.72s gpu_index_load_infos.hh_567 --> GPU_shader_shared.hh_13548
+16.72s style GPU_shader_shared.hh_13548 fill:#d20
+16.72s gpu_shader_3D_polyline_infos.hh_2797 --> gpu_index_load_infos.hh_567
+16.72s style gpu_index_load_infos.hh_567 fill:#0f0
+16.72s gpu_shader_3D_polyline_infos.hh_2797 --> gpu_srgb_to_framebuffer_space_infos.hh_1094
+16.72s style gpu_srgb_to_framebuffer_space_infos.hh_1094 fill:#1e0
+16.72s gpu_shader_3D_polyline_infos.hh_2797 --> gpu_interface_infos.hh_75
+16.72s style gpu_interface_infos.hh_75 fill:#0f0
+16.72s gpu_shader_3D_polyline_frag.glsl_410 --> gpu_shader_3D_polyline_infos.hh_2797
+16.72s style gpu_shader_3D_polyline_infos.hh_2797 fill:#2d0
+16.72s gpu_shader_colorspace_lib.glsl_1229 --> gpu_srgb_to_framebuffer_space_infos.hh_1094
+16.72s style gpu_srgb_to_framebuffer_space_infos.hh_1094 fill:#1e0
+16.72s gpu_shader_3D_polyline_frag.glsl_410 --> gpu_shader_colorspace_lib.glsl_1229
+16.72s style gpu_shader_colorspace_lib.glsl_1229 fill:#1e0
+16.72s 
+16.72s 00:16.108  gpu.shader.deps  | Resolved Source Tree (Mermaid flowchart) 
+16.72s flowchart LR
+16.72s gpu_shader_compat_glsl.glsl_4944 --> gpu_shader_glsl_extension.glsl_644
+16.72s style gpu_shader_glsl_extension.glsl_644 fill:#0f0
+16.72s 
+16.85s 00:16.246  gpu.shader       | Compiling Shader "overlay_wireframe_points_with_radius"
+16.85s 00:16.246  gpu.shader.deps  | Resolved Source Tree (Mermaid flowchart) overlay_wireframe_points_with_radius
+16.85s flowchart LR
+16.85s draw_shader_shared.hh_24775 --> GPU_shader_shared_utils.hh_933
+16.85s style GPU_shader_shared_utils.hh_933 fill:#0f0
+16.85s draw_object_infos_infos.hh_3974 --> draw_shader_shared.hh_24775
+16.85s style draw_shader_shared.hh_24775 fill:#f00
+16.86s gpencil_shader_shared.hh_4176 --> GPU_shader_shared_utils.hh_933
+16.86s style GPU_shader_shared_utils.hh_933 fill:#0f0
+16.86s draw_object_infos_infos.hh_3974 --> gpencil_shader_shared.hh_4176
+16.86s style gpencil_shader_shared.hh_4176 fill:#4b0
+16.86s draw_view_infos.hh_5696 --> draw_defines.hh_678
+16.86s style draw_defines.hh_678 fill:#0f0
+16.86s draw_command_shared.hh_1480 --> GPU_shader_shared_utils.hh_933
+16.86s style GPU_shader_shared_utils.hh_933 fill:#0f0
+16.86s draw_view_infos.hh_5696 --> draw_command_shared.hh_1480
+16.86s style draw_command_shared.hh_1480 fill:#1e0
+16.86s draw_view_infos.hh_5696 --> draw_shader_shared.hh_24775
+16.86s style draw_shader_shared.hh_24775 fill:#f00
+16.86s draw_object_infos_infos.hh_3974 --> draw_view_infos.hh_5696
+16.86s style draw_view_infos.hh_5696 fill:#5a0
+16.86s draw_object_infos_infos.hh_3974 --> draw_defines.hh_678
+16.86s style draw_defines.hh_678 fill:#0f0
+16.86s overlay_wireframe_infos.hh_11630 --> draw_object_infos_infos.hh_3974
+16.86s style draw_object_infos_infos.hh_3974 fill:#3c0
+16.86s overlay_wireframe_infos.hh_11630 --> draw_view_infos.hh_5696
+16.86s style draw_view_infos.hh_5696 fill:#5a0
+16.86s GPU_shader_shared.hh_13548 --> GPU_shader_shared_utils.hh_933
+16.86s style GPU_shader_shared_utils.hh_933 fill:#0f0
+16.86s gpu_index_load_infos.hh_567 --> GPU_shader_shared.hh_13548
+16.86s style GPU_shader_shared.hh_13548 fill:#d20
+16.86s overlay_wireframe_infos.hh_11630 --> gpu_index_load_infos.hh_567
+16.86s style gpu_index_load_infos.hh_567 fill:#0f0
+16.86s overlay_shader_shared.hh_16231 --> GPU_shader_shared_utils.hh_933
+16.86s style GPU_shader_shared_utils.hh_933 fill:#0f0
+16.86s overlay_common_infos.hh_1184 --> overlay_shader_shared.hh_16231
+16.86s style overlay_shader_shared.hh_16231 fill:#f00
+16.86s overlay_common_infos.hh_1184 --> select_shader_shared.hh_773
+16.86s style select_shader_shared.hh_773 fill:#0f0
+16.86s overlay_common_infos.hh_1184 --> select_defines.hh_108
+16.86s style select_defines.hh_108 fill:#0f0
+16.86s overlay_wireframe_infos.hh_11630 --> overlay_common_infos.hh_1184
+16.86s style overlay_common_infos.hh_1184 fill:#1e0
+16.86s overlay_wireframe_vert.glsl_4780 --> overlay_wireframe_infos.hh_11630
+16.86s style overlay_wireframe_infos.hh_11630 fill:#b40
+16.86s draw_model_lib.glsl_2881 --> draw_view_infos.hh_5696
+16.86s style draw_view_infos.hh_5696 fill:#5a0
+16.86s draw_view_lib.glsl_3779 --> draw_view_infos.hh_5696
+16.86s style draw_view_infos.hh_5696 fill:#5a0
+16.86s draw_model_lib.glsl_2881 --> draw_view_lib.glsl_3779
+16.86s style draw_view_lib.glsl_3779 fill:#3c0
+16.86s overlay_wireframe_vert.glsl_4780 --> draw_model_lib.glsl_2881
+16.86s style draw_model_lib.glsl_2881 fill:#2d0
+16.86s draw_object_infos_lib.glsl_542 --> draw_object_infos_infos.hh_3974
+16.86s style draw_object_infos_infos.hh_3974 fill:#3c0
+16.86s draw_object_infos_lib.glsl_542 --> draw_model_lib.glsl_2881
+16.86s style draw_model_lib.glsl_2881 fill:#2d0
+16.86s overlay_wireframe_vert.glsl_4780 --> draw_object_infos_lib.glsl_542
+16.86s style draw_object_infos_lib.glsl_542 fill:#0f0
+16.86s overlay_wireframe_vert.glsl_4780 --> draw_view_clipping_lib.glsl_1192
+16.86s style draw_view_clipping_lib.glsl_1192 fill:#1e0
+16.86s overlay_wireframe_vert.glsl_4780 --> draw_view_lib.glsl_3779
+16.86s style draw_view_lib.glsl_3779 fill:#3c0
+16.86s gpu_shader_math_safe_lib.glsl_1274 --> gpu_shader_math_constants_lib.glsl_604
+16.86s style gpu_shader_math_constants_lib.glsl_604 fill:#0f0
+16.86s gpu_shader_math_vector_safe_lib.glsl_6451 --> gpu_shader_math_safe_lib.glsl_1274
+16.86s style gpu_shader_math_safe_lib.glsl_1274 fill:#1e0
+16.86s overlay_wireframe_vert.glsl_4780 --> gpu_shader_math_vector_safe_lib.glsl_6451
+16.86s style gpu_shader_math_vector_safe_lib.glsl_6451 fill:#690
+16.86s overlay_wireframe_vert.glsl_4780 --> gpu_shader_utildefines_lib.glsl_3296
+16.86s style gpu_shader_utildefines_lib.glsl_3296 fill:#3c0
+16.86s overlay_common_lib.glsl_1652 --> draw_view_lib.glsl_3779
+16.86s style draw_view_lib.glsl_3779 fill:#3c0
+16.86s overlay_wireframe_vert.glsl_4780 --> overlay_common_lib.glsl_1652
+16.86s style overlay_common_lib.glsl_1652 fill:#1e0
+16.86s overlay_wireframe_vert.glsl_4780 --> select_lib.glsl_1221
+16.86s style select_lib.glsl_1221 fill:#1e0
+16.86s 
+16.86s 00:16.246  gpu.shader.deps  | Resolved Source Tree (Mermaid flowchart) 
+16.86s flowchart LR
+16.86s gpu_shader_compat_glsl.glsl_4944 --> gpu_shader_glsl_extension.glsl_644
+16.86s style gpu_shader_glsl_extension.glsl_644 fill:#0f0
+16.86s 
+16.86s 00:16.248  gpu.shader.deps  | Resolved Source Tree (Mermaid flowchart) overlay_wireframe_points_with_radius
+16.86s flowchart LR
+16.86s draw_shader_shared.hh_24775 --> GPU_shader_shared_utils.hh_933
+16.86s style GPU_shader_shared_utils.hh_933 fill:#0f0
+16.86s draw_object_infos_infos.hh_3974 --> draw_shader_shared.hh_24775
+16.86s style draw_shader_shared.hh_24775 fill:#f00
+16.86s gpencil_shader_shared.hh_4176 --> GPU_shader_shared_utils.hh_933
+16.86s style GPU_shader_shared_utils.hh_933 fill:#0f0
+16.86s draw_object_infos_infos.hh_3974 --> gpencil_shader_shared.hh_4176
+16.86s style gpencil_shader_shared.hh_4176 fill:#4b0
+16.86s draw_view_infos.hh_5696 --> draw_defines.hh_678
+16.86s style draw_defines.hh_678 fill:#0f0
+16.86s draw_command_shared.hh_1480 --> GPU_shader_shared_utils.hh_933
+16.86s style GPU_shader_shared_utils.hh_933 fill:#0f0
+16.86s draw_view_infos.hh_5696 --> draw_command_shared.hh_1480
+16.86s style draw_command_shared.hh_1480 fill:#1e0
+16.86s draw_view_infos.hh_5696 --> draw_shader_shared.hh_24775
+16.86s style draw_shader_shared.hh_24775 fill:#f00
+16.86s draw_object_infos_infos.hh_3974 --> draw_view_infos.hh_5696
+16.86s style draw_view_infos.hh_5696 fill:#5a0
+16.86s draw_object_infos_infos.hh_3974 --> draw_defines.hh_678
+16.86s style draw_defines.hh_678 fill:#0f0
+16.86s overlay_wireframe_infos.hh_11630 --> draw_object_infos_infos.hh_3974
+16.86s style draw_object_infos_infos.hh_3974 fill:#3c0
+16.86s overlay_wireframe_infos.hh_11630 --> draw_view_infos.hh_5696
+16.86s style draw_view_infos.hh_5696 fill:#5a0
+16.86s GPU_shader_shared.hh_13548 --> GPU_shader_shared_utils.hh_933
+16.86s style GPU_shader_shared_utils.hh_933 fill:#0f0
+16.86s gpu_index_load_infos.hh_567 --> GPU_shader_shared.hh_13548
+16.86s style GPU_shader_shared.hh_13548 fill:#d20
+16.86s overlay_wireframe_infos.hh_11630 --> gpu_index_load_infos.hh_567
+16.86s style gpu_index_load_infos.hh_567 fill:#0f0
+16.86s overlay_shader_shared.hh_16231 --> GPU_shader_shared_utils.hh_933
+16.86s style GPU_shader_shared_utils.hh_933 fill:#0f0
+16.86s overlay_common_infos.hh_1184 --> overlay_shader_shared.hh_16231
+16.86s style overlay_shader_shared.hh_16231 fill:#f00
+16.86s overlay_common_infos.hh_1184 --> select_shader_shared.hh_773
+16.86s style select_shader_shared.hh_773 fill:#0f0
+16.86s overlay_common_infos.hh_1184 --> select_defines.hh_108
+16.86s style select_defines.hh_108 fill:#0f0
+16.86s overlay_wireframe_infos.hh_11630 --> overlay_common_infos.hh_1184
+16.86s style overlay_common_infos.hh_1184 fill:#1e0
+16.86s overlay_wireframe_frag.glsl_1746 --> overlay_wireframe_infos.hh_11630
+16.86s style overlay_wireframe_infos.hh_11630 fill:#b40
+16.86s overlay_wireframe_frag.glsl_1746 --> gpu_shader_utildefines_lib.glsl_3296
+16.86s style gpu_shader_utildefines_lib.glsl_3296 fill:#3c0
+16.86s draw_view_lib.glsl_3779 --> draw_view_infos.hh_5696
+16.86s style draw_view_infos.hh_5696 fill:#5a0
+16.86s overlay_common_lib.glsl_1652 --> draw_view_lib.glsl_3779
+16.86s style draw_view_lib.glsl_3779 fill:#3c0
+16.86s overlay_wireframe_frag.glsl_1746 --> overlay_common_lib.glsl_1652
+16.86s style overlay_common_lib.glsl_1652 fill:#1e0
+16.86s overlay_wireframe_frag.glsl_1746 --> select_lib.glsl_1221
+16.86s style select_lib.glsl_1221 fill:#1e0
+16.86s 
+16.86s 00:16.248  gpu.shader.deps  | Resolved Source Tree (Mermaid flowchart) 
+16.86s flowchart LR
+16.86s gpu_shader_compat_glsl.glsl_4944 --> gpu_shader_glsl_extension.glsl_644
+16.86s style gpu_shader_glsl_extension.glsl_644 fill:#0f0
+16.86s 
+16.99s 00:16.387  gpu.shader       | Compiling Shader "workbench_prepass_mesh_opaque_studio_material_no_clip"
+16.99s 00:16.387  gpu.shader.deps  | Resolved Source Tree (Mermaid flowchart) workbench_prepass_mesh_opaque_studio_material_no_clip
+16.99s flowchart LR
+16.99s draw_view_infos.hh_5696 --> draw_defines.hh_678
+17.00s style draw_defines.hh_678 fill:#0f0
+17.00s draw_command_shared.hh_1480 --> GPU_shader_shared_utils.hh_933
+17.00s style GPU_shader_shared_utils.hh_933 fill:#0f0
+17.00s draw_view_infos.hh_5696 --> draw_command_shared.hh_1480
+17.00s style draw_command_shared.hh_1480 fill:#1e0
+17.00s draw_shader_shared.hh_24775 --> GPU_shader_shared_utils.hh_933
+17.00s style GPU_shader_shared_utils.hh_933 fill:#0f0
+17.00s draw_view_infos.hh_5696 --> draw_shader_shared.hh_24775
+17.00s style draw_shader_shared.hh_24775 fill:#f00
+17.00s workbench_prepass.bsl.hh_19716 --> draw_view_infos.hh_5696
+17.00s style draw_view_infos.hh_5696 fill:#5a0
+17.00s draw_object_infos_infos.hh_3974 --> draw_shader_shared.hh_24775
+17.00s style draw_shader_shared.hh_24775 fill:#f00
+17.00s gpencil_shader_shared.hh_4176 --> GPU_shader_shared_utils.hh_933
+17.00s style GPU_shader_shared_utils.hh_933 fill:#0f0
+17.00s draw_object_infos_infos.hh_3974 --> gpencil_shader_shared.hh_4176
+17.00s style gpencil_shader_shared.hh_4176 fill:#4b0
+17.00s draw_object_infos_infos.hh_3974 --> draw_view_infos.hh_5696
+17.00s style draw_view_infos.hh_5696 fill:#5a0
+17.00s draw_object_infos_infos.hh_3974 --> draw_defines.hh_678
+17.00s style draw_defines.hh_678 fill:#0f0
+17.00s draw_curves_lib.glsl_7890 --> draw_object_infos_infos.hh_3974
+17.00s style draw_object_infos_infos.hh_3974 fill:#3c0
+17.00s draw_curves_lib.glsl_7890 --> gpu_shader_math_constants_lib.glsl_604
+17.00s style gpu_shader_math_constants_lib.glsl_604 fill:#0f0
+17.00s gpu_shader_math_matrix_conversion_lib.glsl_988 --> gpu_shader_math_base_lib.glsl_1464
+17.00s style gpu_shader_math_base_lib.glsl_1464 fill:#1e0
+17.00s gpu_shader_math_matrix_conversion_lib.glsl_988 --> gpu_shader_math_euler_lib.glsl_722
+17.00s style gpu_shader_math_euler_lib.glsl_722 fill:#0f0
+17.00s gpu_shader_math_matrix_compare_lib.glsl_3039 --> gpu_shader_math_vector_compare_lib.glsl_2302
+17.00s style gpu_shader_math_vector_compare_lib.glsl_2302 fill:#2d0
+17.00s gpu_shader_math_matrix_conversion_lib.glsl_988 --> gpu_shader_math_matrix_compare_lib.glsl_3039
+17.00s style gpu_shader_math_matrix_compare_lib.glsl_3039 fill:#3c0
+17.00s gpu_shader_math_matrix_conversion_lib.glsl_988 --> gpu_shader_math_quaternion_lib.glsl_1440
+17.00s style gpu_shader_math_quaternion_lib.glsl_1440 fill:#1e0
+17.00s gpu_shader_math_matrix_conversion_lib.glsl_988 --> gpu_shader_utildefines_lib.glsl_3296
+17.00s style gpu_shader_utildefines_lib.glsl_3296 fill:#3c0
+17.00s draw_curves_lib.glsl_7890 --> gpu_shader_math_matrix_conversion_lib.glsl_988
+17.00s style gpu_shader_math_matrix_conversion_lib.glsl_988 fill:#0f0
+17.00s draw_curves_lib.glsl_7890 --> gpu_shader_math_matrix_transform_lib.glsl_833
+17.00s style gpu_shader_math_matrix_transform_lib.glsl_833 fill:#0f0
+17.00s workbench_prepass.bsl.hh_19716 --> draw_curves_lib.glsl_7890
+17.00s style draw_curves_lib.glsl_7890 fill:#780
+17.00s draw_model.bsl.hh_6558 --> draw_shader_shared.hh_24775
+17.00s style draw_shader_shared.hh_24775 fill:#f00
+17.00s workbench_prepass.bsl.hh_19716 --> draw_model.bsl.hh_6558
+17.00s style draw_model.bsl.hh_6558 fill:#690
+17.00s draw_pointcloud_lib.glsl_3635 --> draw_object_infos_infos.hh_3974
+17.00s style draw_object_infos_infos.hh_3974 fill:#3c0
+17.00s draw_pointcloud_lib.glsl_3635 --> draw_defines.hh_678
+17.00s style draw_defines.hh_678 fill:#0f0
+17.00s draw_pointcloud_lib.glsl_3635 --> gpu_shader_math_constants_lib.glsl_604
+17.00s style gpu_shader_math_constants_lib.glsl_604 fill:#0f0
+17.00s draw_pointcloud_lib.glsl_3635 --> gpu_shader_math_matrix_conversion_lib.glsl_988
+17.00s style gpu_shader_math_matrix_conversion_lib.glsl_988 fill:#0f0
+17.00s draw_pointcloud_lib.glsl_3635 --> gpu_shader_math_matrix_transform_lib.glsl_833
+17.00s style gpu_shader_math_matrix_transform_lib.glsl_833 fill:#0f0
+17.00s draw_pointcloud_lib.glsl_3635 --> gpu_shader_utildefines_lib.glsl_3296
+17.00s style gpu_shader_utildefines_lib.glsl_3296 fill:#3c0
+17.00s workbench_prepass.bsl.hh_19716 --> draw_pointcloud_lib.glsl_3635
+17.00s style draw_pointcloud_lib.glsl_3635 fill:#3c0
+17.00s draw_view.bsl.hh_960 --> draw_shader_shared.hh_24775
+17.00s style draw_shader_shared.hh_24775 fill:#f00
+17.00s workbench_prepass.bsl.hh_19716 --> draw_view.bsl.hh_960
+17.00s style draw_view.bsl.hh_960 fill:#0f0
+17.00s workbench_prepass.bsl.hh_19716 --> draw_view_clipping_lib.glsl_1192
+17.00s style draw_view_clipping_lib.glsl_1192 fill:#1e0
+17.00s workbench_prepass.bsl.hh_19716 --> gpu_shader_math_base_lib.glsl_1464
+17.00s style gpu_shader_math_base_lib.glsl_1464 fill:#1e0
+17.00s workbench_common.bsl.hh_2082 --> workbench_defines.hh_309
+17.00s style workbench_defines.hh_309 fill:#0f0
+17.00s workbench_shader_shared.hh_3768 --> GPU_shader_shared_utils.hh_933
+17.00s style GPU_shader_shared_utils.hh_933 fill:#0f0
+17.00s workbench_common.bsl.hh_2082 --> workbench_shader_shared.hh_3768
+17.00s style workbench_shader_shared.hh_3768 fill:#3c0
+17.00s workbench_prepass.bsl.hh_19716 --> workbench_common.bsl.hh_2082
+17.00s style workbench_common.bsl.hh_2082 fill:#2d0
+17.00s workbench_prepass.bsl.hh_19716 --> workbench_image.bsl.hh_2916
+17.00s style workbench_image.bsl.hh_2916 fill:#2d0
+17.00s workbench_matcap.bsl.hh_1869 --> workbench_common.bsl.hh_2082
+17.00s style workbench_common.bsl.hh_2082 fill:#2d0
+17.00s workbench_prepass.bsl.hh_19716 --> workbench_matcap.bsl.hh_1869
+17.00s style workbench_matcap.bsl.hh_1869 fill:#1e0
+17.00s workbench_prepass.bsl.hh_19716 --> workbench_material.bsl.hh_2158
+17.00s style workbench_material.bsl.hh_2158 fill:#2d0
+17.00s workbench_world_light.bsl.hh_6810 --> gpu_shader_utildefines_lib.glsl_3296
+17.00s style gpu_shader_utildefines_lib.glsl_3296 fill:#3c0
+17.00s workbench_world_light.bsl.hh_6810 --> workbench_common.bsl.hh_2082
+17.00s style workbench_common.bsl.hh_2082 fill:#2d0
+17.00s workbench_prepass.bsl.hh_19716 --> workbench_world_light.bsl.hh_6810
+17.00s style workbench_world_light.bsl.hh_6810 fill:#690
+17.00s 
+17.00s 00:16.387  gpu.shader.deps  | Resolved Source Tree (Mermaid flowchart) 
+17.00s flowchart LR
+17.00s gpu_shader_compat_glsl.glsl_4944 --> gpu_shader_glsl_extension.glsl_644
+17.00s style gpu_shader_glsl_extension.glsl_644 fill:#0f0
+17.00s 
+17.00s 00:16.389  gpu.shader.deps  | Resolved Source Tree (Mermaid flowchart) workbench_prepass_mesh_opaque_studio_material_no_clip
+17.00s flowchart LR
+17.00s draw_view_infos.hh_5696 --> draw_defines.hh_678
+17.00s style draw_defines.hh_678 fill:#0f0
+17.00s draw_command_shared.hh_1480 --> GPU_shader_shared_utils.hh_933
+17.00s style GPU_shader_shared_utils.hh_933 fill:#0f0
+17.00s draw_view_infos.hh_5696 --> draw_command_shared.hh_1480
+17.00s style draw_command_shared.hh_1480 fill:#1e0
+17.00s draw_shader_shared.hh_24775 --> GPU_shader_shared_utils.hh_933
+17.00s style GPU_shader_shared_utils.hh_933 fill:#0f0
+17.00s draw_view_infos.hh_5696 --> draw_shader_shared.hh_24775
+17.00s style draw_shader_shared.hh_24775 fill:#f00
+17.00s workbench_prepass.bsl.hh_19716 --> draw_view_infos.hh_5696
+17.00s style draw_view_infos.hh_5696 fill:#5a0
+17.00s draw_object_infos_infos.hh_3974 --> draw_shader_shared.hh_24775
+17.00s style draw_shader_shared.hh_24775 fill:#f00
+17.00s gpencil_shader_shared.hh_4176 --> GPU_shader_shared_utils.hh_933
+17.00s style GPU_shader_shared_utils.hh_933 fill:#0f0
+17.01s draw_object_infos_infos.hh_3974 --> gpencil_shader_shared.hh_4176
+17.01s style gpencil_shader_shared.hh_4176 fill:#4b0
+17.01s draw_object_infos_infos.hh_3974 --> draw_view_infos.hh_5696
+17.01s style draw_view_infos.hh_5696 fill:#5a0
+17.01s draw_object_infos_infos.hh_3974 --> draw_defines.hh_678
+17.01s style draw_defines.hh_678 fill:#0f0
+17.01s draw_curves_lib.glsl_7890 --> draw_object_infos_infos.hh_3974
+17.01s style draw_object_infos_infos.hh_3974 fill:#3c0
+17.01s draw_curves_lib.glsl_7890 --> gpu_shader_math_constants_lib.glsl_604
+17.01s style gpu_shader_math_constants_lib.glsl_604 fill:#0f0
+17.01s gpu_shader_math_matrix_conversion_lib.glsl_988 --> gpu_shader_math_base_lib.glsl_1464
+17.01s style gpu_shader_math_base_lib.glsl_1464 fill:#1e0
+17.01s gpu_shader_math_matrix_conversion_lib.glsl_988 --> gpu_shader_math_euler_lib.glsl_722
+17.01s style gpu_shader_math_euler_lib.glsl_722 fill:#0f0
+17.01s gpu_shader_math_matrix_compare_lib.glsl_3039 --> gpu_shader_math_vector_compare_lib.glsl_2302
+17.01s style gpu_shader_math_vector_compare_lib.glsl_2302 fill:#2d0
+17.01s gpu_shader_math_matrix_conversion_lib.glsl_988 --> gpu_shader_math_matrix_compare_lib.glsl_3039
+17.01s style gpu_shader_math_matrix_compare_lib.glsl_3039 fill:#3c0
+17.01s gpu_shader_math_matrix_conversion_lib.glsl_988 --> gpu_shader_math_quaternion_lib.glsl_1440
+17.01s style gpu_shader_math_quaternion_lib.glsl_1440 fill:#1e0
+17.01s gpu_shader_math_matrix_conversion_lib.glsl_988 --> gpu_shader_utildefines_lib.glsl_3296
+17.01s style gpu_shader_utildefines_lib.glsl_3296 fill:#3c0
+17.01s draw_curves_lib.glsl_7890 --> gpu_shader_math_matrix_conversion_lib.glsl_988
+17.01s style gpu_shader_math_matrix_conversion_lib.glsl_988 fill:#0f0
+17.01s draw_curves_lib.glsl_7890 --> gpu_shader_math_matrix_transform_lib.glsl_833
+17.01s style gpu_shader_math_matrix_transform_lib.glsl_833 fill:#0f0
+17.01s workbench_prepass.bsl.hh_19716 --> draw_curves_lib.glsl_7890
+17.01s style draw_curves_lib.glsl_7890 fill:#780
+17.01s draw_model.bsl.hh_6558 --> draw_shader_shared.hh_24775
+17.01s style draw_shader_shared.hh_24775 fill:#f00
+17.01s workbench_prepass.bsl.hh_19716 --> draw_model.bsl.hh_6558
+17.01s style draw_model.bsl.hh_6558 fill:#690
+17.01s draw_pointcloud_lib.glsl_3635 --> draw_object_infos_infos.hh_3974
+17.01s style draw_object_infos_infos.hh_3974 fill:#3c0
+17.01s draw_pointcloud_lib.glsl_3635 --> draw_defines.hh_678
+17.01s style draw_defines.hh_678 fill:#0f0
+17.01s draw_pointcloud_lib.glsl_3635 --> gpu_shader_math_constants_lib.glsl_604
+17.01s style gpu_shader_math_constants_lib.glsl_604 fill:#0f0
+17.01s draw_pointcloud_lib.glsl_3635 --> gpu_shader_math_matrix_conversion_lib.glsl_988
+17.01s style gpu_shader_math_matrix_conversion_lib.glsl_988 fill:#0f0
+17.01s draw_pointcloud_lib.glsl_3635 --> gpu_shader_math_matrix_transform_lib.glsl_833
+17.01s style gpu_shader_math_matrix_transform_lib.glsl_833 fill:#0f0
+17.01s draw_pointcloud_lib.glsl_3635 --> gpu_shader_utildefines_lib.glsl_3296
+17.01s style gpu_shader_utildefines_lib.glsl_3296 fill:#3c0
+17.01s workbench_prepass.bsl.hh_19716 --> draw_pointcloud_lib.glsl_3635
+17.01s style draw_pointcloud_lib.glsl_3635 fill:#3c0
+17.01s draw_view.bsl.hh_960 --> draw_shader_shared.hh_24775
+17.01s style draw_shader_shared.hh_24775 fill:#f00
+17.01s workbench_prepass.bsl.hh_19716 --> draw_view.bsl.hh_960
+17.01s style draw_view.bsl.hh_960 fill:#0f0
+17.01s workbench_prepass.bsl.hh_19716 --> draw_view_clipping_lib.glsl_1192
+17.01s style draw_view_clipping_lib.glsl_1192 fill:#1e0
+17.01s workbench_prepass.bsl.hh_19716 --> gpu_shader_math_base_lib.glsl_1464
+17.01s style gpu_shader_math_base_lib.glsl_1464 fill:#1e0
+17.01s workbench_common.bsl.hh_2082 --> workbench_defines.hh_309
+17.01s style workbench_defines.hh_309 fill:#0f0
+17.01s workbench_shader_shared.hh_3768 --> GPU_shader_shared_utils.hh_933
+17.01s style GPU_shader_shared_utils.hh_933 fill:#0f0
+17.01s workbench_common.bsl.hh_2082 --> workbench_shader_shared.hh_3768
+17.01s style workbench_shader_shared.hh_3768 fill:#3c0
+17.01s workbench_prepass.bsl.hh_19716 --> workbench_common.bsl.hh_2082
+17.01s style workbench_common.bsl.hh_2082 fill:#2d0
+17.01s workbench_prepass.bsl.hh_19716 --> workbench_image.bsl.hh_2916
+17.01s style workbench_image.bsl.hh_2916 fill:#2d0
+17.01s workbench_matcap.bsl.hh_1869 --> workbench_common.bsl.hh_2082
+17.01s style workbench_common.bsl.hh_2082 fill:#2d0
+17.01s workbench_prepass.bsl.hh_19716 --> workbench_matcap.bsl.hh_1869
+17.01s style workbench_matcap.bsl.hh_1869 fill:#1e0
+17.01s workbench_prepass.bsl.hh_19716 --> workbench_material.bsl.hh_2158
+17.01s style workbench_material.bsl.hh_2158 fill:#2d0
+17.01s workbench_world_light.bsl.hh_6810 --> gpu_shader_utildefines_lib.glsl_3296
+17.01s style gpu_shader_utildefines_lib.glsl_3296 fill:#3c0
+17.01s workbench_world_light.bsl.hh_6810 --> workbench_common.bsl.hh_2082
+17.01s style workbench_common.bsl.hh_2082 fill:#2d0
+17.01s workbench_prepass.bsl.hh_19716 --> workbench_world_light.bsl.hh_6810
+17.01s style workbench_world_light.bsl.hh_6810 fill:#690
+17.01s 
+17.01s 00:16.389  gpu.shader.deps  | Resolved Source Tree (Mermaid flowchart) 
+17.01s flowchart LR
+17.01s gpu_shader_compat_glsl.glsl_4944 --> gpu_shader_glsl_extension.glsl_644
+17.01s style gpu_shader_glsl_extension.glsl_644 fill:#0f0
+17.01s 
+17.14s 00:16.532  gpu.shader       | Compiling Shader "draw_resource_finalize"
+17.14s 00:16.532  gpu.shader.deps  | Resolved Source Tree (Mermaid flowchart) draw_resource_finalize
+17.14s flowchart LR
+17.14s draw_view_infos.hh_5696 --> draw_defines.hh_678
+17.14s style draw_defines.hh_678 fill:#0f0
+17.14s draw_command_shared.hh_1480 --> GPU_shader_shared_utils.hh_933
+17.14s style GPU_shader_shared_utils.hh_933 fill:#0f0
+17.15s draw_view_infos.hh_5696 --> draw_command_shared.hh_1480
+17.15s style draw_command_shared.hh_1480 fill:#1e0
+17.15s draw_shader_shared.hh_24775 --> GPU_shader_shared_utils.hh_933
+17.15s style GPU_shader_shared_utils.hh_933 fill:#0f0
+17.15s draw_view_infos.hh_5696 --> draw_shader_shared.hh_24775
+17.15s style draw_shader_shared.hh_24775 fill:#f00
+17.15s draw_resource_finalize_comp.glsl_2273 --> draw_view_infos.hh_5696
+17.15s style draw_view_infos.hh_5696 fill:#5a0
+17.15s draw_resource_finalize_comp.glsl_2273 --> gpu_shader_math_matrix_transform_lib.glsl_833
+17.15s style gpu_shader_math_matrix_transform_lib.glsl_833 fill:#0f0
+17.15s draw_resource_finalize_comp.glsl_2273 --> gpu_shader_math_vector_reduce_lib.glsl_1364
+17.15s style gpu_shader_math_vector_reduce_lib.glsl_1364 fill:#1e0
+17.15s gpu_shader_math_safe_lib.glsl_1274 --> gpu_shader_math_constants_lib.glsl_604
+17.15s style gpu_shader_math_constants_lib.glsl_604 fill:#0f0
+17.15s gpu_shader_math_vector_safe_lib.glsl_6451 --> gpu_shader_math_safe_lib.glsl_1274
+17.15s style gpu_shader_math_safe_lib.glsl_1274 fill:#1e0
+17.15s draw_resource_finalize_comp.glsl_2273 --> gpu_shader_math_vector_safe_lib.glsl_6451
+17.15s style gpu_shader_math_vector_safe_lib.glsl_6451 fill:#690
+17.15s draw_resource_finalize_comp.glsl_2273 --> gpu_shader_utildefines_lib.glsl_3296
+17.15s style gpu_shader_utildefines_lib.glsl_3296 fill:#3c0
+17.15s 
+17.15s 00:16.532  gpu.shader.deps  | Resolved Source Tree (Mermaid flowchart) 
+17.15s flowchart LR
+17.15s gpu_shader_compat_glsl.glsl_4944 --> gpu_shader_glsl_extension.glsl_644
+17.15s style gpu_shader_glsl_extension.glsl_644 fill:#0f0
+17.15s 
+17.22s 00:16.617  gpu.shader       | Compiling Shader "draw_visibility_compute"
+17.22s 00:16.618  gpu.shader.deps  | Resolved Source Tree (Mermaid flowchart) draw_visibility_compute
+17.22s flowchart LR
+17.22s draw_view_infos.hh_5696 --> draw_defines.hh_678
+17.22s style draw_defines.hh_678 fill:#0f0
+17.22s draw_command_shared.hh_1480 --> GPU_shader_shared_utils.hh_933
+17.22s style GPU_shader_shared_utils.hh_933 fill:#0f0
+17.22s draw_view_infos.hh_5696 --> draw_command_shared.hh_1480
+17.22s style draw_command_shared.hh_1480 fill:#1e0
+17.22s draw_shader_shared.hh_24775 --> GPU_shader_shared_utils.hh_933
+17.22s style GPU_shader_shared_utils.hh_933 fill:#0f0
+17.22s draw_view_infos.hh_5696 --> draw_shader_shared.hh_24775
+17.22s style draw_shader_shared.hh_24775 fill:#f00
+17.22s draw_visibility_comp.glsl_1790 --> draw_view_infos.hh_5696
+17.22s style draw_view_infos.hh_5696 fill:#5a0
+17.22s draw_intersect_lib.glsl_15541 --> draw_view_infos.hh_5696
+17.22s style draw_view_infos.hh_5696 fill:#5a0
+17.22s draw_intersect_lib.glsl_15541 --> draw_shape_lib.glsl_3471
+17.22s style draw_shape_lib.glsl_3471 fill:#3c0
+17.22s draw_intersect_lib.glsl_15541 --> gpu_shader_math_base_lib.glsl_1464
+17.22s style gpu_shader_math_base_lib.glsl_1464 fill:#1e0
+17.22s gpu_shader_math_safe_lib.glsl_1274 --> gpu_shader_math_constants_lib.glsl_604
+17.22s style gpu_shader_math_constants_lib.glsl_604 fill:#0f0
+17.22s draw_intersect_lib.glsl_15541 --> gpu_shader_math_safe_lib.glsl_1274
+17.22s style gpu_shader_math_safe_lib.glsl_1274 fill:#1e0
+17.22s draw_intersect_lib.glsl_15541 --> gpu_shader_math_vector_lib.glsl_4416
+17.22s style gpu_shader_math_vector_lib.glsl_4416 fill:#4b0
+17.22s draw_intersect_lib.glsl_15541 --> gpu_shader_utildefines_lib.glsl_3296
+17.22s style gpu_shader_utildefines_lib.glsl_3296 fill:#3c0
+17.22s draw_visibility_comp.glsl_1790 --> draw_intersect_lib.glsl_15541
+17.22s style draw_intersect_lib.glsl_15541 fill:#f00
+17.22s 
+17.22s 00:16.618  gpu.shader.deps  | Resolved Source Tree (Mermaid flowchart) 
+17.22s flowchart LR
+17.22s gpu_shader_compat_glsl.glsl_4944 --> gpu_shader_glsl_extension.glsl_644
+17.22s style gpu_shader_glsl_extension.glsl_644 fill:#0f0
+17.22s 
+17.30s 00:16.690  gpu.shader       | Compiling Shader "draw_command_generate"
+17.30s 00:16.690  gpu.shader.deps  | Resolved Source Tree (Mermaid flowchart) draw_command_generate
+17.30s flowchart LR
+17.30s draw_view_infos.hh_5696 --> draw_defines.hh_678
+17.30s style draw_defines.hh_678 fill:#0f0
+17.30s draw_command_shared.hh_1480 --> GPU_shader_shared_utils.hh_933
+17.30s style GPU_shader_shared_utils.hh_933 fill:#0f0
+17.30s draw_view_infos.hh_5696 --> draw_command_shared.hh_1480
+17.30s style draw_command_shared.hh_1480 fill:#1e0
+17.30s draw_shader_shared.hh_24775 --> GPU_shader_shared_utils.hh_933
+17.30s style GPU_shader_shared_utils.hh_933 fill:#0f0
+17.30s draw_view_infos.hh_5696 --> draw_shader_shared.hh_24775
+17.30s style draw_shader_shared.hh_24775 fill:#f00
+17.30s draw_command_generate_comp.glsl_4980 --> draw_view_infos.hh_5696
+17.30s style draw_view_infos.hh_5696 fill:#5a0
+17.30s 
+17.30s 00:16.690  gpu.shader.deps  | Resolved Source Tree (Mermaid flowchart) 
+17.30s flowchart LR
+17.30s gpu_shader_compat_glsl.glsl_4944 --> gpu_shader_glsl_extension.glsl_644
+17.30s style gpu_shader_glsl_extension.glsl_644 fill:#0f0
+17.30s 
+17.40s 00:16.796  gpu.shader       | Compiling Shader "OCIO_Display"
+17.40s 00:16.797  gpu.shader.deps  | Resolved Source Tree (Mermaid flowchart) OCIO_Display
+17.40s flowchart LR
+17.40s ocio_shader_shared.hh_1400 --> GPU_shader_shared_utils.hh_933
+17.40s style GPU_shader_shared_utils.hh_933 fill:#0f0
+17.40s gpu_shader_display_transform_vert.glsl_177 --> ocio_shader_shared.hh_1400
+17.40s style ocio_shader_shared.hh_1400 fill:#1e0
+17.40s 
+17.40s 00:16.797  gpu.shader.deps  | Resolved Source Tree (Mermaid flowchart) 
+17.40s flowchart LR
+17.40s gpu_shader_compat_glsl.glsl_4944 --> gpu_shader_glsl_extension.glsl_644
+17.40s style gpu_shader_glsl_extension.glsl_644 fill:#0f0
+17.40s 
+17.40s 00:16.797  gpu.shader.deps  | Resolved Source Tree (Mermaid flowchart) OCIO_Display
+17.40s flowchart LR
+17.40s ocio_shader_shared.hh_1400 --> GPU_shader_shared_utils.hh_933
+17.40s style GPU_shader_shared_utils.hh_933 fill:#0f0
+17.40s gpu_shader_display_transform_frag.glsl_4318 --> ocio_shader_shared.hh_1400
+17.40s style ocio_shader_shared.hh_1400 fill:#1e0
+17.40s gpu_shader_display_transform_lib.glsl_548 --> gpu_shader_display_transform_fallback_lib.glsl_749
+17.40s style gpu_shader_display_transform_fallback_lib.glsl_749 fill:#0f0
+17.41s gpu_shader_display_transform_lib.glsl_548 --> ocio_shader_shared.hh_1400
+17.41s style ocio_shader_shared.hh_1400 fill:#1e0
+17.41s gpu_shader_display_transform_frag.glsl_4318 --> gpu_shader_display_transform_lib.glsl_548
+17.41s style gpu_shader_display_transform_lib.glsl_548 fill:#0f0
+17.41s 
+17.41s 00:16.797  gpu.shader.deps  | Resolved Source Tree (Mermaid flowchart) 
+17.41s flowchart LR
+17.41s gpu_shader_compat_glsl.glsl_4944 --> gpu_shader_glsl_extension.glsl_644
+17.41s style gpu_shader_glsl_extension.glsl_644 fill:#0f0
+17.41s 
+17.54s WGPUWeb: presentBackbuffer frame 1 — surface 1600x900 -> canvas (offscreen blit)