ninja: Entering directory `build-wasm-windowed-opt'
[0/1] Re-running CMake...
-- Found OpenColorIO: /Users/paws/blender-web/lib/wasm/lib/cmake/OpenColorIO/OpenColorIOConfig.cmake (found suitable version "2.5.0", minimum required is "2.0.0")
-- Found OpenColorIO: /Users/paws/blender-web/lib/wasm/lib/cmake/OpenColorIO/OpenColorIOConfig.cmake (found version "2.5.0")
-- Using NINJA_POOL_JOBS:
--   NINJA_MAX_NUM_PARALLEL_LINK_JOBS: max concurrent linking jobs (computed): 2
--   NINJA_MAX_NUM_PARALLEL_COMPILE_HEAVY_JOBS: max concurrent heavy compile jobs (computed): 11
--   NINJA_MAX_NUM_PARALLEL_COMPILE_JOBS: max concurrent regular compile jobs (computed): 11
-- blender-web: browser target `blender_browser` enabled (WasmFS + preload, virtual root /bw). Build: ninja blender_browser
-- Configuring done (3.9s)
-- Generating done (2.5s)
-- Build files have been written to: /Users/paws/blender-web/build-wasm-windowed-opt
[1/441] Generating shaders/gpu_shader_2D_update_mipmaps.bsl.hh.tmp, shaders/gpu_shader_2D_update_mipmaps.bsl.hh.hh, shaders/gpu_shader_2D_update_mipmaps.bsl.hh.info, shaders/gpu_shader_2D_update_mipmaps.bsl.hh.d
[2/441] Generating shaders/gpu_shader_2D_update_mipmaps.bsl.hh.c
[3/441] Building C object source/blender/gpu/CMakeFiles/bf_gpu_shaders.dir/Unity/unity_7_c.c.o
[4/441] Linking C static library lib/libbf_gpu_shaders.a
[5/441] Building CXX object source/blender/makesrna/intern/CMakeFiles/bf_rna.dir/rna_render_gen.cc.o
In file included from /Users/paws/blender-web/build-wasm-windowed-opt/source/blender/makesrna/intern/rna_render_gen.cc:46:
In file included from /Users/paws/blender-web/upstream/source/blender/makesrna/intern/rna_render.cc:59:
In file included from /Users/paws/blender-web/upstream/source/blender/blenkernel/BKE_scene.hh:13:
In file included from /Users/paws/blender-web/upstream/source/blender/blenkernel/BKE_duplilist.hh:13:
In file included from /Users/paws/blender-web/upstream/source/blender/blenkernel/BKE_geometry_set.hh:22:
In file included from /Users/paws/blender-web/upstream/source/blender/blenkernel/BKE_attribute.hh:16:
In file included from /Users/paws/blender-web/upstream/source/blender/blenlib/BLI_generic_virtual_array.hh:16:
In file included from /Users/paws/blender-web/upstream/source/blender/blenlib/BLI_virtual_array.hh:34:
In file included from /Users/paws/blender-web/upstream/source/blender/blenlib/BLI_index_mask.hh:24:
In file included from /Users/paws/blender-web/upstream/source/blender/blenlib/BLI_unique_sorted_indices.hh:29:
/Users/paws/blender-web/upstream/source/blender/blenlib/BLI_binary_search.hh:21:16: warning: unused function template 'first_if' [-Wunused-template]
   21 | static int64_t first_if(Iterator begin, Iterator end, Predicate &&predicate)
      |                ^~~~~~~~
1 warning generated.
[6/441] Building CXX object source/blender/makesrna/intern/CMakeFiles/bf_rna.dir/rna_space_gen.cc.o
In file included from /Users/paws/blender-web/build-wasm-windowed-opt/source/blender/makesrna/intern/rna_space_gen.cc:46:
In file included from /Users/paws/blender-web/upstream/source/blender/makesrna/intern/rna_space.cc:17:
In file included from /Users/paws/blender-web/upstream/source/blender/blenkernel/BKE_geometry_set.hh:22:
In file included from /Users/paws/blender-web/upstream/source/blender/blenkernel/BKE_attribute.hh:16:
In file included from /Users/paws/blender-web/upstream/source/blender/blenlib/BLI_generic_virtual_array.hh:16:
In file included from /Users/paws/blender-web/upstream/source/blender/blenlib/BLI_virtual_array.hh:34:
In file included from /Users/paws/blender-web/upstream/source/blender/blenlib/BLI_index_mask.hh:24:
In file included from /Users/paws/blender-web/upstream/source/blender/blenlib/BLI_unique_sorted_indices.hh:29:
/Users/paws/blender-web/upstream/source/blender/blenlib/BLI_binary_search.hh:21:16: warning: unused function template 'first_if' [-Wunused-template]
   21 | static int64_t first_if(Iterator begin, Iterator end, Predicate &&predicate)
      |                ^~~~~~~~
1 warning generated.
[7/441] Building CXX object source/blender/makesrna/intern/CMakeFiles/bf_rna.dir/rna_nodetree_gen.cc.o
In file included from /Users/paws/blender-web/build-wasm-windowed-opt/source/blender/makesrna/intern/rna_nodetree_gen.cc:46:
In file included from /Users/paws/blender-web/upstream/source/blender/makesrna/intern/rna_nodetree.cc:25:
In file included from /Users/paws/blender-web/upstream/source/blender/blenkernel/BKE_attribute.hh:16:
In file included from /Users/paws/blender-web/upstream/source/blender/blenlib/BLI_generic_virtual_array.hh:16:
In file included from /Users/paws/blender-web/upstream/source/blender/blenlib/BLI_virtual_array.hh:34:
In file included from /Users/paws/blender-web/upstream/source/blender/blenlib/BLI_index_mask.hh:24:
In file included from /Users/paws/blender-web/upstream/source/blender/blenlib/BLI_unique_sorted_indices.hh:29:
/Users/paws/blender-web/upstream/source/blender/blenlib/BLI_binary_search.hh:21:16: warning: unused function template 'first_if' [-Wunused-template]
   21 | static int64_t first_if(Iterator begin, Iterator end, Predicate &&predicate)
      |                ^~~~~~~~
In file included from /Users/paws/blender-web/build-wasm-windowed-opt/source/blender/makesrna/intern/rna_nodetree_gen.cc:46:
In file included from /Users/paws/blender-web/upstream/source/blender/makesrna/intern/rna_nodetree.cc:633:
In file included from /Users/paws/blender-web/upstream/source/blender/blenkernel/BKE_node_runtime.hh:26:
/Users/paws/blender-web/upstream/source/blender/blenkernel/BKE_node_tree_interface.hh:60:34: warning: unused function template 'item_is_type' [-Wunused-template]
   60 | template<typename T> static bool item_is_type(const bNodeTreeInterfaceItem &item)
      |                                  ^~~~~~~~~~~~
2 warnings generated.
[8/441] Linking CXX static library lib/libbf_rna.a
[9/441] Building CXX object source/blender/editors/gizmo_library/CMakeFiles/bf_editor_gizmo_library.dir/gizmo_draw_utils.cc.o
In file included from /Users/paws/blender-web/upstream/source/blender/editors/gizmo_library/gizmo_draw_utils.cc:9:
In file included from /Users/paws/blender-web/upstream/source/blender/gpu/GPU_batch.hh:26:
In file included from /Users/paws/blender-web/upstream/source/blender/gpu/GPU_storage_buffer.hh:18:
In file included from /Users/paws/blender-web/upstream/source/blender/gpu/GPU_vertex_buffer.hh:16:
In file included from /Users/paws/blender-web/upstream/source/blender/blenlib/BLI_virtual_array.hh:34:
In file included from /Users/paws/blender-web/upstream/source/blender/blenlib/BLI_index_mask.hh:24:
In file included from /Users/paws/blender-web/upstream/source/blender/blenlib/BLI_unique_sorted_indices.hh:29:
/Users/paws/blender-web/upstream/source/blender/blenlib/BLI_binary_search.hh:21:16: warning: unused function template 'first_if' [-Wunused-template]
   21 | static int64_t first_if(Iterator begin, Iterator end, Predicate &&predicate)
      |                ^~~~~~~~
1 warning generated.
[10/441] Building CXX object intern/opensubdiv/CMakeFiles/bf_intern_opensubdiv.dir/internal/evaluator/gpu_compute_evaluator.cc.o
In file included from /Users/paws/blender-web/upstream/intern/opensubdiv/internal/evaluator/gpu_compute_evaluator.cc:12:
In file included from /Users/paws/blender-web/upstream/intern/opensubdiv/internal/evaluator/gpu_compute_evaluator.h:12:
In file included from /Users/paws/blender-web/upstream/source/blender/gpu/GPU_storage_buffer.hh:18:
In file included from /Users/paws/blender-web/upstream/source/blender/gpu/GPU_vertex_buffer.hh:16:
In file included from /Users/paws/blender-web/upstream/source/blender/blenlib/BLI_virtual_array.hh:34:
In file included from /Users/paws/blender-web/upstream/source/blender/blenlib/BLI_index_mask.hh:24:
In file included from /Users/paws/blender-web/upstream/source/blender/blenlib/BLI_unique_sorted_indices.hh:29:
/Users/paws/blender-web/upstream/source/blender/blenlib/BLI_binary_search.hh:21:16: warning: unused function template 'first_if' [-Wunused-template]
   21 | static int64_t first_if(Iterator begin, Iterator end, Predicate &&predicate)
      |                ^~~~~~~~
1 warning generated.
[11/441] Building CXX object source/blender/editors/animation/CMakeFiles/bf_editor_animation.dir/time_scrub_ui.cc.o
In file included from /Users/paws/blender-web/upstream/source/blender/editors/animation/time_scrub_ui.cc:10:
In file included from /Users/paws/blender-web/upstream/source/blender/blenkernel/BKE_scene.hh:13:
In file included from /Users/paws/blender-web/upstream/source/blender/blenkernel/BKE_duplilist.hh:13:
In file included from /Users/paws/blender-web/upstream/source/blender/blenkernel/BKE_geometry_set.hh:22:
In file included from /Users/paws/blender-web/upstream/source/blender/blenkernel/BKE_attribute.hh:16:
In file included from /Users/paws/blender-web/upstream/source/blender/blenlib/BLI_generic_virtual_array.hh:16:
In file included from /Users/paws/blender-web/upstream/source/blender/blenlib/BLI_virtual_array.hh:34:
In file included from /Users/paws/blender-web/upstream/source/blender/blenlib/BLI_index_mask.hh:24:
In file included from /Users/paws/blender-web/upstream/source/blender/blenlib/BLI_unique_sorted_indices.hh:29:
/Users/paws/blender-web/upstream/source/blender/blenlib/BLI_binary_search.hh:21:16: warning: unused function template 'first_if' [-Wunused-template]
   21 | static int64_t first_if(Iterator begin, Iterator end, Predicate &&predicate)
      |                ^~~~~~~~
1 warning generated.
[12/441] Building CXX object source/blender/editors/animation/CMakeFiles/bf_editor_animation.dir/anim_draw.cc.o
In file included from /Users/paws/blender-web/upstream/source/blender/editors/animation/anim_draw.cc:46:
In file included from /Users/paws/blender-web/upstream/source/blender/gpu/GPU_immediate.hh:13:
In file included from /Users/paws/blender-web/upstream/source/blender/gpu/GPU_batch.hh:26:
In file included from /Users/paws/blender-web/upstream/source/blender/gpu/GPU_storage_buffer.hh:18:
In file included from /Users/paws/blender-web/upstream/source/blender/gpu/GPU_vertex_buffer.hh:16:
In file included from /Users/paws/blender-web/upstream/source/blender/blenlib/BLI_virtual_array.hh:34:
In file included from /Users/paws/blender-web/upstream/source/blender/blenlib/BLI_index_mask.hh:24:
In file included from /Users/paws/blender-web/upstream/source/blender/blenlib/BLI_unique_sorted_indices.hh:29:
/Users/paws/blender-web/upstream/source/blender/blenlib/BLI_binary_search.hh:21:16: warning: unused function template 'first_if' [-Wunused-template]
   21 | static int64_t first_if(Iterator begin, Iterator end, Predicate &&predicate)
      |                ^~~~~~~~
1 warning generated.
[13/441] Building CXX object source/blender/editors/animation/CMakeFiles/bf_editor_animation.dir/anim_motion_paths.cc.o
In file included from /Users/paws/blender-web/upstream/source/blender/editors/animation/anim_motion_paths.cc:13:
In file included from /Users/paws/blender-web/upstream/source/blender/blenlib/BLI_bounds.hh:14:
In file included from /Users/paws/blender-web/upstream/source/blender/blenlib/BLI_index_mask.hh:24:
In file included from /Users/paws/blender-web/upstream/source/blender/blenlib/BLI_unique_sorted_indices.hh:29:
/Users/paws/blender-web/upstream/source/blender/blenlib/BLI_binary_search.hh:21:16: warning: unused function template 'first_if' [-Wunused-template]
   21 | static int64_t first_if(Iterator begin, Iterator end, Predicate &&predicate)
      |                ^~~~~~~~
1 warning generated.
[14/441] Building CXX object source/blender/editors/curve/CMakeFiles/bf_editor_curve.dir/editcurve_paint.cc.o
In file included from /Users/paws/blender-web/upstream/source/blender/editors/curve/editcurve_paint.cc:39:
In file included from /Users/paws/blender-web/upstream/source/blender/gpu/GPU_batch.hh:26:
In file included from /Users/paws/blender-web/upstream/source/blender/gpu/GPU_storage_buffer.hh:18:
In file included from /Users/paws/blender-web/upstream/source/blender/gpu/GPU_vertex_buffer.hh:16:
In file included from /Users/paws/blender-web/upstream/source/blender/blenlib/BLI_virtual_array.hh:34:
In file included from /Users/paws/blender-web/upstream/source/blender/blenlib/BLI_index_mask.hh:24:
In file included from /Users/paws/blender-web/upstream/source/blender/blenlib/BLI_unique_sorted_indices.hh:29:
/Users/paws/blender-web/upstream/source/blender/blenlib/BLI_binary_search.hh:21:16: warning: unused function template 'first_if' [-Wunused-template]
   21 | static int64_t first_if(Iterator begin, Iterator end, Predicate &&predicate)
      |                ^~~~~~~~
1 warning generated.
[15/441] Building CXX object source/blender/editors/animation/CMakeFiles/bf_editor_animation.dir/keyframes_draw.cc.o
In file included from /Users/paws/blender-web/upstream/source/blender/editors/animation/keyframes_draw.cc:27:
In file included from /Users/paws/blender-web/upstream/source/blender/gpu/GPU_immediate.hh:13:
In file included from /Users/paws/blender-web/upstream/source/blender/gpu/GPU_batch.hh:26:
In file included from /Users/paws/blender-web/upstream/source/blender/gpu/GPU_storage_buffer.hh:18:
In file included from /Users/paws/blender-web/upstream/source/blender/gpu/GPU_vertex_buffer.hh:16:
In file included from /Users/paws/blender-web/upstream/source/blender/blenlib/BLI_virtual_array.hh:34:
In file included from /Users/paws/blender-web/upstream/source/blender/blenlib/BLI_index_mask.hh:24:
In file included from /Users/paws/blender-web/upstream/source/blender/blenlib/BLI_unique_sorted_indices.hh:29:
/Users/paws/blender-web/upstream/source/blender/blenlib/BLI_binary_search.hh:21:16: warning: unused function template 'first_if' [-Wunused-template]
   21 | static int64_t first_if(Iterator begin, Iterator end, Predicate &&predicate)
      |                ^~~~~~~~
1 warning generated.
[16/441] Linking CXX static library lib/libbf_intern_opensubdiv.a
[17/441] Building CXX object source/blender/editors/animation/CMakeFiles/bf_editor_animation.dir/anim_markers.cc.o
In file included from /Users/paws/blender-web/upstream/source/blender/editors/animation/anim_markers.cc:29:
In file included from /Users/paws/blender-web/upstream/source/blender/blenkernel/BKE_scene.hh:13:
In file included from /Users/paws/blender-web/upstream/source/blender/blenkernel/BKE_duplilist.hh:13:
In file included from /Users/paws/blender-web/upstream/source/blender/blenkernel/BKE_geometry_set.hh:22:
In file included from /Users/paws/blender-web/upstream/source/blender/blenkernel/BKE_attribute.hh:16:
In file included from /Users/paws/blender-web/upstream/source/blender/blenlib/BLI_generic_virtual_array.hh:16:
In file included from /Users/paws/blender-web/upstream/source/blender/blenlib/BLI_virtual_array.hh:34:
In file included from /Users/paws/blender-web/upstream/source/blender/blenlib/BLI_index_mask.hh:24:
In file included from /Users/paws/blender-web/upstream/source/blender/blenlib/BLI_unique_sorted_indices.hh:29:
/Users/paws/blender-web/upstream/source/blender/blenlib/BLI_binary_search.hh:21:16: warning: unused function template 'first_if' [-Wunused-template]
   21 | static int64_t first_if(Iterator begin, Iterator end, Predicate &&predicate)
      |                ^~~~~~~~
1 warning generated.
[18/441] Building CXX object source/blender/editors/asset/CMakeFiles/bf_editor_asset.dir/intern/asset_ops.cc.o
In file included from /Users/paws/blender-web/upstream/source/blender/editors/asset/intern/asset_ops.cc:60:
In file included from /Users/paws/blender-web/upstream/source/blender/gpu/GPU_immediate.hh:13:
In file included from /Users/paws/blender-web/upstream/source/blender/gpu/GPU_batch.hh:26:
In file included from /Users/paws/blender-web/upstream/source/blender/gpu/GPU_storage_buffer.hh:18:
In file included from /Users/paws/blender-web/upstream/source/blender/gpu/GPU_vertex_buffer.hh:16:
In file included from /Users/paws/blender-web/upstream/source/blender/blenlib/BLI_virtual_array.hh:34:
In file included from /Users/paws/blender-web/upstream/source/blender/blenlib/BLI_index_mask.hh:24:
In file included from /Users/paws/blender-web/upstream/source/blender/blenlib/BLI_unique_sorted_indices.hh:29:
/Users/paws/blender-web/upstream/source/blender/blenlib/BLI_binary_search.hh:21:16: warning: unused function template 'first_if' [-Wunused-template]
   21 | static int64_t first_if(Iterator begin, Iterator end, Predicate &&predicate)
      |                ^~~~~~~~
1 warning generated.
[19/441] Building CXX object source/blender/editors/curves/CMakeFiles/bf_editor_curves.dir/intern/curves_draw.cc.o
In file included from /Users/paws/blender-web/upstream/source/blender/editors/curves/intern/curves_draw.cc:14:
In file included from /Users/paws/blender-web/upstream/source/blender/blenkernel/BKE_attribute.hh:16:
In file included from /Users/paws/blender-web/upstream/source/blender/blenlib/BLI_generic_virtual_array.hh:16:
In file included from /Users/paws/blender-web/upstream/source/blender/blenlib/BLI_virtual_array.hh:34:
In file included from /Users/paws/blender-web/upstream/source/blender/blenlib/BLI_index_mask.hh:24:
In file included from /Users/paws/blender-web/upstream/source/blender/blenlib/BLI_unique_sorted_indices.hh:29:
/Users/paws/blender-web/upstream/source/blender/blenlib/BLI_binary_search.hh:21:16: warning: unused function template 'first_if' [-Wunused-template]
   21 | static int64_t first_if(Iterator begin, Iterator end, Predicate &&predicate)
      |                ^~~~~~~~
1 warning generated.
[20/441] Building CXX object source/blender/editors/animation/CMakeFiles/bf_editor_animation.dir/anim_channels_defines.cc.o
In file included from /Users/paws/blender-web/upstream/source/blender/editors/animation/anim_channels_defines.cc:68:
In file included from /Users/paws/blender-web/upstream/source/blender/gpu/GPU_immediate.hh:13:
In file included from /Users/paws/blender-web/upstream/source/blender/gpu/GPU_batch.hh:26:
In file included from /Users/paws/blender-web/upstream/source/blender/gpu/GPU_storage_buffer.hh:18:
In file included from /Users/paws/blender-web/upstream/source/blender/gpu/GPU_vertex_buffer.hh:16:
In file included from /Users/paws/blender-web/upstream/source/blender/blenlib/BLI_virtual_array.hh:34:
In file included from /Users/paws/blender-web/upstream/source/blender/blenlib/BLI_index_mask.hh:24:
In file included from /Users/paws/blender-web/upstream/source/blender/blenlib/BLI_unique_sorted_indices.hh:29:
/Users/paws/blender-web/upstream/source/blender/blenlib/BLI_binary_search.hh:21:16: warning: unused function template 'first_if' [-Wunused-template]
   21 | static int64_t first_if(Iterator begin, Iterator end, Predicate &&predicate)
      |                ^~~~~~~~
1 warning generated.
[21/441] Linking CXX static library lib/libbf_editor_curve.a
[22/441] Linking CXX static library lib/libbf_editor_asset.a
[23/441] Building CXX object source/blender/editors/gizmo_library/CMakeFiles/bf_editor_gizmo_library.dir/gizmo_types/button2d_gizmo.cc.o
In file included from /Users/paws/blender-web/upstream/source/blender/editors/gizmo_library/gizmo_types/button2d_gizmo.cc:30:
In file included from /Users/paws/blender-web/upstream/source/blender/gpu/GPU_batch.hh:26:
In file included from /Users/paws/blender-web/upstream/source/blender/gpu/GPU_storage_buffer.hh:18:
In file included from /Users/paws/blender-web/upstream/source/blender/gpu/GPU_vertex_buffer.hh:16:
In file included from /Users/paws/blender-web/upstream/source/blender/blenlib/BLI_virtual_array.hh:34:
In file included from /Users/paws/blender-web/upstream/source/blender/blenlib/BLI_index_mask.hh:24:
In file included from /Users/paws/blender-web/upstream/source/blender/blenlib/BLI_unique_sorted_indices.hh:29:
/Users/paws/blender-web/upstream/source/blender/blenlib/BLI_binary_search.hh:21:16: warning: unused function template 'first_if' [-Wunused-template]
   21 | static int64_t first_if(Iterator begin, Iterator end, Predicate &&predicate)
      |                ^~~~~~~~
1 warning generated.
[24/441] Building CXX object source/blender/editors/gizmo_library/CMakeFiles/bf_editor_gizmo_library.dir/gizmo_types/arrow3d_gizmo.cc.o
In file included from /Users/paws/blender-web/upstream/source/blender/editors/gizmo_library/gizmo_types/arrow3d_gizmo.cc:30:
In file included from /Users/paws/blender-web/upstream/source/blender/gpu/GPU_immediate.hh:13:
In file included from /Users/paws/blender-web/upstream/source/blender/gpu/GPU_batch.hh:26:
In file included from /Users/paws/blender-web/upstream/source/blender/gpu/GPU_storage_buffer.hh:18:
In file included from /Users/paws/blender-web/upstream/source/blender/gpu/GPU_vertex_buffer.hh:16:
In file included from /Users/paws/blender-web/upstream/source/blender/blenlib/BLI_virtual_array.hh:34:
In file included from /Users/paws/blender-web/upstream/source/blender/blenlib/BLI_index_mask.hh:24:
In file included from /Users/paws/blender-web/upstream/source/blender/blenlib/BLI_unique_sorted_indices.hh:29:
/Users/paws/blender-web/upstream/source/blender/blenlib/BLI_binary_search.hh:21:16: warning: unused function template 'first_if' [-Wunused-template]
   21 | static int64_t first_if(Iterator begin, Iterator end, Predicate &&predicate)
      |                ^~~~~~~~
1 warning generated.
[25/441] Linking CXX static library lib/libbf_editor_animation.a
[26/441] Building CXX object source/blender/editors/gizmo_library/CMakeFiles/bf_editor_gizmo_library.dir/gizmo_types/cage2d_gizmo.cc.o
In file included from /Users/paws/blender-web/upstream/source/blender/editors/gizmo_library/gizmo_types/cage2d_gizmo.cc:28:
In file included from /Users/paws/blender-web/upstream/source/blender/gpu/GPU_immediate.hh:13:
In file included from /Users/paws/blender-web/upstream/source/blender/gpu/GPU_batch.hh:26:
In file included from /Users/paws/blender-web/upstream/source/blender/gpu/GPU_storage_buffer.hh:18:
In file included from /Users/paws/blender-web/upstream/source/blender/gpu/GPU_vertex_buffer.hh:16:
In file included from /Users/paws/blender-web/upstream/source/blender/blenlib/BLI_virtual_array.hh:34:
In file included from /Users/paws/blender-web/upstream/source/blender/blenlib/BLI_index_mask.hh:24:
In file included from /Users/paws/blender-web/upstream/source/blender/blenlib/BLI_unique_sorted_indices.hh:29:
/Users/paws/blender-web/upstream/source/blender/blenlib/BLI_binary_search.hh:21:16: warning: unused function template 'first_if' [-Wunused-template]
   21 | static int64_t first_if(Iterator begin, Iterator end, Predicate &&predicate)
      |                ^~~~~~~~
1 warning generated.
[27/441] Linking CXX static library lib/libbf_editor_curves.a
[28/441] Building CXX object source/blender/editors/gizmo_library/CMakeFiles/bf_editor_gizmo_library.dir/gizmo_types/cage3d_gizmo.cc.o
In file included from /Users/paws/blender-web/upstream/source/blender/editors/gizmo_library/gizmo_types/cage3d_gizmo.cc:24:
In file included from /Users/paws/blender-web/upstream/source/blender/gpu/GPU_immediate.hh:13:
In file included from /Users/paws/blender-web/upstream/source/blender/gpu/GPU_batch.hh:26:
In file included from /Users/paws/blender-web/upstream/source/blender/gpu/GPU_storage_buffer.hh:18:
In file included from /Users/paws/blender-web/upstream/source/blender/gpu/GPU_vertex_buffer.hh:16:
In file included from /Users/paws/blender-web/upstream/source/blender/blenlib/BLI_virtual_array.hh:34:
In file included from /Users/paws/blender-web/upstream/source/blender/blenlib/BLI_index_mask.hh:24:
In file included from /Users/paws/blender-web/upstream/source/blender/blenlib/BLI_unique_sorted_indices.hh:29:
/Users/paws/blender-web/upstream/source/blender/blenlib/BLI_binary_search.hh:21:16: warning: unused function template 'first_if' [-Wunused-template]
   21 | static int64_t first_if(Iterator begin, Iterator end, Predicate &&predicate)
      |                ^~~~~~~~
1 warning generated.
[29/441] Building CXX object source/blender/editors/gizmo_library/CMakeFiles/bf_editor_gizmo_library.dir/gizmo_types/dial3d_gizmo.cc.o
In file included from /Users/paws/blender-web/upstream/source/blender/editors/gizmo_library/gizmo_types/dial3d_gizmo.cc:28:
In file included from /Users/paws/blender-web/upstream/source/blender/gpu/GPU_immediate.hh:13:
In file included from /Users/paws/blender-web/upstream/source/blender/gpu/GPU_batch.hh:26:
In file included from /Users/paws/blender-web/upstream/source/blender/gpu/GPU_storage_buffer.hh:18:
In file included from /Users/paws/blender-web/upstream/source/blender/gpu/GPU_vertex_buffer.hh:16:
In file included from /Users/paws/blender-web/upstream/source/blender/blenlib/BLI_virtual_array.hh:34:
In file included from /Users/paws/blender-web/upstream/source/blender/blenlib/BLI_index_mask.hh:24:
In file included from /Users/paws/blender-web/upstream/source/blender/blenlib/BLI_unique_sorted_indices.hh:29:
/Users/paws/blender-web/upstream/source/blender/blenlib/BLI_binary_search.hh:21:16: warning: unused function template 'first_if' [-Wunused-template]
   21 | static int64_t first_if(Iterator begin, Iterator end, Predicate &&predicate)
      |                ^~~~~~~~
1 warning generated.
[30/441] Building CXX object source/blender/editors/gizmo_library/CMakeFiles/bf_editor_gizmo_library.dir/gizmo_types/primitive3d_gizmo.cc.o
In file included from /Users/paws/blender-web/upstream/source/blender/editors/gizmo_library/gizmo_types/primitive3d_gizmo.cc:24:
In file included from /Users/paws/blender-web/upstream/source/blender/gpu/GPU_immediate.hh:13:
In file included from /Users/paws/blender-web/upstream/source/blender/gpu/GPU_batch.hh:26:
In file included from /Users/paws/blender-web/upstream/source/blender/gpu/GPU_storage_buffer.hh:18:
In file included from /Users/paws/blender-web/upstream/source/blender/gpu/GPU_vertex_buffer.hh:16:
In file included from /Users/paws/blender-web/upstream/source/blender/blenlib/BLI_virtual_array.hh:34:
In file included from /Users/paws/blender-web/upstream/source/blender/blenlib/BLI_index_mask.hh:24:
In file included from /Users/paws/blender-web/upstream/source/blender/blenlib/BLI_unique_sorted_indices.hh:29:
/Users/paws/blender-web/upstream/source/blender/blenlib/BLI_binary_search.hh:21:16: warning: unused function template 'first_if' [-Wunused-template]
   21 | static int64_t first_if(Iterator begin, Iterator end, Predicate &&predicate)
      |                ^~~~~~~~
1 warning generated.
[31/441] Building CXX object source/blender/editors/gizmo_library/CMakeFiles/bf_editor_gizmo_library.dir/gizmo_types/move3d_gizmo.cc.o
In file included from /Users/paws/blender-web/upstream/source/blender/editors/gizmo_library/gizmo_types/move3d_gizmo.cc:27:
In file included from /Users/paws/blender-web/upstream/source/blender/gpu/GPU_immediate.hh:13:
In file included from /Users/paws/blender-web/upstream/source/blender/gpu/GPU_batch.hh:26:
In file included from /Users/paws/blender-web/upstream/source/blender/gpu/GPU_storage_buffer.hh:18:
In file included from /Users/paws/blender-web/upstream/source/blender/gpu/GPU_vertex_buffer.hh:16:
In file included from /Users/paws/blender-web/upstream/source/blender/blenlib/BLI_virtual_array.hh:34:
In file included from /Users/paws/blender-web/upstream/source/blender/blenlib/BLI_index_mask.hh:24:
In file included from /Users/paws/blender-web/upstream/source/blender/blenlib/BLI_unique_sorted_indices.hh:29:
/Users/paws/blender-web/upstream/source/blender/blenlib/BLI_binary_search.hh:21:16: warning: unused function template 'first_if' [-Wunused-template]
   21 | static int64_t first_if(Iterator begin, Iterator end, Predicate &&predicate)
      |                ^~~~~~~~
1 warning generated.
[32/441] Building CXX object source/blender/editors/gpencil_legacy/CMakeFiles/bf_editor_gpencil_legacy.dir/annotate_draw.cc.o
In file included from /Users/paws/blender-web/upstream/source/blender/editors/gpencil_legacy/annotate_draw.cc:33:
In file included from /Users/paws/blender-web/upstream/source/blender/gpu/GPU_immediate.hh:13:
In file included from /Users/paws/blender-web/upstream/source/blender/gpu/GPU_batch.hh:26:
In file included from /Users/paws/blender-web/upstream/source/blender/gpu/GPU_storage_buffer.hh:18:
In file included from /Users/paws/blender-web/upstream/source/blender/gpu/GPU_vertex_buffer.hh:16:
In file included from /Users/paws/blender-web/upstream/source/blender/blenlib/BLI_virtual_array.hh:34:
In file included from /Users/paws/blender-web/upstream/source/blender/blenlib/BLI_index_mask.hh:24:
In file included from /Users/paws/blender-web/upstream/source/blender/blenlib/BLI_unique_sorted_indices.hh:29:
/Users/paws/blender-web/upstream/source/blender/blenlib/BLI_binary_search.hh:21:16: warning: unused function template 'first_if' [-Wunused-template]
   21 | static int64_t first_if(Iterator begin, Iterator end, Predicate &&predicate)
      |                ^~~~~~~~
1 warning generated.
[33/441] Building CXX object source/blender/editors/gpencil_legacy/CMakeFiles/bf_editor_gpencil_legacy.dir/annotate_paint.cc.o
In file included from /Users/paws/blender-web/upstream/source/blender/editors/gpencil_legacy/annotate_paint.cc:45:
In file included from /Users/paws/blender-web/upstream/source/blender/gpu/GPU_immediate.hh:13:
In file included from /Users/paws/blender-web/upstream/source/blender/gpu/GPU_batch.hh:26:
In file included from /Users/paws/blender-web/upstream/source/blender/gpu/GPU_storage_buffer.hh:18:
In file included from /Users/paws/blender-web/upstream/source/blender/gpu/GPU_vertex_buffer.hh:16:
In file included from /Users/paws/blender-web/upstream/source/blender/blenlib/BLI_virtual_array.hh:34:
In file included from /Users/paws/blender-web/upstream/source/blender/blenlib/BLI_index_mask.hh:24:
In file included from /Users/paws/blender-web/upstream/source/blender/blenlib/BLI_unique_sorted_indices.hh:29:
/Users/paws/blender-web/upstream/source/blender/blenlib/BLI_binary_search.hh:21:16: warning: unused function template 'first_if' [-Wunused-template]
   21 | static int64_t first_if(Iterator begin, Iterator end, Predicate &&predicate)
      |                ^~~~~~~~
1 warning generated.
[34/441] Linking CXX static library lib/libbf_editor_gizmo_library.a
[35/441] Building CXX object source/blender/editors/interface/CMakeFiles/bf_editor_interface.dir/interface_button_sections.cc.o
In file included from /Users/paws/blender-web/upstream/source/blender/editors/interface/interface_button_sections.cc:22:
In file included from /Users/paws/blender-web/upstream/source/blender/gpu/GPU_immediate.hh:13:
In file included from /Users/paws/blender-web/upstream/source/blender/gpu/GPU_batch.hh:26:
In file included from /Users/paws/blender-web/upstream/source/blender/gpu/GPU_storage_buffer.hh:18:
In file included from /Users/paws/blender-web/upstream/source/blender/gpu/GPU_vertex_buffer.hh:16:
In file included from /Users/paws/blender-web/upstream/source/blender/blenlib/BLI_virtual_array.hh:34:
In file included from /Users/paws/blender-web/upstream/source/blender/blenlib/BLI_index_mask.hh:24:
In file included from /Users/paws/blender-web/upstream/source/blender/blenlib/BLI_unique_sorted_indices.hh:29:
/Users/paws/blender-web/upstream/source/blender/blenlib/BLI_binary_search.hh:21:16: warning: unused function template 'first_if' [-Wunused-template]
   21 | static int64_t first_if(Iterator begin, Iterator end, Predicate &&predicate)
      |                ^~~~~~~~
1 warning generated.
[36/441] Building CXX object source/blender/editors/grease_pencil/CMakeFiles/bf_editor_grease_pencil.dir/intern/grease_pencil_image_render.cc.o
In file included from /Users/paws/blender-web/upstream/source/blender/editors/grease_pencil/intern/grease_pencil_image_render.cc:10:
In file included from /Users/paws/blender-web/upstream/source/blender/blenkernel/BKE_attribute.hh:16:
In file included from /Users/paws/blender-web/upstream/source/blender/blenlib/BLI_generic_virtual_array.hh:16:
In file included from /Users/paws/blender-web/upstream/source/blender/blenlib/BLI_virtual_array.hh:34:
In file included from /Users/paws/blender-web/upstream/source/blender/blenlib/BLI_index_mask.hh:24:
In file included from /Users/paws/blender-web/upstream/source/blender/blenlib/BLI_unique_sorted_indices.hh:29:
/Users/paws/blender-web/upstream/source/blender/blenlib/BLI_binary_search.hh:21:16: warning: unused function template 'first_if' [-Wunused-template]
   21 | static int64_t first_if(Iterator begin, Iterator end, Predicate &&predicate)
      |                ^~~~~~~~
1 warning generated.
[37/441] Building CXX object source/blender/editors/interface/CMakeFiles/bf_editor_interface.dir/interface_draw.cc.o
In file included from /Users/paws/blender-web/upstream/source/blender/editors/interface/interface_draw.cc:45:
In file included from /Users/paws/blender-web/upstream/source/blender/gpu/GPU_batch.hh:26:
In file included from /Users/paws/blender-web/upstream/source/blender/gpu/GPU_storage_buffer.hh:18:
In file included from /Users/paws/blender-web/upstream/source/blender/gpu/GPU_vertex_buffer.hh:16:
In file included from /Users/paws/blender-web/upstream/source/blender/blenlib/BLI_virtual_array.hh:34:
In file included from /Users/paws/blender-web/upstream/source/blender/blenlib/BLI_index_mask.hh:24:
In file included from /Users/paws/blender-web/upstream/source/blender/blenlib/BLI_unique_sorted_indices.hh:29:
/Users/paws/blender-web/upstream/source/blender/blenlib/BLI_binary_search.hh:21:16: warning: unused function template 'first_if' [-Wunused-template]
   21 | static int64_t first_if(Iterator begin, Iterator end, Predicate &&predicate)
      |                ^~~~~~~~
1 warning generated.
[38/441] Linking CXX static library lib/libbf_editor_gpencil_legacy.a
[39/441] Building CXX object source/blender/editors/grease_pencil/CMakeFiles/bf_editor_grease_pencil.dir/intern/grease_pencil_primitive.cc.o
In file included from /Users/paws/blender-web/upstream/source/blender/editors/grease_pencil/intern/grease_pencil_primitive.cc:14:
In file included from /Users/paws/blender-web/upstream/source/blender/blenkernel/BKE_attribute.hh:16:
In file included from /Users/paws/blender-web/upstream/source/blender/blenlib/BLI_generic_virtual_array.hh:16:
In file included from /Users/paws/blender-web/upstream/source/blender/blenlib/BLI_virtual_array.hh:34:
In file included from /Users/paws/blender-web/upstream/source/blender/blenlib/BLI_index_mask.hh:24:
In file included from /Users/paws/blender-web/upstream/source/blender/blenlib/BLI_unique_sorted_indices.hh:29:
/Users/paws/blender-web/upstream/source/blender/blenlib/BLI_binary_search.hh:21:16: warning: unused function template 'first_if' [-Wunused-template]
   21 | static int64_t first_if(Iterator begin, Iterator end, Predicate &&predicate)
      |                ^~~~~~~~
1 warning generated.
[40/441] Building CXX object source/blender/editors/interface/CMakeFiles/bf_editor_interface.dir/view2d/view2d_draw.cc.o
In file included from /Users/paws/blender-web/upstream/source/blender/editors/interface/view2d/view2d_draw.cc:24:
In file included from /Users/paws/blender-web/upstream/source/blender/gpu/GPU_immediate.hh:13:
In file included from /Users/paws/blender-web/upstream/source/blender/gpu/GPU_batch.hh:26:
In file included from /Users/paws/blender-web/upstream/source/blender/gpu/GPU_storage_buffer.hh:18:
In file included from /Users/paws/blender-web/upstream/source/blender/gpu/GPU_vertex_buffer.hh:16:
In file included from /Users/paws/blender-web/upstream/source/blender/blenlib/BLI_virtual_array.hh:34:
In file included from /Users/paws/blender-web/upstream/source/blender/blenlib/BLI_index_mask.hh:24:
In file included from /Users/paws/blender-web/upstream/source/blender/blenlib/BLI_unique_sorted_indices.hh:29:
/Users/paws/blender-web/upstream/source/blender/blenlib/BLI_binary_search.hh:21:16: warning: unused function template 'first_if' [-Wunused-template]
   21 | static int64_t first_if(Iterator begin, Iterator end, Predicate &&predicate)
      |                ^~~~~~~~
1 warning generated.
[41/441] Building CXX object source/blender/editors/interface/CMakeFiles/bf_editor_interface.dir/view2d/view2d.cc.o
In file included from /Users/paws/blender-web/upstream/source/blender/editors/interface/view2d/view2d.cc:30:
In file included from /Users/paws/blender-web/upstream/source/blender/gpu/GPU_immediate.hh:13:
In file included from /Users/paws/blender-web/upstream/source/blender/gpu/GPU_batch.hh:26:
In file included from /Users/paws/blender-web/upstream/source/blender/gpu/GPU_storage_buffer.hh:18:
In file included from /Users/paws/blender-web/upstream/source/blender/gpu/GPU_vertex_buffer.hh:16:
In file included from /Users/paws/blender-web/upstream/source/blender/blenlib/BLI_virtual_array.hh:34:
In file included from /Users/paws/blender-web/upstream/source/blender/blenlib/BLI_index_mask.hh:24:
In file included from /Users/paws/blender-web/upstream/source/blender/blenlib/BLI_unique_sorted_indices.hh:29:
/Users/paws/blender-web/upstream/source/blender/blenlib/BLI_binary_search.hh:21:16: warning: unused function template 'first_if' [-Wunused-template]
   21 | static int64_t first_if(Iterator begin, Iterator end, Predicate &&predicate)
      |                ^~~~~~~~
1 warning generated.
[42/441] Building CXX object source/blender/editors/interface/CMakeFiles/bf_editor_interface.dir/interface_icons.cc.o
In file included from /Users/paws/blender-web/upstream/source/blender/editors/interface/interface_icons.cc:12:
In file included from /Users/paws/blender-web/upstream/source/blender/gpu/GPU_immediate.hh:13:
In file included from /Users/paws/blender-web/upstream/source/blender/gpu/GPU_batch.hh:26:
In file included from /Users/paws/blender-web/upstream/source/blender/gpu/GPU_storage_buffer.hh:18:
In file included from /Users/paws/blender-web/upstream/source/blender/gpu/GPU_vertex_buffer.hh:16:
In file included from /Users/paws/blender-web/upstream/source/blender/blenlib/BLI_virtual_array.hh:34:
In file included from /Users/paws/blender-web/upstream/source/blender/blenlib/BLI_index_mask.hh:24:
In file included from /Users/paws/blender-web/upstream/source/blender/blenlib/BLI_unique_sorted_indices.hh:29:
/Users/paws/blender-web/upstream/source/blender/blenlib/BLI_binary_search.hh:21:16: warning: unused function template 'first_if' [-Wunused-template]
   21 | static int64_t first_if(Iterator begin, Iterator end, Predicate &&predicate)
      |                ^~~~~~~~
1 warning generated.
[43/441] Building CXX object source/blender/editors/interface/CMakeFiles/bf_editor_interface.dir/interface_panel.cc.o
In file included from /Users/paws/blender-web/upstream/source/blender/editors/interface/interface_panel.cc:50:
In file included from /Users/paws/blender-web/upstream/source/blender/gpu/GPU_immediate.hh:13:
In file included from /Users/paws/blender-web/upstream/source/blender/gpu/GPU_batch.hh:26:
In file included from /Users/paws/blender-web/upstream/source/blender/gpu/GPU_storage_buffer.hh:18:
In file included from /Users/paws/blender-web/upstream/source/blender/gpu/GPU_vertex_buffer.hh:16:
In file included from /Users/paws/blender-web/upstream/source/blender/blenlib/BLI_virtual_array.hh:34:
In file included from /Users/paws/blender-web/upstream/source/blender/blenlib/BLI_index_mask.hh:24:
In file included from /Users/paws/blender-web/upstream/source/blender/blenlib/BLI_unique_sorted_indices.hh:29:
/Users/paws/blender-web/upstream/source/blender/blenlib/BLI_binary_search.hh:21:16: warning: unused function template 'first_if' [-Wunused-template]
   21 | static int64_t first_if(Iterator begin, Iterator end, Predicate &&predicate)
      |                ^~~~~~~~
1 warning generated.
[44/441] Building CXX object source/blender/editors/interface/CMakeFiles/bf_editor_interface.dir/interface_widgets.cc.o
In file included from /Users/paws/blender-web/upstream/source/blender/editors/interface/interface_widgets.cc:37:
In file included from /Users/paws/blender-web/upstream/source/blender/editors/include/ED_node.hh:9:
In file included from /Users/paws/blender-web/upstream/source/blender/blenlib/BLI_bounds.hh:14:
In file included from /Users/paws/blender-web/upstream/source/blender/blenlib/BLI_index_mask.hh:24:
In file included from /Users/paws/blender-web/upstream/source/blender/blenlib/BLI_unique_sorted_indices.hh:29:
/Users/paws/blender-web/upstream/source/blender/blenlib/BLI_binary_search.hh:21:16: warning: unused function template 'first_if' [-Wunused-template]
   21 | static int64_t first_if(Iterator begin, Iterator end, Predicate &&predicate)
      |                ^~~~~~~~
1 warning generated.
[45/441] Building CXX object source/blender/editors/mesh/CMakeFiles/bf_editor_mesh.dir/editmesh_preselect_edgering.cc.o
In file included from /Users/paws/blender-web/upstream/source/blender/editors/mesh/editmesh_preselect_edgering.cc:16:
In file included from /Users/paws/blender-web/upstream/source/blender/gpu/GPU_immediate.hh:13:
In file included from /Users/paws/blender-web/upstream/source/blender/gpu/GPU_batch.hh:26:
In file included from /Users/paws/blender-web/upstream/source/blender/gpu/GPU_storage_buffer.hh:18:
In file included from /Users/paws/blender-web/upstream/source/blender/gpu/GPU_vertex_buffer.hh:16:
In file included from /Users/paws/blender-web/upstream/source/blender/blenlib/BLI_virtual_array.hh:34:
In file included from /Users/paws/blender-web/upstream/source/blender/blenlib/BLI_index_mask.hh:24:
In file included from /Users/paws/blender-web/upstream/source/blender/blenlib/BLI_unique_sorted_indices.hh:29:
/Users/paws/blender-web/upstream/source/blender/blenlib/BLI_binary_search.hh:21:16: warning: unused function template 'first_if' [-Wunused-template]
   21 | static int64_t first_if(Iterator begin, Iterator end, Predicate &&predicate)
      |                ^~~~~~~~
1 warning generated.
[46/441] Linking CXX static library lib/libbf_editor_grease_pencil.a
[47/441] Building CXX object source/blender/editors/interface/CMakeFiles/bf_editor_interface.dir/views/tree_view.cc.o
In file included from /Users/paws/blender-web/upstream/source/blender/editors/interface/views/tree_view.cc:13:
In file included from /Users/paws/blender-web/upstream/source/blender/gpu/GPU_immediate.hh:13:
In file included from /Users/paws/blender-web/upstream/source/blender/gpu/GPU_batch.hh:26:
In file included from /Users/paws/blender-web/upstream/source/blender/gpu/GPU_storage_buffer.hh:18:
In file included from /Users/paws/blender-web/upstream/source/blender/gpu/GPU_vertex_buffer.hh:16:
In file included from /Users/paws/blender-web/upstream/source/blender/blenlib/BLI_virtual_array.hh:34:
In file included from /Users/paws/blender-web/upstream/source/blender/blenlib/BLI_index_mask.hh:24:
In file included from /Users/paws/blender-web/upstream/source/blender/blenlib/BLI_unique_sorted_indices.hh:29:
/Users/paws/blender-web/upstream/source/blender/blenlib/BLI_binary_search.hh:21:16: warning: unused function template 'first_if' [-Wunused-template]
   21 | static int64_t first_if(Iterator begin, Iterator end, Predicate &&predicate)
      |                ^~~~~~~~
1 warning generated.
[48/441] Building CXX object source/blender/editors/interface/CMakeFiles/bf_editor_interface.dir/regions/interface_region_tooltip.cc.o
In file included from /Users/paws/blender-web/upstream/source/blender/editors/interface/regions/interface_region_tooltip.cc:57:
In file included from /Users/paws/blender-web/upstream/source/blender/gpu/GPU_immediate.hh:13:
In file included from /Users/paws/blender-web/upstream/source/blender/gpu/GPU_batch.hh:26:
In file included from /Users/paws/blender-web/upstream/source/blender/gpu/GPU_storage_buffer.hh:18:
In file included from /Users/paws/blender-web/upstream/source/blender/gpu/GPU_vertex_buffer.hh:16:
In file included from /Users/paws/blender-web/upstream/source/blender/blenlib/BLI_virtual_array.hh:34:
In file included from /Users/paws/blender-web/upstream/source/blender/blenlib/BLI_index_mask.hh:24:
In file included from /Users/paws/blender-web/upstream/source/blender/blenlib/BLI_unique_sorted_indices.hh:29:
/Users/paws/blender-web/upstream/source/blender/blenlib/BLI_binary_search.hh:21:16: warning: unused function template 'first_if' [-Wunused-template]
   21 | static int64_t first_if(Iterator begin, Iterator end, Predicate &&predicate)
      |                ^~~~~~~~
1 warning generated.
[49/441] Building CXX object source/blender/editors/mask/CMakeFiles/bf_editor_mask.dir/mask_draw.cc.o
In file included from /Users/paws/blender-web/upstream/source/blender/editors/mask/mask_draw.cc:32:
In file included from /Users/paws/blender-web/upstream/source/blender/gpu/GPU_immediate.hh:13:
In file included from /Users/paws/blender-web/upstream/source/blender/gpu/GPU_batch.hh:26:
In file included from /Users/paws/blender-web/upstream/source/blender/gpu/GPU_storage_buffer.hh:18:
In file included from /Users/paws/blender-web/upstream/source/blender/gpu/GPU_vertex_buffer.hh:16:
In file included from /Users/paws/blender-web/upstream/source/blender/blenlib/BLI_virtual_array.hh:34:
In file included from /Users/paws/blender-web/upstream/source/blender/blenlib/BLI_index_mask.hh:24:
In file included from /Users/paws/blender-web/upstream/source/blender/blenlib/BLI_unique_sorted_indices.hh:29:
/Users/paws/blender-web/upstream/source/blender/blenlib/BLI_binary_search.hh:21:16: warning: unused function template 'first_if' [-Wunused-template]
   21 | static int64_t first_if(Iterator begin, Iterator end, Predicate &&predicate)
      |                ^~~~~~~~
1 warning generated.
[50/441] Building CXX object source/blender/editors/mesh/CMakeFiles/bf_editor_mesh.dir/editmesh_preselect_elem.cc.o
In file included from /Users/paws/blender-web/upstream/source/blender/editors/mesh/editmesh_preselect_elem.cc:14:
In file included from /Users/paws/blender-web/upstream/source/blender/gpu/GPU_immediate.hh:13:
In file included from /Users/paws/blender-web/upstream/source/blender/gpu/GPU_batch.hh:26:
In file included from /Users/paws/blender-web/upstream/source/blender/gpu/GPU_storage_buffer.hh:18:
In file included from /Users/paws/blender-web/upstream/source/blender/gpu/GPU_vertex_buffer.hh:16:
In file included from /Users/paws/blender-web/upstream/source/blender/blenlib/BLI_virtual_array.hh:34:
In file included from /Users/paws/blender-web/upstream/source/blender/blenlib/BLI_index_mask.hh:24:
In file included from /Users/paws/blender-web/upstream/source/blender/blenlib/BLI_unique_sorted_indices.hh:29:
/Users/paws/blender-web/upstream/source/blender/blenlib/BLI_binary_search.hh:21:16: warning: unused function template 'first_if' [-Wunused-template]
   21 | static int64_t first_if(Iterator begin, Iterator end, Predicate &&predicate)
      |                ^~~~~~~~
1 warning generated.
[51/441] Linking CXX static library lib/libbf_editor_interface.a
[52/441] Linking CXX static library lib/libbf_editor_mask.a
[53/441] Building CXX object source/blender/editors/mesh/CMakeFiles/bf_editor_mesh.dir/editmesh_knife.cc.o
In file included from /Users/paws/blender-web/upstream/source/blender/editors/mesh/editmesh_knife.cc:37:
In file included from /Users/paws/blender-web/upstream/source/blender/blenkernel/BKE_editmesh.hh:20:
In file included from /Users/paws/blender-web/upstream/source/blender/bmesh/bmesh.hh:187:
In file included from /Users/paws/blender-web/upstream/source/blender/bmesh/intern/bmesh_construct.hh:12:
In file included from /Users/paws/blender-web/upstream/source/blender/bmesh/intern/bmesh_core.hh:13:
In file included from /Users/paws/blender-web/upstream/source/blender/blenkernel/BKE_customdata.hh:14:
In file included from /Users/paws/blender-web/upstream/source/blender/blenlib/BLI_generic_virtual_array.hh:16:
In file included from /Users/paws/blender-web/upstream/source/blender/blenlib/BLI_virtual_array.hh:34:
In file included from /Users/paws/blender-web/upstream/source/blender/blenlib/BLI_index_mask.hh:24:
In file included from /Users/paws/blender-web/upstream/source/blender/blenlib/BLI_unique_sorted_indices.hh:29:
/Users/paws/blender-web/upstream/source/blender/blenlib/BLI_binary_search.hh:21:16: warning: unused function template 'first_if' [-Wunused-template]
   21 | static int64_t first_if(Iterator begin, Iterator end, Predicate &&predicate)
      |                ^~~~~~~~
1 warning generated.
[54/441] Building CXX object source/blender/editors/object/CMakeFiles/bf_editor_object.dir/object_remesh.cc.o
In file included from /Users/paws/blender-web/upstream/source/blender/editors/object/object_remesh.cc:17:
In file included from /Users/paws/blender-web/upstream/source/blender/blenlib/BLI_bounds.hh:14:
In file included from /Users/paws/blender-web/upstream/source/blender/blenlib/BLI_index_mask.hh:24:
In file included from /Users/paws/blender-web/upstream/source/blender/blenlib/BLI_unique_sorted_indices.hh:29:
/Users/paws/blender-web/upstream/source/blender/blenlib/BLI_binary_search.hh:21:16: warning: unused function template 'first_if' [-Wunused-template]
   21 | static int64_t first_if(Iterator begin, Iterator end, Predicate &&predicate)
      |                ^~~~~~~~
1 warning generated.
[55/441] Building CXX object source/blender/editors/sculpt_paint/CMakeFiles/bf_editor_sculpt_paint.dir/mesh/paint_cursor.cc.o
In file included from /Users/paws/blender-web/upstream/source/blender/editors/sculpt_paint/mesh/paint_cursor.cc:26:
In file included from /Users/paws/blender-web/upstream/source/blender/gpu/GPU_immediate.hh:13:
In file included from /Users/paws/blender-web/upstream/source/blender/gpu/GPU_batch.hh:26:
In file included from /Users/paws/blender-web/upstream/source/blender/gpu/GPU_storage_buffer.hh:18:
In file included from /Users/paws/blender-web/upstream/source/blender/gpu/GPU_vertex_buffer.hh:16:
In file included from /Users/paws/blender-web/upstream/source/blender/blenlib/BLI_virtual_array.hh:34:
In file included from /Users/paws/blender-web/upstream/source/blender/blenlib/BLI_index_mask.hh:24:
In file included from /Users/paws/blender-web/upstream/source/blender/blenlib/BLI_unique_sorted_indices.hh:29:
/Users/paws/blender-web/upstream/source/blender/blenlib/BLI_binary_search.hh:21:16: warning: unused function template 'first_if' [-Wunused-template]
   21 | static int64_t first_if(Iterator begin, Iterator end, Predicate &&predicate)
      |                ^~~~~~~~
1 warning generated.
[56/441] Building CXX object source/blender/editors/sculpt_paint/CMakeFiles/bf_editor_sculpt_paint.dir/paint_cursor.cc.o
In file included from /Users/paws/blender-web/upstream/source/blender/editors/sculpt_paint/paint_cursor.cc:36:
In file included from /Users/paws/blender-web/upstream/source/blender/blenkernel/BKE_node_runtime.hh:26:
/Users/paws/blender-web/upstream/source/blender/blenkernel/BKE_node_tree_interface.hh:60:34: warning: unused function template 'item_is_type' [-Wunused-template]
   60 | template<typename T> static bool item_is_type(const bNodeTreeInterfaceItem &item)
      |                                  ^~~~~~~~~~~~
In file included from /Users/paws/blender-web/upstream/source/blender/editors/sculpt_paint/paint_cursor.cc:53:
In file included from /Users/paws/blender-web/upstream/source/blender/gpu/GPU_immediate.hh:13:
In file included from /Users/paws/blender-web/upstream/source/blender/gpu/GPU_batch.hh:26:
In file included from /Users/paws/blender-web/upstream/source/blender/gpu/GPU_storage_buffer.hh:18:
In file included from /Users/paws/blender-web/upstream/source/blender/gpu/GPU_vertex_buffer.hh:16:
In file included from /Users/paws/blender-web/upstream/source/blender/blenlib/BLI_virtual_array.hh:34:
In file included from /Users/paws/blender-web/upstream/source/blender/blenlib/BLI_index_mask.hh:24:
In file included from /Users/paws/blender-web/upstream/source/blender/blenlib/BLI_unique_sorted_indices.hh:29:
/Users/paws/blender-web/upstream/source/blender/blenlib/BLI_binary_search.hh:21:16: warning: unused function template 'first_if' [-Wunused-template]
   21 | static int64_t first_if(Iterator begin, Iterator end, Predicate &&predicate)
      |                ^~~~~~~~
2 warnings generated.
[57/441] Building CXX object source/blender/editors/sculpt_paint/CMakeFiles/bf_editor_sculpt_paint.dir/grease_pencil/paint_cursor.cc.o
In file included from /Users/paws/blender-web/upstream/source/blender/editors/sculpt_paint/grease_pencil/paint_cursor.cc:19:
In file included from /Users/paws/blender-web/upstream/source/blender/gpu/GPU_immediate.hh:13:
In file included from /Users/paws/blender-web/upstream/source/blender/gpu/GPU_batch.hh:26:
In file included from /Users/paws/blender-web/upstream/source/blender/gpu/GPU_storage_buffer.hh:18:
In file included from /Users/paws/blender-web/upstream/source/blender/gpu/GPU_vertex_buffer.hh:16:
In file included from /Users/paws/blender-web/upstream/source/blender/blenlib/BLI_virtual_array.hh:34:
In file included from /Users/paws/blender-web/upstream/source/blender/blenlib/BLI_index_mask.hh:24:
In file included from /Users/paws/blender-web/upstream/source/blender/blenlib/BLI_unique_sorted_indices.hh:29:
/Users/paws/blender-web/upstream/source/blender/blenlib/BLI_binary_search.hh:21:16: warning: unused function template 'first_if' [-Wunused-template]
   21 | static int64_t first_if(Iterator begin, Iterator end, Predicate &&predicate)
      |                ^~~~~~~~
1 warning generated.
[58/441] Building CXX object source/blender/editors/sculpt_paint/CMakeFiles/bf_editor_sculpt_paint.dir/paint_stroke.cc.o
In file included from /Users/paws/blender-web/upstream/source/blender/editors/sculpt_paint/paint_stroke.cc:43:
In file included from /Users/paws/blender-web/upstream/source/blender/gpu/GPU_immediate.hh:13:
In file included from /Users/paws/blender-web/upstream/source/blender/gpu/GPU_batch.hh:26:
In file included from /Users/paws/blender-web/upstream/source/blender/gpu/GPU_storage_buffer.hh:18:
In file included from /Users/paws/blender-web/upstream/source/blender/gpu/GPU_vertex_buffer.hh:16:
In file included from /Users/paws/blender-web/upstream/source/blender/blenlib/BLI_virtual_array.hh:34:
In file included from /Users/paws/blender-web/upstream/source/blender/blenlib/BLI_index_mask.hh:24:
In file included from /Users/paws/blender-web/upstream/source/blender/blenlib/BLI_unique_sorted_indices.hh:29:
/Users/paws/blender-web/upstream/source/blender/blenlib/BLI_binary_search.hh:21:16: warning: unused function template 'first_if' [-Wunused-template]
   21 | static int64_t first_if(Iterator begin, Iterator end, Predicate &&predicate)
      |                ^~~~~~~~
1 warning generated.
[59/441] Building CXX object source/blender/editors/render/CMakeFiles/bf_editor_render.dir/render_preview.cc.o
In file included from /Users/paws/blender-web/upstream/source/blender/editors/render/render_preview.cc:68:
In file included from /Users/paws/blender-web/upstream/source/blender/blenkernel/BKE_scene.hh:13:
In file included from /Users/paws/blender-web/upstream/source/blender/blenkernel/BKE_duplilist.hh:13:
In file included from /Users/paws/blender-web/upstream/source/blender/blenkernel/BKE_geometry_set.hh:22:
In file included from /Users/paws/blender-web/upstream/source/blender/blenkernel/BKE_attribute.hh:16:
In file included from /Users/paws/blender-web/upstream/source/blender/blenlib/BLI_generic_virtual_array.hh:16:
In file included from /Users/paws/blender-web/upstream/source/blender/blenlib/BLI_virtual_array.hh:34:
In file included from /Users/paws/blender-web/upstream/source/blender/blenlib/BLI_index_mask.hh:24:
In file included from /Users/paws/blender-web/upstream/source/blender/blenlib/BLI_unique_sorted_indices.hh:29:
/Users/paws/blender-web/upstream/source/blender/blenlib/BLI_binary_search.hh:21:16: warning: unused function template 'first_if' [-Wunused-template]
   21 | static int64_t first_if(Iterator begin, Iterator end, Predicate &&predicate)
      |                ^~~~~~~~
1 warning generated.
[60/441] Linking CXX static library lib/libbf_editor_mesh.a
[61/441] Linking CXX static library lib/libbf_editor_object.a
[62/441] Building CXX object source/blender/editors/sculpt_paint/CMakeFiles/bf_editor_sculpt_paint.dir/mesh/paint_image_ops_paint.cc.o
In file included from /Users/paws/blender-web/upstream/source/blender/editors/sculpt_paint/mesh/paint_image_ops_paint.cc:28:
In file included from /Users/paws/blender-web/upstream/source/blender/gpu/GPU_immediate.hh:13:
In file included from /Users/paws/blender-web/upstream/source/blender/gpu/GPU_batch.hh:26:
In file included from /Users/paws/blender-web/upstream/source/blender/gpu/GPU_storage_buffer.hh:18:
In file included from /Users/paws/blender-web/upstream/source/blender/gpu/GPU_vertex_buffer.hh:16:
In file included from /Users/paws/blender-web/upstream/source/blender/blenlib/BLI_virtual_array.hh:34:
In file included from /Users/paws/blender-web/upstream/source/blender/blenlib/BLI_index_mask.hh:24:
In file included from /Users/paws/blender-web/upstream/source/blender/blenlib/BLI_unique_sorted_indices.hh:29:
/Users/paws/blender-web/upstream/source/blender/blenlib/BLI_binary_search.hh:21:16: warning: unused function template 'first_if' [-Wunused-template]
   21 | static int64_t first_if(Iterator begin, Iterator end, Predicate &&predicate)
      |                ^~~~~~~~
1 warning generated.
[63/441] Building CXX object source/blender/editors/physics/CMakeFiles/bf_editor_physics.dir/particle_edit.cc.o
In file included from /Users/paws/blender-web/upstream/source/blender/editors/physics/particle_edit.cc:23:
/Users/paws/blender-web/upstream/source/blender/blenlib/BLI_kdtree.hh:459:38: warning: unused function template 'nearest_cmp_dist' [-Wunused-template]
  459 | template<typename CoordT> static int nearest_cmp_dist(const void *a, const void *b)
      |                                      ^~~~~~~~~~~~~~~~
/Users/paws/blender-web/upstream/source/blender/blenlib/BLI_kdtree.hh:474:13: warning: unused function template 'nearest_add_in_range' [-Wunused-template]
  474 | static void nearest_add_in_range(KDTreeNearest<CoordT> **r_nearest,
      |             ^~~~~~~~~~~~~~~~~~~~
/Users/paws/blender-web/upstream/source/blender/blenlib/BLI_kdtree.hh:645:46: warning: unused function template 'kdtree_order' [-Wunused-template]
  645 | template<typename CoordT> static Vector<int> kdtree_order(const KDTree<CoordT> *tree)
      |                                              ^~~~~~~~~~~~
/Users/paws/blender-web/upstream/source/blender/blenlib/BLI_kdtree.hh:673:13: warning: unused function template 'deduplicate_recursive' [-Wunused-template]
  673 | static void deduplicate_recursive(const DeDuplicateParams<CoordT> *p, uint i)
      |             ^~~~~~~~~~~~~~~~~~~~~
/Users/paws/blender-web/upstream/source/blender/blenlib/BLI_kdtree.hh:910:38: warning: unused function template 'kdtree_cmp_bool' [-Wunused-template]
  910 | template<typename CoordT> static int kdtree_cmp_bool(const bool a, const bool b)
      |                                      ^~~~~~~~~~~~~~~
/Users/paws/blender-web/upstream/source/blender/blenlib/BLI_kdtree.hh:919:12: warning: unused function template 'kdtree_node_cmp_deduplicate' [-Wunused-template]
  919 | static int kdtree_node_cmp_deduplicate(const void *n0_p, const void *n1_p)
      |            ^~~~~~~~~~~~~~~~~~~~~~~~~~~
In file included from /Users/paws/blender-web/upstream/source/blender/editors/physics/particle_edit.cc:39:
In file included from /Users/paws/blender-web/upstream/source/blender/blenkernel/BKE_customdata.hh:14:
In file included from /Users/paws/blender-web/upstream/source/blender/blenlib/BLI_generic_virtual_array.hh:16:
In file included from /Users/paws/blender-web/upstream/source/blender/blenlib/BLI_virtual_array.hh:34:
In file included from /Users/paws/blender-web/upstream/source/blender/blenlib/BLI_index_mask.hh:24:
In file included from /Users/paws/blender-web/upstream/source/blender/blenlib/BLI_unique_sorted_indices.hh:29:
/Users/paws/blender-web/upstream/source/blender/blenlib/BLI_binary_search.hh:21:16: warning: unused function template 'first_if' [-Wunused-template]
   21 | static int64_t first_if(Iterator begin, Iterator end, Predicate &&predicate)
      |                ^~~~~~~~
7 warnings generated.
[64/441] Building CXX object source/blender/editors/sculpt_paint/CMakeFiles/bf_editor_sculpt_paint.dir/curves/sculpt_ops.cc.o
In file included from /Users/paws/blender-web/upstream/source/blender/editors/sculpt_paint/curves/sculpt_ops.cc:7:
/Users/paws/blender-web/upstream/source/blender/blenlib/BLI_kdtree.hh:318:13: warning: unused function template 'nearest_ordered_insert' [-Wunused-template]
  318 | static void nearest_ordered_insert(KDTreeNearest<CoordT> *nearest,
      |             ^~~~~~~~~~~~~~~~~~~~~~
/Users/paws/blender-web/upstream/source/blender/blenlib/BLI_kdtree.hh:459:38: warning: unused function template 'nearest_cmp_dist' [-Wunused-template]
  459 | template<typename CoordT> static int nearest_cmp_dist(const void *a, const void *b)
      |                                      ^~~~~~~~~~~~~~~~
/Users/paws/blender-web/upstream/source/blender/blenlib/BLI_kdtree.hh:474:13: warning: unused function template 'nearest_add_in_range' [-Wunused-template]
  474 | static void nearest_add_in_range(KDTreeNearest<CoordT> **r_nearest,
      |             ^~~~~~~~~~~~~~~~~~~~
/Users/paws/blender-web/upstream/source/blender/blenlib/BLI_kdtree.hh:645:46: warning: unused function template 'kdtree_order' [-Wunused-template]
  645 | template<typename CoordT> static Vector<int> kdtree_order(const KDTree<CoordT> *tree)
      |                                              ^~~~~~~~~~~~
/Users/paws/blender-web/upstream/source/blender/blenlib/BLI_kdtree.hh:673:13: warning: unused function template 'deduplicate_recursive' [-Wunused-template]
  673 | static void deduplicate_recursive(const DeDuplicateParams<CoordT> *p, uint i)
      |             ^~~~~~~~~~~~~~~~~~~~~
/Users/paws/blender-web/upstream/source/blender/blenlib/BLI_kdtree.hh:910:38: warning: unused function template 'kdtree_cmp_bool' [-Wunused-template]
  910 | template<typename CoordT> static int kdtree_cmp_bool(const bool a, const bool b)
      |                                      ^~~~~~~~~~~~~~~
/Users/paws/blender-web/upstream/source/blender/blenlib/BLI_kdtree.hh:919:12: warning: unused function template 'kdtree_node_cmp_deduplicate' [-Wunused-template]
  919 | static int kdtree_node_cmp_deduplicate(const void *n0_p, const void *n1_p)
      |            ^~~~~~~~~~~~~~~~~~~~~~~~~~~
In file included from /Users/paws/blender-web/upstream/source/blender/editors/sculpt_paint/curves/sculpt_ops.cc:14:
In file included from /Users/paws/blender-web/upstream/source/blender/blenkernel/BKE_attribute.hh:16:
In file included from /Users/paws/blender-web/upstream/source/blender/blenlib/BLI_generic_virtual_array.hh:16:
In file included from /Users/paws/blender-web/upstream/source/blender/blenlib/BLI_virtual_array.hh:34:
In file included from /Users/paws/blender-web/upstream/source/blender/blenlib/BLI_index_mask.hh:24:
In file included from /Users/paws/blender-web/upstream/source/blender/blenlib/BLI_unique_sorted_indices.hh:29:
/Users/paws/blender-web/upstream/source/blender/blenlib/BLI_binary_search.hh:21:16: warning: unused function template 'first_if' [-Wunused-template]
   21 | static int64_t first_if(Iterator begin, Iterator end, Predicate &&predicate)
      |                ^~~~~~~~
8 warnings generated.
[65/441] Linking CXX static library lib/libbf_editor_render.a
[66/441] Linking CXX static library lib/libbf_editor_physics.a
[67/441] Building CXX object source/blender/editors/space_clip/CMakeFiles/bf_editor_space_clip.dir/clip_dopesheet_draw.cc.o
In file included from /Users/paws/blender-web/upstream/source/blender/editors/space_clip/clip_dopesheet_draw.cc:35:
In file included from /Users/paws/blender-web/upstream/source/blender/gpu/GPU_immediate.hh:13:
In file included from /Users/paws/blender-web/upstream/source/blender/gpu/GPU_batch.hh:26:
In file included from /Users/paws/blender-web/upstream/source/blender/gpu/GPU_storage_buffer.hh:18:
In file included from /Users/paws/blender-web/upstream/source/blender/gpu/GPU_vertex_buffer.hh:16:
In file included from /Users/paws/blender-web/upstream/source/blender/blenlib/BLI_virtual_array.hh:34:
In file included from /Users/paws/blender-web/upstream/source/blender/blenlib/BLI_index_mask.hh:24:
In file included from /Users/paws/blender-web/upstream/source/blender/blenlib/BLI_unique_sorted_indices.hh:29:
/Users/paws/blender-web/upstream/source/blender/blenlib/BLI_binary_search.hh:21:16: warning: unused function template 'first_if' [-Wunused-template]
   21 | static int64_t first_if(Iterator begin, Iterator end, Predicate &&predicate)
      |                ^~~~~~~~
1 warning generated.
[68/441] Building CXX object source/blender/editors/sculpt_paint/CMakeFiles/bf_editor_sculpt_paint.dir/mesh/brushes/multiplane_scrape.cc.o
In file included from /Users/paws/blender-web/upstream/source/blender/editors/sculpt_paint/mesh/brushes/multiplane_scrape.cc:5:
In file included from /Users/paws/blender-web/upstream/source/blender/editors/sculpt_paint/mesh/brushes/brushes.hh:7:
In file included from /Users/paws/blender-web/upstream/source/blender/blenlib/BLI_index_mask.hh:24:
In file included from /Users/paws/blender-web/upstream/source/blender/blenlib/BLI_unique_sorted_indices.hh:29:
/Users/paws/blender-web/upstream/source/blender/blenlib/BLI_binary_search.hh:21:16: warning: unused function template 'first_if' [-Wunused-template]
   21 | static int64_t first_if(Iterator begin, Iterator end, Predicate &&predicate)
      |                ^~~~~~~~
1 warning generated.
[69/441] Building CXX object source/blender/editors/sculpt_paint/CMakeFiles/bf_editor_sculpt_paint.dir/mesh/sculpt_detail.cc.o
In file included from /Users/paws/blender-web/upstream/source/blender/editors/sculpt_paint/mesh/sculpt_detail.cc:12:
In file included from /Users/paws/blender-web/upstream/source/blender/blenlib/BLI_index_mask.hh:24:
In file included from /Users/paws/blender-web/upstream/source/blender/blenlib/BLI_unique_sorted_indices.hh:29:
/Users/paws/blender-web/upstream/source/blender/blenlib/BLI_binary_search.hh:21:16: warning: unused function template 'first_if' [-Wunused-template]
   21 | static int64_t first_if(Iterator begin, Iterator end, Predicate &&predicate)
      |                ^~~~~~~~
1 warning generated.
[70/441] Building CXX object source/blender/editors/space_clip/CMakeFiles/bf_editor_space_clip.dir/clip_graph_draw.cc.o
In file included from /Users/paws/blender-web/upstream/source/blender/editors/space_clip/clip_graph_draw.cc:21:
In file included from /Users/paws/blender-web/upstream/source/blender/gpu/GPU_immediate.hh:13:
In file included from /Users/paws/blender-web/upstream/source/blender/gpu/GPU_batch.hh:26:
In file included from /Users/paws/blender-web/upstream/source/blender/gpu/GPU_storage_buffer.hh:18:
In file included from /Users/paws/blender-web/upstream/source/blender/gpu/GPU_vertex_buffer.hh:16:
In file included from /Users/paws/blender-web/upstream/source/blender/blenlib/BLI_virtual_array.hh:34:
In file included from /Users/paws/blender-web/upstream/source/blender/blenlib/BLI_index_mask.hh:24:
In file included from /Users/paws/blender-web/upstream/source/blender/blenlib/BLI_unique_sorted_indices.hh:29:
/Users/paws/blender-web/upstream/source/blender/blenlib/BLI_binary_search.hh:21:16: warning: unused function template 'first_if' [-Wunused-template]
   21 | static int64_t first_if(Iterator begin, Iterator end, Predicate &&predicate)
      |                ^~~~~~~~
1 warning generated.
[71/441] Building CXX object source/blender/editors/space_clip/CMakeFiles/bf_editor_space_clip.dir/clip_draw.cc.o
In file included from /Users/paws/blender-web/upstream/source/blender/editors/space_clip/clip_draw.cc:39:
In file included from /Users/paws/blender-web/upstream/source/blender/gpu/GPU_immediate.hh:13:
In file included from /Users/paws/blender-web/upstream/source/blender/gpu/GPU_batch.hh:26:
In file included from /Users/paws/blender-web/upstream/source/blender/gpu/GPU_storage_buffer.hh:18:
In file included from /Users/paws/blender-web/upstream/source/blender/gpu/GPU_vertex_buffer.hh:16:
In file included from /Users/paws/blender-web/upstream/source/blender/blenlib/BLI_virtual_array.hh:34:
In file included from /Users/paws/blender-web/upstream/source/blender/blenlib/BLI_index_mask.hh:24:
In file included from /Users/paws/blender-web/upstream/source/blender/blenlib/BLI_unique_sorted_indices.hh:29:
/Users/paws/blender-web/upstream/source/blender/blenlib/BLI_binary_search.hh:21:16: warning: unused function template 'first_if' [-Wunused-template]
   21 | static int64_t first_if(Iterator begin, Iterator end, Predicate &&predicate)
      |                ^~~~~~~~
1 warning generated.
[72/441] Building CXX object source/blender/editors/sculpt_paint/CMakeFiles/bf_editor_sculpt_paint.dir/mesh/sculpt_boundary.cc.o
In file included from /Users/paws/blender-web/upstream/source/blender/editors/sculpt_paint/mesh/sculpt_boundary.cc:10:
In file included from /Users/paws/blender-web/upstream/source/blender/blenlib/BLI_array_utils.hh:15:
In file included from /Users/paws/blender-web/upstream/source/blender/blenlib/BLI_generic_virtual_array.hh:16:
In file included from /Users/paws/blender-web/upstream/source/blender/blenlib/BLI_virtual_array.hh:34:
In file included from /Users/paws/blender-web/upstream/source/blender/blenlib/BLI_index_mask.hh:24:
In file included from /Users/paws/blender-web/upstream/source/blender/blenlib/BLI_unique_sorted_indices.hh:29:
/Users/paws/blender-web/upstream/source/blender/blenlib/BLI_binary_search.hh:21:16: warning: unused function template 'first_if' [-Wunused-template]
   21 | static int64_t first_if(Iterator begin, Iterator end, Predicate &&predicate)
      |                ^~~~~~~~
1 warning generated.
[73/441] Building CXX object source/blender/editors/space_action/CMakeFiles/bf_editor_space_action.dir/action_draw.cc.o
In file included from /Users/paws/blender-web/upstream/source/blender/editors/space_action/action_draw.cc:35:
In file included from /Users/paws/blender-web/upstream/source/blender/gpu/GPU_immediate.hh:13:
In file included from /Users/paws/blender-web/upstream/source/blender/gpu/GPU_batch.hh:26:
In file included from /Users/paws/blender-web/upstream/source/blender/gpu/GPU_storage_buffer.hh:18:
In file included from /Users/paws/blender-web/upstream/source/blender/gpu/GPU_vertex_buffer.hh:16:
In file included from /Users/paws/blender-web/upstream/source/blender/blenlib/BLI_virtual_array.hh:34:
In file included from /Users/paws/blender-web/upstream/source/blender/blenlib/BLI_index_mask.hh:24:
In file included from /Users/paws/blender-web/upstream/source/blender/blenlib/BLI_unique_sorted_indices.hh:29:
/Users/paws/blender-web/upstream/source/blender/blenlib/BLI_binary_search.hh:21:16: warning: unused function template 'first_if' [-Wunused-template]
   21 | static int64_t first_if(Iterator begin, Iterator end, Predicate &&predicate)
      |                ^~~~~~~~
1 warning generated.
[74/441] Building CXX object source/blender/editors/space_console/CMakeFiles/bf_editor_space_console.dir/console_draw.cc.o
In file included from /Users/paws/blender-web/upstream/source/blender/editors/space_console/console_draw.cc:20:
In file included from /Users/paws/blender-web/upstream/source/blender/gpu/GPU_immediate.hh:13:
In file included from /Users/paws/blender-web/upstream/source/blender/gpu/GPU_batch.hh:26:
In file included from /Users/paws/blender-web/upstream/source/blender/gpu/GPU_storage_buffer.hh:18:
In file included from /Users/paws/blender-web/upstream/source/blender/gpu/GPU_vertex_buffer.hh:16:
In file included from /Users/paws/blender-web/upstream/source/blender/blenlib/BLI_virtual_array.hh:34:
In file included from /Users/paws/blender-web/upstream/source/blender/blenlib/BLI_index_mask.hh:24:
In file included from /Users/paws/blender-web/upstream/source/blender/blenlib/BLI_unique_sorted_indices.hh:29:
/Users/paws/blender-web/upstream/source/blender/blenlib/BLI_binary_search.hh:21:16: warning: unused function template 'first_if' [-Wunused-template]
   21 | static int64_t first_if(Iterator begin, Iterator end, Predicate &&predicate)
      |                ^~~~~~~~
1 warning generated.
[75/441] Building CXX object source/blender/editors/space_clip/CMakeFiles/bf_editor_space_clip.dir/clip_utils.cc.o
In file included from /Users/paws/blender-web/upstream/source/blender/editors/space_clip/clip_utils.cc:26:
In file included from /Users/paws/blender-web/upstream/source/blender/gpu/GPU_immediate.hh:13:
In file included from /Users/paws/blender-web/upstream/source/blender/gpu/GPU_batch.hh:26:
In file included from /Users/paws/blender-web/upstream/source/blender/gpu/GPU_storage_buffer.hh:18:
In file included from /Users/paws/blender-web/upstream/source/blender/gpu/GPU_vertex_buffer.hh:16:
In file included from /Users/paws/blender-web/upstream/source/blender/blenlib/BLI_virtual_array.hh:34:
In file included from /Users/paws/blender-web/upstream/source/blender/blenlib/BLI_index_mask.hh:24:
In file included from /Users/paws/blender-web/upstream/source/blender/blenlib/BLI_unique_sorted_indices.hh:29:
/Users/paws/blender-web/upstream/source/blender/blenlib/BLI_binary_search.hh:21:16: warning: unused function template 'first_if' [-Wunused-template]
   21 | static int64_t first_if(Iterator begin, Iterator end, Predicate &&predicate)
      |                ^~~~~~~~
1 warning generated.
[76/441] Building CXX object source/blender/editors/space_file/CMakeFiles/bf_editor_space_file.dir/file_draw.cc.o
In file included from /Users/paws/blender-web/upstream/source/blender/editors/space_file/file_draw.cc:81:
In file included from /Users/paws/blender-web/upstream/source/blender/gpu/GPU_immediate.hh:13:
In file included from /Users/paws/blender-web/upstream/source/blender/gpu/GPU_batch.hh:26:
In file included from /Users/paws/blender-web/upstream/source/blender/gpu/GPU_storage_buffer.hh:18:
In file included from /Users/paws/blender-web/upstream/source/blender/gpu/GPU_vertex_buffer.hh:16:
In file included from /Users/paws/blender-web/upstream/source/blender/blenlib/BLI_virtual_array.hh:34:
In file included from /Users/paws/blender-web/upstream/source/blender/blenlib/BLI_index_mask.hh:24:
In file included from /Users/paws/blender-web/upstream/source/blender/blenlib/BLI_unique_sorted_indices.hh:29:
/Users/paws/blender-web/upstream/source/blender/blenlib/BLI_binary_search.hh:21:16: warning: unused function template 'first_if' [-Wunused-template]
   21 | static int64_t first_if(Iterator begin, Iterator end, Predicate &&predicate)
      |                ^~~~~~~~
1 warning generated.
[77/441] Linking CXX static library lib/libbf_editor_space_action.a
[78/441] Linking CXX static library lib/libbf_editor_space_console.a
[79/441] Building CXX object source/blender/editors/sculpt_paint/CMakeFiles/bf_editor_sculpt_paint.dir/mesh/sculpt_cloth.cc.o
In file included from /Users/paws/blender-web/upstream/source/blender/editors/sculpt_paint/mesh/sculpt_cloth.cc:12:
In file included from /Users/paws/blender-web/upstream/source/blender/blenlib/BLI_array_utils.hh:15:
In file included from /Users/paws/blender-web/upstream/source/blender/blenlib/BLI_generic_virtual_array.hh:16:
In file included from /Users/paws/blender-web/upstream/source/blender/blenlib/BLI_virtual_array.hh:34:
In file included from /Users/paws/blender-web/upstream/source/blender/blenlib/BLI_index_mask.hh:24:
In file included from /Users/paws/blender-web/upstream/source/blender/blenlib/BLI_unique_sorted_indices.hh:29:
/Users/paws/blender-web/upstream/source/blender/blenlib/BLI_binary_search.hh:21:16: warning: unused function template 'first_if' [-Wunused-template]
   21 | static int64_t first_if(Iterator begin, Iterator end, Predicate &&predicate)
      |                ^~~~~~~~
1 warning generated.
[80/441] Building CXX object source/blender/editors/space_info/CMakeFiles/bf_editor_space_info.dir/textview.cc.o
In file included from /Users/paws/blender-web/upstream/source/blender/editors/space_info/textview.cc:20:
In file included from /Users/paws/blender-web/upstream/source/blender/gpu/GPU_immediate.hh:13:
In file included from /Users/paws/blender-web/upstream/source/blender/gpu/GPU_batch.hh:26:
In file included from /Users/paws/blender-web/upstream/source/blender/gpu/GPU_storage_buffer.hh:18:
In file included from /Users/paws/blender-web/upstream/source/blender/gpu/GPU_vertex_buffer.hh:16:
In file included from /Users/paws/blender-web/upstream/source/blender/blenlib/BLI_virtual_array.hh:34:
In file included from /Users/paws/blender-web/upstream/source/blender/blenlib/BLI_index_mask.hh:24:
In file included from /Users/paws/blender-web/upstream/source/blender/blenlib/BLI_unique_sorted_indices.hh:29:
/Users/paws/blender-web/upstream/source/blender/blenlib/BLI_binary_search.hh:21:16: warning: unused function template 'first_if' [-Wunused-template]
   21 | static int64_t first_if(Iterator begin, Iterator end, Predicate &&predicate)
      |                ^~~~~~~~
1 warning generated.
[81/441] Building CXX object source/blender/editors/space_graph/CMakeFiles/bf_editor_space_graph.dir/graph_draw.cc.o
In file included from /Users/paws/blender-web/upstream/source/blender/editors/space_graph/graph_draw.cc:30:
In file included from /Users/paws/blender-web/upstream/source/blender/gpu/GPU_immediate.hh:13:
In file included from /Users/paws/blender-web/upstream/source/blender/gpu/GPU_batch.hh:26:
In file included from /Users/paws/blender-web/upstream/source/blender/gpu/GPU_storage_buffer.hh:18:
In file included from /Users/paws/blender-web/upstream/source/blender/gpu/GPU_vertex_buffer.hh:16:
In file included from /Users/paws/blender-web/upstream/source/blender/blenlib/BLI_virtual_array.hh:34:
In file included from /Users/paws/blender-web/upstream/source/blender/blenlib/BLI_index_mask.hh:24:
In file included from /Users/paws/blender-web/upstream/source/blender/blenlib/BLI_unique_sorted_indices.hh:29:
/Users/paws/blender-web/upstream/source/blender/blenlib/BLI_binary_search.hh:21:16: warning: unused function template 'first_if' [-Wunused-template]
   21 | static int64_t first_if(Iterator begin, Iterator end, Predicate &&predicate)
      |                ^~~~~~~~
1 warning generated.
[82/441] Linking CXX static library lib/libbf_editor_space_clip.a
[83/441] Building CXX object source/blender/editors/space_nla/CMakeFiles/bf_editor_space_nla.dir/nla_draw.cc.o
In file included from /Users/paws/blender-web/upstream/source/blender/editors/space_nla/nla_draw.cc:34:
In file included from /Users/paws/blender-web/upstream/source/blender/gpu/GPU_immediate.hh:13:
In file included from /Users/paws/blender-web/upstream/source/blender/gpu/GPU_batch.hh:26:
In file included from /Users/paws/blender-web/upstream/source/blender/gpu/GPU_storage_buffer.hh:18:
In file included from /Users/paws/blender-web/upstream/source/blender/gpu/GPU_vertex_buffer.hh:16:
In file included from /Users/paws/blender-web/upstream/source/blender/blenlib/BLI_virtual_array.hh:34:
In file included from /Users/paws/blender-web/upstream/source/blender/blenlib/BLI_index_mask.hh:24:
In file included from /Users/paws/blender-web/upstream/source/blender/blenlib/BLI_unique_sorted_indices.hh:29:
/Users/paws/blender-web/upstream/source/blender/blenlib/BLI_binary_search.hh:21:16: warning: unused function template 'first_if' [-Wunused-template]
   21 | static int64_t first_if(Iterator begin, Iterator end, Predicate &&predicate)
      |                ^~~~~~~~
1 warning generated.
[84/441] Linking CXX static library lib/libbf_editor_space_file.a
[85/441] Building CXX object source/blender/editors/space_image/CMakeFiles/bf_editor_space_image.dir/image_draw.cc.o
In file included from /Users/paws/blender-web/upstream/source/blender/editors/space_image/image_draw.cc:34:
In file included from /Users/paws/blender-web/upstream/source/blender/gpu/GPU_immediate.hh:13:
In file included from /Users/paws/blender-web/upstream/source/blender/gpu/GPU_batch.hh:26:
In file included from /Users/paws/blender-web/upstream/source/blender/gpu/GPU_storage_buffer.hh:18:
In file included from /Users/paws/blender-web/upstream/source/blender/gpu/GPU_vertex_buffer.hh:16:
In file included from /Users/paws/blender-web/upstream/source/blender/blenlib/BLI_virtual_array.hh:34:
In file included from /Users/paws/blender-web/upstream/source/blender/blenlib/BLI_index_mask.hh:24:
In file included from /Users/paws/blender-web/upstream/source/blender/blenlib/BLI_unique_sorted_indices.hh:29:
/Users/paws/blender-web/upstream/source/blender/blenlib/BLI_binary_search.hh:21:16: warning: unused function template 'first_if' [-Wunused-template]
   21 | static int64_t first_if(Iterator begin, Iterator end, Predicate &&predicate)
      |                ^~~~~~~~
1 warning generated.
[86/441] Building CXX object source/blender/editors/space_graph/CMakeFiles/bf_editor_space_graph.dir/space_graph.cc.o
In file included from /Users/paws/blender-web/upstream/source/blender/editors/space_graph/space_graph.cc:39:
In file included from /Users/paws/blender-web/upstream/source/blender/gpu/GPU_immediate.hh:13:
In file included from /Users/paws/blender-web/upstream/source/blender/gpu/GPU_batch.hh:26:
In file included from /Users/paws/blender-web/upstream/source/blender/gpu/GPU_storage_buffer.hh:18:
In file included from /Users/paws/blender-web/upstream/source/blender/gpu/GPU_vertex_buffer.hh:16:
In file included from /Users/paws/blender-web/upstream/source/blender/blenlib/BLI_virtual_array.hh:34:
In file included from /Users/paws/blender-web/upstream/source/blender/blenlib/BLI_index_mask.hh:24:
In file included from /Users/paws/blender-web/upstream/source/blender/blenlib/BLI_unique_sorted_indices.hh:29:
/Users/paws/blender-web/upstream/source/blender/blenlib/BLI_binary_search.hh:21:16: warning: unused function template 'first_if' [-Wunused-template]
   21 | static int64_t first_if(Iterator begin, Iterator end, Predicate &&predicate)
      |                ^~~~~~~~
1 warning generated.
[87/441] Building CXX object source/blender/editors/space_node/CMakeFiles/bf_editor_space_node.dir/node_compositor_job.cc.o
In file included from /Users/paws/blender-web/upstream/source/blender/editors/space_node/node_compositor_job.cc:16:
In file included from /Users/paws/blender-web/upstream/source/blender/blenkernel/BKE_scene.hh:13:
In file included from /Users/paws/blender-web/upstream/source/blender/blenkernel/BKE_duplilist.hh:13:
In file included from /Users/paws/blender-web/upstream/source/blender/blenkernel/BKE_geometry_set.hh:22:
In file included from /Users/paws/blender-web/upstream/source/blender/blenkernel/BKE_attribute.hh:16:
In file included from /Users/paws/blender-web/upstream/source/blender/blenlib/BLI_generic_virtual_array.hh:16:
In file included from /Users/paws/blender-web/upstream/source/blender/blenlib/BLI_virtual_array.hh:34:
In file included from /Users/paws/blender-web/upstream/source/blender/blenlib/BLI_index_mask.hh:24:
In file included from /Users/paws/blender-web/upstream/source/blender/blenlib/BLI_unique_sorted_indices.hh:29:
/Users/paws/blender-web/upstream/source/blender/blenlib/BLI_binary_search.hh:21:16: warning: unused function template 'first_if' [-Wunused-template]
   21 | static int64_t first_if(Iterator begin, Iterator end, Predicate &&predicate)
      |                ^~~~~~~~
1 warning generated.
[88/441] Building CXX object source/blender/editors/space_node/CMakeFiles/bf_editor_space_node.dir/drawnode.cc.o
In file included from /Users/paws/blender-web/upstream/source/blender/editors/space_node/drawnode.cc:28:
In file included from /Users/paws/blender-web/upstream/source/blender/blenkernel/BKE_node_runtime.hh:26:
/Users/paws/blender-web/upstream/source/blender/blenkernel/BKE_node_tree_interface.hh:60:34: warning: unused function template 'item_is_type' [-Wunused-template]
   60 | template<typename T> static bool item_is_type(const bNodeTreeInterfaceItem &item)
      |                                  ^~~~~~~~~~~~
In file included from /Users/paws/blender-web/upstream/source/blender/editors/space_node/drawnode.cc:30:
In file included from /Users/paws/blender-web/upstream/source/blender/blenkernel/BKE_scene.hh:13:
In file included from /Users/paws/blender-web/upstream/source/blender/blenkernel/BKE_duplilist.hh:13:
In file included from /Users/paws/blender-web/upstream/source/blender/blenkernel/BKE_geometry_set.hh:22:
In file included from /Users/paws/blender-web/upstream/source/blender/blenkernel/BKE_attribute.hh:16:
In file included from /Users/paws/blender-web/upstream/source/blender/blenlib/BLI_generic_virtual_array.hh:16:
In file included from /Users/paws/blender-web/upstream/source/blender/blenlib/BLI_virtual_array.hh:34:
In file included from /Users/paws/blender-web/upstream/source/blender/blenlib/BLI_index_mask.hh:24:
In file included from /Users/paws/blender-web/upstream/source/blender/blenlib/BLI_unique_sorted_indices.hh:29:
/Users/paws/blender-web/upstream/source/blender/blenlib/BLI_binary_search.hh:21:16: warning: unused function template 'first_if' [-Wunused-template]
   21 | static int64_t first_if(Iterator begin, Iterator end, Predicate &&predicate)
      |                ^~~~~~~~
2 warnings generated.
[89/441] Linking CXX static library lib/libbf_editor_space_info.a
[90/441] Linking CXX static library lib/libbf_editor_sculpt_paint.a
[91/441] Building CXX object source/blender/editors/space_node/CMakeFiles/bf_editor_space_node.dir/node_edit.cc.o
In file included from /Users/paws/blender-web/upstream/source/blender/editors/space_node/node_edit.cc:30:
In file included from /Users/paws/blender-web/upstream/source/blender/blenkernel/BKE_node_runtime.hh:26:
/Users/paws/blender-web/upstream/source/blender/blenkernel/BKE_node_tree_interface.hh:60:34: warning: unused function template 'item_is_type' [-Wunused-template]
   60 | template<typename T> static bool item_is_type(const bNodeTreeInterfaceItem &item)
      |                                  ^~~~~~~~~~~~
In file included from /Users/paws/blender-web/upstream/source/blender/editors/space_node/node_edit.cc:33:
In file included from /Users/paws/blender-web/upstream/source/blender/blenkernel/BKE_scene.hh:13:
In file included from /Users/paws/blender-web/upstream/source/blender/blenkernel/BKE_duplilist.hh:13:
In file included from /Users/paws/blender-web/upstream/source/blender/blenkernel/BKE_geometry_set.hh:22:
In file included from /Users/paws/blender-web/upstream/source/blender/blenkernel/BKE_attribute.hh:16:
In file included from /Users/paws/blender-web/upstream/source/blender/blenlib/BLI_generic_virtual_array.hh:16:
In file included from /Users/paws/blender-web/upstream/source/blender/blenlib/BLI_virtual_array.hh:34:
In file included from /Users/paws/blender-web/upstream/source/blender/blenlib/BLI_index_mask.hh:24:
In file included from /Users/paws/blender-web/upstream/source/blender/blenlib/BLI_unique_sorted_indices.hh:29:
/Users/paws/blender-web/upstream/source/blender/blenlib/BLI_binary_search.hh:21:16: warning: unused function template 'first_if' [-Wunused-template]
   21 | static int64_t first_if(Iterator begin, Iterator end, Predicate &&predicate)
      |                ^~~~~~~~
2 warnings generated.
[92/441] Building CXX object source/blender/editors/space_sequencer/CMakeFiles/bf_editor_space_sequencer.dir/sequencer_quads_batch.cc.o
In file included from /Users/paws/blender-web/upstream/source/blender/editors/space_sequencer/sequencer_quads_batch.cc:14:
In file included from /Users/paws/blender-web/upstream/source/blender/gpu/GPU_batch.hh:26:
In file included from /Users/paws/blender-web/upstream/source/blender/gpu/GPU_storage_buffer.hh:18:
In file included from /Users/paws/blender-web/upstream/source/blender/gpu/GPU_vertex_buffer.hh:16:
In file included from /Users/paws/blender-web/upstream/source/blender/blenlib/BLI_virtual_array.hh:34:
In file included from /Users/paws/blender-web/upstream/source/blender/blenlib/BLI_index_mask.hh:24:
In file included from /Users/paws/blender-web/upstream/source/blender/blenlib/BLI_unique_sorted_indices.hh:29:
/Users/paws/blender-web/upstream/source/blender/blenlib/BLI_binary_search.hh:21:16: warning: unused function template 'first_if' [-Wunused-template]
   21 | static int64_t first_if(Iterator begin, Iterator end, Predicate &&predicate)
      |                ^~~~~~~~
1 warning generated.
[93/441] Building CXX object source/blender/editors/space_sequencer/CMakeFiles/bf_editor_space_sequencer.dir/sequencer_strips_batch.cc.o
In file included from /Users/paws/blender-web/upstream/source/blender/editors/space_sequencer/sequencer_strips_batch.cc:16:
In file included from /Users/paws/blender-web/upstream/source/blender/gpu/GPU_batch.hh:26:
In file included from /Users/paws/blender-web/upstream/source/blender/gpu/GPU_storage_buffer.hh:18:
In file included from /Users/paws/blender-web/upstream/source/blender/gpu/GPU_vertex_buffer.hh:16:
In file included from /Users/paws/blender-web/upstream/source/blender/blenlib/BLI_virtual_array.hh:34:
In file included from /Users/paws/blender-web/upstream/source/blender/blenlib/BLI_index_mask.hh:24:
In file included from /Users/paws/blender-web/upstream/source/blender/blenlib/BLI_unique_sorted_indices.hh:29:
/Users/paws/blender-web/upstream/source/blender/blenlib/BLI_binary_search.hh:21:16: warning: unused function template 'first_if' [-Wunused-template]
   21 | static int64_t first_if(Iterator begin, Iterator end, Predicate &&predicate)
      |                ^~~~~~~~
1 warning generated.
[94/441] Linking CXX static library lib/libbf_editor_space_graph.a
[95/441] Building CXX object source/blender/editors/space_outliner/CMakeFiles/bf_editor_space_outliner.dir/outliner_edit.cc.o
In file included from /Users/paws/blender-web/upstream/source/blender/editors/space_outliner/outliner_edit.cc:48:
In file included from /Users/paws/blender-web/upstream/source/blender/blenkernel/BKE_scene.hh:13:
In file included from /Users/paws/blender-web/upstream/source/blender/blenkernel/BKE_duplilist.hh:13:
In file included from /Users/paws/blender-web/upstream/source/blender/blenkernel/BKE_geometry_set.hh:22:
In file included from /Users/paws/blender-web/upstream/source/blender/blenkernel/BKE_attribute.hh:16:
In file included from /Users/paws/blender-web/upstream/source/blender/blenlib/BLI_generic_virtual_array.hh:16:
In file included from /Users/paws/blender-web/upstream/source/blender/blenlib/BLI_virtual_array.hh:34:
In file included from /Users/paws/blender-web/upstream/source/blender/blenlib/BLI_index_mask.hh:24:
In file included from /Users/paws/blender-web/upstream/source/blender/blenlib/BLI_unique_sorted_indices.hh:29:
/Users/paws/blender-web/upstream/source/blender/blenlib/BLI_binary_search.hh:21:16: warning: unused function template 'first_if' [-Wunused-template]
   21 | static int64_t first_if(Iterator begin, Iterator end, Predicate &&predicate)
      |                ^~~~~~~~
1 warning generated.
[96/441] Linking CXX static library lib/libbf_editor_space_image.a
[97/441] Building CXX object source/blender/editors/space_sequencer/CMakeFiles/bf_editor_space_sequencer.dir/sequencer_preview_draw.cc.o
In file included from /Users/paws/blender-web/upstream/source/blender/editors/space_sequencer/sequencer_preview_draw.cc:32:
In file included from /Users/paws/blender-web/upstream/source/blender/blenkernel/BKE_scene.hh:13:
In file included from /Users/paws/blender-web/upstream/source/blender/blenkernel/BKE_duplilist.hh:13:
In file included from /Users/paws/blender-web/upstream/source/blender/blenkernel/BKE_geometry_set.hh:22:
In file included from /Users/paws/blender-web/upstream/source/blender/blenkernel/BKE_attribute.hh:16:
In file included from /Users/paws/blender-web/upstream/source/blender/blenlib/BLI_generic_virtual_array.hh:16:
In file included from /Users/paws/blender-web/upstream/source/blender/blenlib/BLI_virtual_array.hh:34:
In file included from /Users/paws/blender-web/upstream/source/blender/blenlib/BLI_index_mask.hh:24:
In file included from /Users/paws/blender-web/upstream/source/blender/blenlib/BLI_unique_sorted_indices.hh:29:
/Users/paws/blender-web/upstream/source/blender/blenlib/BLI_binary_search.hh:21:16: warning: unused function template 'first_if' [-Wunused-template]
   21 | static int64_t first_if(Iterator begin, Iterator end, Predicate &&predicate)
      |                ^~~~~~~~
1 warning generated.
[98/441] Building CXX object source/blender/editors/space_sequencer/CMakeFiles/bf_editor_space_sequencer.dir/sequencer_retiming_draw.cc.o
In file included from /Users/paws/blender-web/upstream/source/blender/editors/space_sequencer/sequencer_retiming_draw.cc:18:
In file included from /Users/paws/blender-web/upstream/source/blender/gpu/GPU_immediate.hh:13:
In file included from /Users/paws/blender-web/upstream/source/blender/gpu/GPU_batch.hh:26:
In file included from /Users/paws/blender-web/upstream/source/blender/gpu/GPU_storage_buffer.hh:18:
In file included from /Users/paws/blender-web/upstream/source/blender/gpu/GPU_vertex_buffer.hh:16:
In file included from /Users/paws/blender-web/upstream/source/blender/blenlib/BLI_virtual_array.hh:34:
In file included from /Users/paws/blender-web/upstream/source/blender/blenlib/BLI_index_mask.hh:24:
In file included from /Users/paws/blender-web/upstream/source/blender/blenlib/BLI_unique_sorted_indices.hh:29:
/Users/paws/blender-web/upstream/source/blender/blenlib/BLI_binary_search.hh:21:16: warning: unused function template 'first_if' [-Wunused-template]
   21 | static int64_t first_if(Iterator begin, Iterator end, Predicate &&predicate)
      |                ^~~~~~~~
1 warning generated.
[99/441] Building CXX object source/blender/editors/space_sequencer/CMakeFiles/bf_editor_space_sequencer.dir/sequencer_thumbnails.cc.o
In file included from /Users/paws/blender-web/upstream/source/blender/editors/space_sequencer/sequencer_thumbnails.cc:19:
In file included from /Users/paws/blender-web/upstream/source/blender/gpu/GPU_batch.hh:26:
In file included from /Users/paws/blender-web/upstream/source/blender/gpu/GPU_storage_buffer.hh:18:
In file included from /Users/paws/blender-web/upstream/source/blender/gpu/GPU_vertex_buffer.hh:16:
In file included from /Users/paws/blender-web/upstream/source/blender/blenlib/BLI_virtual_array.hh:34:
In file included from /Users/paws/blender-web/upstream/source/blender/blenlib/BLI_index_mask.hh:24:
In file included from /Users/paws/blender-web/upstream/source/blender/blenlib/BLI_unique_sorted_indices.hh:29:
/Users/paws/blender-web/upstream/source/blender/blenlib/BLI_binary_search.hh:21:16: warning: unused function template 'first_if' [-Wunused-template]
   21 | static int64_t first_if(Iterator begin, Iterator end, Predicate &&predicate)
      |                ^~~~~~~~
1 warning generated.
[100/441] Building CXX object source/blender/editors/space_outliner/CMakeFiles/bf_editor_space_outliner.dir/outliner_draw.cc.o
In file included from /Users/paws/blender-web/upstream/source/blender/editors/space_outliner/outliner_draw.cc:53:
In file included from /Users/paws/blender-web/upstream/source/blender/blenkernel/BKE_scene.hh:13:
In file included from /Users/paws/blender-web/upstream/source/blender/blenkernel/BKE_duplilist.hh:13:
In file included from /Users/paws/blender-web/upstream/source/blender/blenkernel/BKE_geometry_set.hh:22:
In file included from /Users/paws/blender-web/upstream/source/blender/blenkernel/BKE_attribute.hh:16:
In file included from /Users/paws/blender-web/upstream/source/blender/blenlib/BLI_generic_virtual_array.hh:16:
In file included from /Users/paws/blender-web/upstream/source/blender/blenlib/BLI_virtual_array.hh:34:
In file included from /Users/paws/blender-web/upstream/source/blender/blenlib/BLI_index_mask.hh:24:
In file included from /Users/paws/blender-web/upstream/source/blender/blenlib/BLI_unique_sorted_indices.hh:29:
/Users/paws/blender-web/upstream/source/blender/blenlib/BLI_binary_search.hh:21:16: warning: unused function template 'first_if' [-Wunused-template]
   21 | static int64_t first_if(Iterator begin, Iterator end, Predicate &&predicate)
      |                ^~~~~~~~
1 warning generated.
[101/441] Linking CXX static library lib/libbf_editor_space_nla.a
[102/441] Building CXX object source/blender/editors/space_spreadsheet/CMakeFiles/bf_editor_space_spreadsheet.dir/spreadsheet_draw.cc.o
In file included from /Users/paws/blender-web/upstream/source/blender/editors/space_spreadsheet/spreadsheet_draw.cc:11:
In file included from /Users/paws/blender-web/upstream/source/blender/gpu/GPU_immediate.hh:13:
In file included from /Users/paws/blender-web/upstream/source/blender/gpu/GPU_batch.hh:26:
In file included from /Users/paws/blender-web/upstream/source/blender/gpu/GPU_storage_buffer.hh:18:
In file included from /Users/paws/blender-web/upstream/source/blender/gpu/GPU_vertex_buffer.hh:16:
In file included from /Users/paws/blender-web/upstream/source/blender/blenlib/BLI_virtual_array.hh:34:
In file included from /Users/paws/blender-web/upstream/source/blender/blenlib/BLI_index_mask.hh:24:
In file included from /Users/paws/blender-web/upstream/source/blender/blenlib/BLI_unique_sorted_indices.hh:29:
/Users/paws/blender-web/upstream/source/blender/blenlib/BLI_binary_search.hh:21:16: warning: unused function template 'first_if' [-Wunused-template]
   21 | static int64_t first_if(Iterator begin, Iterator end, Predicate &&predicate)
      |                ^~~~~~~~
1 warning generated.
[103/441] Building CXX object source/blender/editors/space_sequencer/CMakeFiles/bf_editor_space_sequencer.dir/sequencer_timeline_draw.cc.o
In file included from /Users/paws/blender-web/upstream/source/blender/editors/space_sequencer/sequencer_timeline_draw.cc:43:
In file included from /Users/paws/blender-web/upstream/source/blender/gpu/GPU_immediate.hh:13:
In file included from /Users/paws/blender-web/upstream/source/blender/gpu/GPU_batch.hh:26:
In file included from /Users/paws/blender-web/upstream/source/blender/gpu/GPU_storage_buffer.hh:18:
In file included from /Users/paws/blender-web/upstream/source/blender/gpu/GPU_vertex_buffer.hh:16:
In file included from /Users/paws/blender-web/upstream/source/blender/blenlib/BLI_virtual_array.hh:34:
In file included from /Users/paws/blender-web/upstream/source/blender/blenlib/BLI_index_mask.hh:24:
In file included from /Users/paws/blender-web/upstream/source/blender/blenlib/BLI_unique_sorted_indices.hh:29:
/Users/paws/blender-web/upstream/source/blender/blenlib/BLI_binary_search.hh:21:16: warning: unused function template 'first_if' [-Wunused-template]
   21 | static int64_t first_if(Iterator begin, Iterator end, Predicate &&predicate)
      |                ^~~~~~~~
1 warning generated.
[104/441] Building CXX object source/blender/editors/space_text/CMakeFiles/bf_editor_space_text.dir/text_draw.cc.o
In file included from /Users/paws/blender-web/upstream/source/blender/editors/space_text/text_draw.cc:31:
In file included from /Users/paws/blender-web/upstream/source/blender/gpu/GPU_immediate.hh:13:
In file included from /Users/paws/blender-web/upstream/source/blender/gpu/GPU_batch.hh:26:
In file included from /Users/paws/blender-web/upstream/source/blender/gpu/GPU_storage_buffer.hh:18:
In file included from /Users/paws/blender-web/upstream/source/blender/gpu/GPU_vertex_buffer.hh:16:
In file included from /Users/paws/blender-web/upstream/source/blender/blenlib/BLI_virtual_array.hh:34:
In file included from /Users/paws/blender-web/upstream/source/blender/blenlib/BLI_index_mask.hh:24:
In file included from /Users/paws/blender-web/upstream/source/blender/blenlib/BLI_unique_sorted_indices.hh:29:
/Users/paws/blender-web/upstream/source/blender/blenlib/BLI_binary_search.hh:21:16: warning: unused function template 'first_if' [-Wunused-template]
   21 | static int64_t first_if(Iterator begin, Iterator end, Predicate &&predicate)
      |                ^~~~~~~~
1 warning generated.
[105/441] Building CXX object source/blender/editors/space_node/CMakeFiles/bf_editor_space_node.dir/node_draw.cc.o
In file included from /Users/paws/blender-web/upstream/source/blender/editors/space_node/node_draw.cc:26:
In file included from /Users/paws/blender-web/upstream/source/blender/blenlib/BLI_bounds.hh:14:
In file included from /Users/paws/blender-web/upstream/source/blender/blenlib/BLI_index_mask.hh:24:
In file included from /Users/paws/blender-web/upstream/source/blender/blenlib/BLI_unique_sorted_indices.hh:29:
/Users/paws/blender-web/upstream/source/blender/blenlib/BLI_binary_search.hh:21:16: warning: unused function template 'first_if' [-Wunused-template]
   21 | static int64_t first_if(Iterator begin, Iterator end, Predicate &&predicate)
      |                ^~~~~~~~
In file included from /Users/paws/blender-web/upstream/source/blender/editors/space_node/node_draw.cc:53:
In file included from /Users/paws/blender-web/upstream/source/blender/blenkernel/BKE_node_runtime.hh:26:
/Users/paws/blender-web/upstream/source/blender/blenkernel/BKE_node_tree_interface.hh:60:34: warning: unused function template 'item_is_type' [-Wunused-template]
   60 | template<typename T> static bool item_is_type(const bNodeTreeInterfaceItem &item)
      |                                  ^~~~~~~~~~~~
2 warnings generated.
[106/441] Building CXX object source/blender/editors/space_view3d/CMakeFiles/bf_editor_space_view3d.dir/view3d_cursor_snap.cc.o
In file included from /Users/paws/blender-web/upstream/source/blender/editors/space_view3d/view3d_cursor_snap.cc:25:
In file included from /Users/paws/blender-web/upstream/source/blender/blenkernel/BKE_scene.hh:13:
In file included from /Users/paws/blender-web/upstream/source/blender/blenkernel/BKE_duplilist.hh:13:
In file included from /Users/paws/blender-web/upstream/source/blender/blenkernel/BKE_geometry_set.hh:22:
In file included from /Users/paws/blender-web/upstream/source/blender/blenkernel/BKE_attribute.hh:16:
In file included from /Users/paws/blender-web/upstream/source/blender/blenlib/BLI_generic_virtual_array.hh:16:
In file included from /Users/paws/blender-web/upstream/source/blender/blenlib/BLI_virtual_array.hh:34:
In file included from /Users/paws/blender-web/upstream/source/blender/blenlib/BLI_index_mask.hh:24:
In file included from /Users/paws/blender-web/upstream/source/blender/blenlib/BLI_unique_sorted_indices.hh:29:
/Users/paws/blender-web/upstream/source/blender/blenlib/BLI_binary_search.hh:21:16: warning: unused function template 'first_if' [-Wunused-template]
   21 | static int64_t first_if(Iterator begin, Iterator end, Predicate &&predicate)
      |                ^~~~~~~~
1 warning generated.
[107/441] Building CXX object source/blender/editors/space_view3d/CMakeFiles/bf_editor_space_view3d.dir/view3d_gizmo_navigate_type.cc.o
In file included from /Users/paws/blender-web/upstream/source/blender/editors/space_view3d/view3d_gizmo_navigate_type.cc:26:
In file included from /Users/paws/blender-web/upstream/source/blender/gpu/GPU_immediate.hh:13:
In file included from /Users/paws/blender-web/upstream/source/blender/gpu/GPU_batch.hh:26:
In file included from /Users/paws/blender-web/upstream/source/blender/gpu/GPU_storage_buffer.hh:18:
In file included from /Users/paws/blender-web/upstream/source/blender/gpu/GPU_vertex_buffer.hh:16:
In file included from /Users/paws/blender-web/upstream/source/blender/blenlib/BLI_virtual_array.hh:34:
In file included from /Users/paws/blender-web/upstream/source/blender/blenlib/BLI_index_mask.hh:24:
In file included from /Users/paws/blender-web/upstream/source/blender/blenlib/BLI_unique_sorted_indices.hh:29:
/Users/paws/blender-web/upstream/source/blender/blenlib/BLI_binary_search.hh:21:16: warning: unused function template 'first_if' [-Wunused-template]
   21 | static int64_t first_if(Iterator begin, Iterator end, Predicate &&predicate)
      |                ^~~~~~~~
1 warning generated.
[108/441] Linking CXX static library lib/libbf_editor_space_outliner.a
[109/441] Building CXX object source/blender/editors/space_view3d/CMakeFiles/bf_editor_space_view3d.dir/view3d_draw.cc.o
In file included from /Users/paws/blender-web/upstream/source/blender/editors/space_view3d/view3d_draw.cc:28:
In file included from /Users/paws/blender-web/upstream/source/blender/blenkernel/BKE_customdata.hh:14:
In file included from /Users/paws/blender-web/upstream/source/blender/blenlib/BLI_generic_virtual_array.hh:16:
In file included from /Users/paws/blender-web/upstream/source/blender/blenlib/BLI_virtual_array.hh:34:
In file included from /Users/paws/blender-web/upstream/source/blender/blenlib/BLI_index_mask.hh:24:
In file included from /Users/paws/blender-web/upstream/source/blender/blenlib/BLI_unique_sorted_indices.hh:29:
/Users/paws/blender-web/upstream/source/blender/blenlib/BLI_binary_search.hh:21:16: warning: unused function template 'first_if' [-Wunused-template]
   21 | static int64_t first_if(Iterator begin, Iterator end, Predicate &&predicate)
      |                ^~~~~~~~
1 warning generated.
[110/441] Linking CXX static library lib/libbf_editor_space_spreadsheet.a
[111/441] Building CXX object source/blender/editors/space_view3d/CMakeFiles/bf_editor_space_view3d.dir/view3d_gizmo_ruler.cc.o
In file included from /Users/paws/blender-web/upstream/source/blender/editors/space_view3d/view3d_gizmo_ruler.cc:22:
In file included from /Users/paws/blender-web/upstream/source/blender/blenkernel/BKE_scene.hh:13:
In file included from /Users/paws/blender-web/upstream/source/blender/blenkernel/BKE_duplilist.hh:13:
In file included from /Users/paws/blender-web/upstream/source/blender/blenkernel/BKE_geometry_set.hh:22:
In file included from /Users/paws/blender-web/upstream/source/blender/blenkernel/BKE_attribute.hh:16:
In file included from /Users/paws/blender-web/upstream/source/blender/blenlib/BLI_generic_virtual_array.hh:16:
In file included from /Users/paws/blender-web/upstream/source/blender/blenlib/BLI_virtual_array.hh:34:
In file included from /Users/paws/blender-web/upstream/source/blender/blenlib/BLI_index_mask.hh:24:
In file included from /Users/paws/blender-web/upstream/source/blender/blenlib/BLI_unique_sorted_indices.hh:29:
/Users/paws/blender-web/upstream/source/blender/blenlib/BLI_binary_search.hh:21:16: warning: unused function template 'first_if' [-Wunused-template]
   21 | static int64_t first_if(Iterator begin, Iterator end, Predicate &&predicate)
      |                ^~~~~~~~
1 warning generated.
[112/441] Building CXX object source/blender/editors/space_view3d/CMakeFiles/bf_editor_space_view3d.dir/view3d_navigate_fly.cc.o
In file included from /Users/paws/blender-web/upstream/source/blender/editors/space_view3d/view3d_navigate_fly.cc:47:
In file included from /Users/paws/blender-web/upstream/source/blender/gpu/GPU_immediate.hh:13:
In file included from /Users/paws/blender-web/upstream/source/blender/gpu/GPU_batch.hh:26:
In file included from /Users/paws/blender-web/upstream/source/blender/gpu/GPU_storage_buffer.hh:18:
In file included from /Users/paws/blender-web/upstream/source/blender/gpu/GPU_vertex_buffer.hh:16:
In file included from /Users/paws/blender-web/upstream/source/blender/blenlib/BLI_virtual_array.hh:34:
In file included from /Users/paws/blender-web/upstream/source/blender/blenlib/BLI_index_mask.hh:24:
In file included from /Users/paws/blender-web/upstream/source/blender/blenlib/BLI_unique_sorted_indices.hh:29:
/Users/paws/blender-web/upstream/source/blender/blenlib/BLI_binary_search.hh:21:16: warning: unused function template 'first_if' [-Wunused-template]
   21 | static int64_t first_if(Iterator begin, Iterator end, Predicate &&predicate)
      |                ^~~~~~~~
1 warning generated.
[113/441] Building CXX object source/blender/editors/space_view3d/CMakeFiles/bf_editor_space_view3d.dir/view3d_navigate_walk.cc.o
In file included from /Users/paws/blender-web/upstream/source/blender/editors/space_view3d/view3d_navigate_walk.cc:46:
In file included from /Users/paws/blender-web/upstream/source/blender/gpu/GPU_immediate.hh:13:
In file included from /Users/paws/blender-web/upstream/source/blender/gpu/GPU_batch.hh:26:
In file included from /Users/paws/blender-web/upstream/source/blender/gpu/GPU_storage_buffer.hh:18:
In file included from /Users/paws/blender-web/upstream/source/blender/gpu/GPU_vertex_buffer.hh:16:
In file included from /Users/paws/blender-web/upstream/source/blender/blenlib/BLI_virtual_array.hh:34:
In file included from /Users/paws/blender-web/upstream/source/blender/blenlib/BLI_index_mask.hh:24:
In file included from /Users/paws/blender-web/upstream/source/blender/blenlib/BLI_unique_sorted_indices.hh:29:
/Users/paws/blender-web/upstream/source/blender/blenlib/BLI_binary_search.hh:21:16: warning: unused function template 'first_if' [-Wunused-template]
   21 | static int64_t first_if(Iterator begin, Iterator end, Predicate &&predicate)
      |                ^~~~~~~~
1 warning generated.
[114/441] Linking CXX static library lib/libbf_editor_space_node.a
[115/441] Building CXX object source/blender/editors/space_view3d/CMakeFiles/bf_editor_space_view3d.dir/view3d_placement.cc.o
In file included from /Users/paws/blender-web/upstream/source/blender/editors/space_view3d/view3d_placement.cc:41:
In file included from /Users/paws/blender-web/upstream/source/blender/gpu/GPU_immediate.hh:13:
In file included from /Users/paws/blender-web/upstream/source/blender/gpu/GPU_batch.hh:26:
In file included from /Users/paws/blender-web/upstream/source/blender/gpu/GPU_storage_buffer.hh:18:
In file included from /Users/paws/blender-web/upstream/source/blender/gpu/GPU_vertex_buffer.hh:16:
In file included from /Users/paws/blender-web/upstream/source/blender/blenlib/BLI_virtual_array.hh:34:
In file included from /Users/paws/blender-web/upstream/source/blender/blenlib/BLI_index_mask.hh:24:
In file included from /Users/paws/blender-web/upstream/source/blender/blenlib/BLI_unique_sorted_indices.hh:29:
/Users/paws/blender-web/upstream/source/blender/blenlib/BLI_binary_search.hh:21:16: warning: unused function template 'first_if' [-Wunused-template]
   21 | static int64_t first_if(Iterator begin, Iterator end, Predicate &&predicate)
      |                ^~~~~~~~
1 warning generated.
[116/441] Building CXX object source/blender/editors/transform/CMakeFiles/bf_editor_transform.dir/transform_draw_cursors.cc.o
In file included from /Users/paws/blender-web/upstream/source/blender/editors/transform/transform_draw_cursors.cc:9:
In file included from /Users/paws/blender-web/upstream/source/blender/gpu/GPU_immediate.hh:13:
In file included from /Users/paws/blender-web/upstream/source/blender/gpu/GPU_batch.hh:26:
In file included from /Users/paws/blender-web/upstream/source/blender/gpu/GPU_storage_buffer.hh:18:
In file included from /Users/paws/blender-web/upstream/source/blender/gpu/GPU_vertex_buffer.hh:16:
In file included from /Users/paws/blender-web/upstream/source/blender/blenlib/BLI_virtual_array.hh:34:
In file included from /Users/paws/blender-web/upstream/source/blender/blenlib/BLI_index_mask.hh:24:
In file included from /Users/paws/blender-web/upstream/source/blender/blenlib/BLI_unique_sorted_indices.hh:29:
/Users/paws/blender-web/upstream/source/blender/blenlib/BLI_binary_search.hh:21:16: warning: unused function template 'first_if' [-Wunused-template]
   21 | static int64_t first_if(Iterator begin, Iterator end, Predicate &&predicate)
      |                ^~~~~~~~
1 warning generated.
[117/441] Linking CXX static library lib/libbf_editor_space_sequencer.a
[118/441] Building CXX object source/blender/editors/transform/CMakeFiles/bf_editor_transform.dir/transform_constraints.cc.o
In file included from /Users/paws/blender-web/upstream/source/blender/editors/transform/transform_constraints.cc:20:
In file included from /Users/paws/blender-web/upstream/source/blender/gpu/GPU_immediate.hh:13:
In file included from /Users/paws/blender-web/upstream/source/blender/gpu/GPU_batch.hh:26:
In file included from /Users/paws/blender-web/upstream/source/blender/gpu/GPU_storage_buffer.hh:18:
In file included from /Users/paws/blender-web/upstream/source/blender/gpu/GPU_vertex_buffer.hh:16:
In file included from /Users/paws/blender-web/upstream/source/blender/blenlib/BLI_virtual_array.hh:34:
In file included from /Users/paws/blender-web/upstream/source/blender/blenlib/BLI_index_mask.hh:24:
In file included from /Users/paws/blender-web/upstream/source/blender/blenlib/BLI_unique_sorted_indices.hh:29:
/Users/paws/blender-web/upstream/source/blender/blenlib/BLI_binary_search.hh:21:16: warning: unused function template 'first_if' [-Wunused-template]
   21 | static int64_t first_if(Iterator begin, Iterator end, Predicate &&predicate)
      |                ^~~~~~~~
1 warning generated.
[119/441] Linking CXX static library lib/libbf_editor_space_text.a
[120/441] Building CXX object source/blender/editors/transform/CMakeFiles/bf_editor_transform.dir/transform_mode_vert_slide.cc.o
In file included from /Users/paws/blender-web/upstream/source/blender/editors/transform/transform_mode_vert_slide.cc:17:
In file included from /Users/paws/blender-web/upstream/source/blender/gpu/GPU_immediate.hh:13:
In file included from /Users/paws/blender-web/upstream/source/blender/gpu/GPU_batch.hh:26:
In file included from /Users/paws/blender-web/upstream/source/blender/gpu/GPU_storage_buffer.hh:18:
In file included from /Users/paws/blender-web/upstream/source/blender/gpu/GPU_vertex_buffer.hh:16:
In file included from /Users/paws/blender-web/upstream/source/blender/blenlib/BLI_virtual_array.hh:34:
In file included from /Users/paws/blender-web/upstream/source/blender/blenlib/BLI_index_mask.hh:24:
In file included from /Users/paws/blender-web/upstream/source/blender/blenlib/BLI_unique_sorted_indices.hh:29:
/Users/paws/blender-web/upstream/source/blender/blenlib/BLI_binary_search.hh:21:16: warning: unused function template 'first_if' [-Wunused-template]
   21 | static int64_t first_if(Iterator begin, Iterator end, Predicate &&predicate)
      |                ^~~~~~~~
1 warning generated.
[121/441] Building CXX object source/blender/editors/util/CMakeFiles/bf_editor_util.dir/ed_draw.cc.o
In file included from /Users/paws/blender-web/upstream/source/blender/editors/util/ed_draw.cc:39:
In file included from /Users/paws/blender-web/upstream/source/blender/gpu/GPU_immediate.hh:13:
In file included from /Users/paws/blender-web/upstream/source/blender/gpu/GPU_batch.hh:26:
In file included from /Users/paws/blender-web/upstream/source/blender/gpu/GPU_storage_buffer.hh:18:
In file included from /Users/paws/blender-web/upstream/source/blender/gpu/GPU_vertex_buffer.hh:16:
In file included from /Users/paws/blender-web/upstream/source/blender/blenlib/BLI_virtual_array.hh:34:
In file included from /Users/paws/blender-web/upstream/source/blender/blenlib/BLI_index_mask.hh:24:
In file included from /Users/paws/blender-web/upstream/source/blender/blenlib/BLI_unique_sorted_indices.hh:29:
/Users/paws/blender-web/upstream/source/blender/blenlib/BLI_binary_search.hh:21:16: warning: unused function template 'first_if' [-Wunused-template]
   21 | static int64_t first_if(Iterator begin, Iterator end, Predicate &&predicate)
      |                ^~~~~~~~
1 warning generated.
[122/441] Building CXX object source/blender/editors/transform/CMakeFiles/bf_editor_transform.dir/transform_mode_edge_slide.cc.o
In file included from /Users/paws/blender-web/upstream/source/blender/editors/transform/transform_mode_edge_slide.cc:16:
In file included from /Users/paws/blender-web/upstream/source/blender/blenkernel/BKE_editmesh.hh:20:
In file included from /Users/paws/blender-web/upstream/source/blender/bmesh/bmesh.hh:187:
In file included from /Users/paws/blender-web/upstream/source/blender/bmesh/intern/bmesh_construct.hh:12:
In file included from /Users/paws/blender-web/upstream/source/blender/bmesh/intern/bmesh_core.hh:13:
In file included from /Users/paws/blender-web/upstream/source/blender/blenkernel/BKE_customdata.hh:14:
In file included from /Users/paws/blender-web/upstream/source/blender/blenlib/BLI_generic_virtual_array.hh:16:
In file included from /Users/paws/blender-web/upstream/source/blender/blenlib/BLI_virtual_array.hh:34:
In file included from /Users/paws/blender-web/upstream/source/blender/blenlib/BLI_index_mask.hh:24:
In file included from /Users/paws/blender-web/upstream/source/blender/blenlib/BLI_unique_sorted_indices.hh:29:
/Users/paws/blender-web/upstream/source/blender/blenlib/BLI_binary_search.hh:21:16: warning: unused function template 'first_if' [-Wunused-template]
   21 | static int64_t first_if(Iterator begin, Iterator end, Predicate &&predicate)
      |                ^~~~~~~~
1 warning generated.
[123/441] Building CXX object source/blender/editors/uvedit/CMakeFiles/bf_editor_uvedit.dir/uvedit_draw.cc.o
In file included from /Users/paws/blender-web/upstream/source/blender/editors/uvedit/uvedit_draw.cc:14:
In file included from /Users/paws/blender-web/upstream/source/blender/gpu/GPU_immediate.hh:13:
In file included from /Users/paws/blender-web/upstream/source/blender/gpu/GPU_batch.hh:26:
In file included from /Users/paws/blender-web/upstream/source/blender/gpu/GPU_storage_buffer.hh:18:
In file included from /Users/paws/blender-web/upstream/source/blender/gpu/GPU_vertex_buffer.hh:16:
In file included from /Users/paws/blender-web/upstream/source/blender/blenlib/BLI_virtual_array.hh:34:
In file included from /Users/paws/blender-web/upstream/source/blender/blenlib/BLI_index_mask.hh:24:
In file included from /Users/paws/blender-web/upstream/source/blender/blenlib/BLI_unique_sorted_indices.hh:29:
/Users/paws/blender-web/upstream/source/blender/blenlib/BLI_binary_search.hh:21:16: warning: unused function template 'first_if' [-Wunused-template]
   21 | static int64_t first_if(Iterator begin, Iterator end, Predicate &&predicate)
      |                ^~~~~~~~
1 warning generated.
[124/441] Building CXX object source/blender/editors/transform/CMakeFiles/bf_editor_transform.dir/transform_snap.cc.o
In file included from /Users/paws/blender-web/upstream/source/blender/editors/transform/transform_snap.cc:9:
In file included from /Users/paws/blender-web/upstream/source/blender/blenlib/BLI_bounds.hh:14:
In file included from /Users/paws/blender-web/upstream/source/blender/blenlib/BLI_index_mask.hh:24:
In file included from /Users/paws/blender-web/upstream/source/blender/blenlib/BLI_unique_sorted_indices.hh:29:
/Users/paws/blender-web/upstream/source/blender/blenlib/BLI_binary_search.hh:21:16: warning: unused function template 'first_if' [-Wunused-template]
   21 | static int64_t first_if(Iterator begin, Iterator end, Predicate &&predicate)
      |                ^~~~~~~~
1 warning generated.
[125/441] Linking CXX static library lib/libbf_editor_space_view3d.a
[126/441] Building CXX object source/blender/editors/screen/CMakeFiles/bf_editor_screen.dir/glutil.cc.o
In file included from /Users/paws/blender-web/upstream/source/blender/editors/screen/glutil.cc:19:
In file included from /Users/paws/blender-web/upstream/source/blender/gpu/GPU_immediate.hh:13:
In file included from /Users/paws/blender-web/upstream/source/blender/gpu/GPU_batch.hh:26:
In file included from /Users/paws/blender-web/upstream/source/blender/gpu/GPU_storage_buffer.hh:18:
In file included from /Users/paws/blender-web/upstream/source/blender/gpu/GPU_vertex_buffer.hh:16:
In file included from /Users/paws/blender-web/upstream/source/blender/blenlib/BLI_virtual_array.hh:34:
In file included from /Users/paws/blender-web/upstream/source/blender/blenlib/BLI_index_mask.hh:24:
In file included from /Users/paws/blender-web/upstream/source/blender/blenlib/BLI_unique_sorted_indices.hh:29:
/Users/paws/blender-web/upstream/source/blender/blenlib/BLI_binary_search.hh:21:16: warning: unused function template 'first_if' [-Wunused-template]
   21 | static int64_t first_if(Iterator begin, Iterator end, Predicate &&predicate)
      |                ^~~~~~~~
1 warning generated.
[127/441] Building CXX object source/blender/editors/util/CMakeFiles/bf_editor_util.dir/ed_util_imbuf.cc.o
In file included from /Users/paws/blender-web/upstream/source/blender/editors/util/ed_util_imbuf.cc:25:
In file included from /Users/paws/blender-web/upstream/source/blender/gpu/GPU_immediate.hh:13:
In file included from /Users/paws/blender-web/upstream/source/blender/gpu/GPU_batch.hh:26:
In file included from /Users/paws/blender-web/upstream/source/blender/gpu/GPU_storage_buffer.hh:18:
In file included from /Users/paws/blender-web/upstream/source/blender/gpu/GPU_vertex_buffer.hh:16:
In file included from /Users/paws/blender-web/upstream/source/blender/blenlib/BLI_virtual_array.hh:34:
In file included from /Users/paws/blender-web/upstream/source/blender/blenlib/BLI_index_mask.hh:24:
In file included from /Users/paws/blender-web/upstream/source/blender/blenlib/BLI_unique_sorted_indices.hh:29:
/Users/paws/blender-web/upstream/source/blender/blenlib/BLI_binary_search.hh:21:16: warning: unused function template 'first_if' [-Wunused-template]
   21 | static int64_t first_if(Iterator begin, Iterator end, Predicate &&predicate)
      |                ^~~~~~~~
1 warning generated.
[128/441] Linking CXX static library lib/libbf_editor_transform.a
[129/441] Building CXX object source/blender/editors/uvedit/CMakeFiles/bf_editor_uvedit.dir/uvedit_smart_stitch.cc.o
In file included from /Users/paws/blender-web/upstream/source/blender/editors/uvedit/uvedit_smart_stitch.cc:29:
In file included from /Users/paws/blender-web/upstream/source/blender/blenkernel/BKE_customdata.hh:14:
In file included from /Users/paws/blender-web/upstream/source/blender/blenlib/BLI_generic_virtual_array.hh:16:
In file included from /Users/paws/blender-web/upstream/source/blender/blenlib/BLI_virtual_array.hh:34:
In file included from /Users/paws/blender-web/upstream/source/blender/blenlib/BLI_index_mask.hh:24:
In file included from /Users/paws/blender-web/upstream/source/blender/blenlib/BLI_unique_sorted_indices.hh:29:
/Users/paws/blender-web/upstream/source/blender/blenlib/BLI_binary_search.hh:21:16: warning: unused function template 'first_if' [-Wunused-template]
   21 | static int64_t first_if(Iterator begin, Iterator end, Predicate &&predicate)
      |                ^~~~~~~~
1 warning generated.
[130/441] Building CXX object source/blender/editors/screen/CMakeFiles/bf_editor_screen.dir/screen_draw.cc.o
In file included from /Users/paws/blender-web/upstream/source/blender/editors/screen/screen_draw.cc:13:
In file included from /Users/paws/blender-web/upstream/source/blender/gpu/GPU_immediate.hh:13:
In file included from /Users/paws/blender-web/upstream/source/blender/gpu/GPU_batch.hh:26:
In file included from /Users/paws/blender-web/upstream/source/blender/gpu/GPU_storage_buffer.hh:18:
In file included from /Users/paws/blender-web/upstream/source/blender/gpu/GPU_vertex_buffer.hh:16:
In file included from /Users/paws/blender-web/upstream/source/blender/blenlib/BLI_virtual_array.hh:34:
In file included from /Users/paws/blender-web/upstream/source/blender/blenlib/BLI_index_mask.hh:24:
In file included from /Users/paws/blender-web/upstream/source/blender/blenlib/BLI_unique_sorted_indices.hh:29:
/Users/paws/blender-web/upstream/source/blender/blenlib/BLI_binary_search.hh:21:16: warning: unused function template 'first_if' [-Wunused-template]
   21 | static int64_t first_if(Iterator begin, Iterator end, Predicate &&predicate)
      |                ^~~~~~~~
1 warning generated.
[131/441] Building CXX object source/blender/windowmanager/CMakeFiles/bf_windowmanager.dir/intern/wm_gesture.cc.o
In file included from /Users/paws/blender-web/upstream/source/blender/windowmanager/intern/wm_gesture.cc:30:
In file included from /Users/paws/blender-web/upstream/source/blender/gpu/GPU_immediate.hh:13:
In file included from /Users/paws/blender-web/upstream/source/blender/gpu/GPU_batch.hh:26:
In file included from /Users/paws/blender-web/upstream/source/blender/gpu/GPU_storage_buffer.hh:18:
In file included from /Users/paws/blender-web/upstream/source/blender/gpu/GPU_vertex_buffer.hh:16:
In file included from /Users/paws/blender-web/upstream/source/blender/blenlib/BLI_virtual_array.hh:34:
In file included from /Users/paws/blender-web/upstream/source/blender/blenlib/BLI_index_mask.hh:24:
In file included from /Users/paws/blender-web/upstream/source/blender/blenlib/BLI_unique_sorted_indices.hh:29:
/Users/paws/blender-web/upstream/source/blender/blenlib/BLI_binary_search.hh:21:16: warning: unused function template 'first_if' [-Wunused-template]
   21 | static int64_t first_if(Iterator begin, Iterator end, Predicate &&predicate)
      |                ^~~~~~~~
1 warning generated.
[132/441] Building CXX object source/blender/editors/screen/CMakeFiles/bf_editor_screen.dir/area.cc.o
In file included from /Users/paws/blender-web/upstream/source/blender/editors/screen/area.cc:47:
In file included from /Users/paws/blender-web/upstream/source/blender/gpu/GPU_immediate.hh:13:
In file included from /Users/paws/blender-web/upstream/source/blender/gpu/GPU_batch.hh:26:
In file included from /Users/paws/blender-web/upstream/source/blender/gpu/GPU_storage_buffer.hh:18:
In file included from /Users/paws/blender-web/upstream/source/blender/gpu/GPU_vertex_buffer.hh:16:
In file included from /Users/paws/blender-web/upstream/source/blender/blenlib/BLI_virtual_array.hh:34:
In file included from /Users/paws/blender-web/upstream/source/blender/blenlib/BLI_index_mask.hh:24:
In file included from /Users/paws/blender-web/upstream/source/blender/blenlib/BLI_unique_sorted_indices.hh:29:
/Users/paws/blender-web/upstream/source/blender/blenlib/BLI_binary_search.hh:21:16: warning: unused function template 'first_if' [-Wunused-template]
   21 | static int64_t first_if(Iterator begin, Iterator end, Predicate &&predicate)
      |                ^~~~~~~~
1 warning generated.
[133/441] Linking CXX static library lib/libbf_editor_util.a
[134/441] Building CXX object source/blender/windowmanager/CMakeFiles/bf_windowmanager.dir/intern/wm_dragdrop.cc.o
In file included from /Users/paws/blender-web/upstream/source/blender/windowmanager/intern/wm_dragdrop.cc:40:
/Users/paws/blender-web/upstream/source/blender/blenkernel/BKE_node_tree_interface.hh:60:34: warning: unused function template 'item_is_type' [-Wunused-template]
   60 | template<typename T> static bool item_is_type(const bNodeTreeInterfaceItem &item)
      |                                  ^~~~~~~~~~~~
1 warning generated.
[135/441] Building CXX object source/blender/windowmanager/CMakeFiles/bf_windowmanager.dir/intern/wm_playanim.cc.o
In file included from /Users/paws/blender-web/upstream/source/blender/windowmanager/intern/wm_playanim.cc:59:
In file included from /Users/paws/blender-web/upstream/source/blender/gpu/GPU_immediate.hh:13:
In file included from /Users/paws/blender-web/upstream/source/blender/gpu/GPU_batch.hh:26:
In file included from /Users/paws/blender-web/upstream/source/blender/gpu/GPU_storage_buffer.hh:18:
In file included from /Users/paws/blender-web/upstream/source/blender/gpu/GPU_vertex_buffer.hh:16:
In file included from /Users/paws/blender-web/upstream/source/blender/blenlib/BLI_virtual_array.hh:34:
In file included from /Users/paws/blender-web/upstream/source/blender/blenlib/BLI_index_mask.hh:24:
In file included from /Users/paws/blender-web/upstream/source/blender/blenlib/BLI_unique_sorted_indices.hh:29:
/Users/paws/blender-web/upstream/source/blender/blenlib/BLI_binary_search.hh:21:16: warning: unused function template 'first_if' [-Wunused-template]
   21 | static int64_t first_if(Iterator begin, Iterator end, Predicate &&predicate)
      |                ^~~~~~~~
1 warning generated.
[136/441] Building CXX object source/blender/blenkernel/CMakeFiles/bf_blenkernel.dir/intern/anim_visualization.cc.o
In file included from /Users/paws/blender-web/upstream/source/blender/blenkernel/intern/anim_visualization.cc:18:
In file included from /Users/paws/blender-web/upstream/source/blender/gpu/GPU_batch.hh:26:
In file included from /Users/paws/blender-web/upstream/source/blender/gpu/GPU_storage_buffer.hh:18:
In file included from /Users/paws/blender-web/upstream/source/blender/gpu/GPU_vertex_buffer.hh:16:
In file included from /Users/paws/blender-web/upstream/source/blender/blenlib/BLI_virtual_array.hh:34:
In file included from /Users/paws/blender-web/upstream/source/blender/blenlib/BLI_index_mask.hh:24:
In file included from /Users/paws/blender-web/upstream/source/blender/blenlib/BLI_unique_sorted_indices.hh:29:
/Users/paws/blender-web/upstream/source/blender/blenlib/BLI_binary_search.hh:21:16: warning: unused function template 'first_if' [-Wunused-template]
   21 | static int64_t first_if(Iterator begin, Iterator end, Predicate &&predicate)
      |                ^~~~~~~~
1 warning generated.
[137/441] Linking CXX static library lib/libbf_editor_uvedit.a
[138/441] Building CXX object source/blender/windowmanager/CMakeFiles/bf_windowmanager.dir/intern/wm_draw.cc.o
In file included from /Users/paws/blender-web/upstream/source/blender/windowmanager/intern/wm_draw.cc:36:
In file included from /Users/paws/blender-web/upstream/source/blender/blenkernel/BKE_scene.hh:13:
In file included from /Users/paws/blender-web/upstream/source/blender/blenkernel/BKE_duplilist.hh:13:
In file included from /Users/paws/blender-web/upstream/source/blender/blenkernel/BKE_geometry_set.hh:22:
In file included from /Users/paws/blender-web/upstream/source/blender/blenkernel/BKE_attribute.hh:16:
In file included from /Users/paws/blender-web/upstream/source/blender/blenlib/BLI_generic_virtual_array.hh:16:
In file included from /Users/paws/blender-web/upstream/source/blender/blenlib/BLI_virtual_array.hh:34:
In file included from /Users/paws/blender-web/upstream/source/blender/blenlib/BLI_index_mask.hh:24:
In file included from /Users/paws/blender-web/upstream/source/blender/blenlib/BLI_unique_sorted_indices.hh:29:
/Users/paws/blender-web/upstream/source/blender/blenlib/BLI_binary_search.hh:21:16: warning: unused function template 'first_if' [-Wunused-template]
   21 | static int64_t first_if(Iterator begin, Iterator end, Predicate &&predicate)
      |                ^~~~~~~~
1 warning generated.
[139/441] Building CXX object source/blender/windowmanager/CMakeFiles/bf_windowmanager.dir/intern/wm_init_exit.cc.o
In file included from /Users/paws/blender-web/upstream/source/blender/windowmanager/intern/wm_init_exit.cc:49:
In file included from /Users/paws/blender-web/upstream/source/blender/blenkernel/BKE_scene.hh:13:
In file included from /Users/paws/blender-web/upstream/source/blender/blenkernel/BKE_duplilist.hh:13:
In file included from /Users/paws/blender-web/upstream/source/blender/blenkernel/BKE_geometry_set.hh:22:
In file included from /Users/paws/blender-web/upstream/source/blender/blenkernel/BKE_attribute.hh:16:
In file included from /Users/paws/blender-web/upstream/source/blender/blenlib/BLI_generic_virtual_array.hh:16:
In file included from /Users/paws/blender-web/upstream/source/blender/blenlib/BLI_virtual_array.hh:34:
In file included from /Users/paws/blender-web/upstream/source/blender/blenlib/BLI_index_mask.hh:24:
In file included from /Users/paws/blender-web/upstream/source/blender/blenlib/BLI_unique_sorted_indices.hh:29:
/Users/paws/blender-web/upstream/source/blender/blenlib/BLI_binary_search.hh:21:16: warning: unused function template 'first_if' [-Wunused-template]
   21 | static int64_t first_if(Iterator begin, Iterator end, Predicate &&predicate)
      |                ^~~~~~~~
1 warning generated.
[140/441] Linking CXX static library lib/libbf_editor_screen.a
[141/441] Building CXX object source/blender/windowmanager/CMakeFiles/bf_windowmanager.dir/intern/wm_stereo.cc.o
In file included from /Users/paws/blender-web/upstream/source/blender/windowmanager/intern/wm_stereo.cc:31:
In file included from /Users/paws/blender-web/upstream/source/blender/gpu/GPU_immediate.hh:13:
In file included from /Users/paws/blender-web/upstream/source/blender/gpu/GPU_batch.hh:26:
In file included from /Users/paws/blender-web/upstream/source/blender/gpu/GPU_storage_buffer.hh:18:
In file included from /Users/paws/blender-web/upstream/source/blender/gpu/GPU_vertex_buffer.hh:16:
In file included from /Users/paws/blender-web/upstream/source/blender/blenlib/BLI_virtual_array.hh:34:
In file included from /Users/paws/blender-web/upstream/source/blender/blenlib/BLI_index_mask.hh:24:
In file included from /Users/paws/blender-web/upstream/source/blender/blenlib/BLI_unique_sorted_indices.hh:29:
/Users/paws/blender-web/upstream/source/blender/blenlib/BLI_binary_search.hh:21:16: warning: unused function template 'first_if' [-Wunused-template]
   21 | static int64_t first_if(Iterator begin, Iterator end, Predicate &&predicate)
      |                ^~~~~~~~
1 warning generated.
[142/441] Building CXX object source/blender/windowmanager/CMakeFiles/bf_windowmanager.dir/intern/wm_operators.cc.o
In file included from /Users/paws/blender-web/upstream/source/blender/windowmanager/intern/wm_operators.cc:69:
In file included from /Users/paws/blender-web/upstream/source/blender/blenkernel/BKE_scene.hh:13:
In file included from /Users/paws/blender-web/upstream/source/blender/blenkernel/BKE_duplilist.hh:13:
In file included from /Users/paws/blender-web/upstream/source/blender/blenkernel/BKE_geometry_set.hh:22:
In file included from /Users/paws/blender-web/upstream/source/blender/blenkernel/BKE_attribute.hh:16:
In file included from /Users/paws/blender-web/upstream/source/blender/blenlib/BLI_generic_virtual_array.hh:16:
In file included from /Users/paws/blender-web/upstream/source/blender/blenlib/BLI_virtual_array.hh:34:
In file included from /Users/paws/blender-web/upstream/source/blender/blenlib/BLI_index_mask.hh:24:
In file included from /Users/paws/blender-web/upstream/source/blender/blenlib/BLI_unique_sorted_indices.hh:29:
/Users/paws/blender-web/upstream/source/blender/blenlib/BLI_binary_search.hh:21:16: warning: unused function template 'first_if' [-Wunused-template]
   21 | static int64_t first_if(Iterator begin, Iterator end, Predicate &&predicate)
      |                ^~~~~~~~
1 warning generated.
[143/441] Building CXX object source/blender/blenkernel/CMakeFiles/bf_blenkernel.dir/intern/world.cc.o
[144/441] Building CXX object source/blender/draw/CMakeFiles/bf_draw.dir/intern/draw_cache.cc.o
In file included from /Users/paws/blender-web/upstream/source/blender/draw/intern/draw_cache.cc:26:
In file included from /Users/paws/blender-web/upstream/source/blender/blenkernel/BKE_attribute.hh:16:
In file included from /Users/paws/blender-web/upstream/source/blender/blenlib/BLI_generic_virtual_array.hh:16:
In file included from /Users/paws/blender-web/upstream/source/blender/blenlib/BLI_virtual_array.hh:34:
In file included from /Users/paws/blender-web/upstream/source/blender/blenlib/BLI_index_mask.hh:24:
In file included from /Users/paws/blender-web/upstream/source/blender/blenlib/BLI_unique_sorted_indices.hh:29:
/Users/paws/blender-web/upstream/source/blender/blenlib/BLI_binary_search.hh:21:16: warning: unused function template 'first_if' [-Wunused-template]
   21 | static int64_t first_if(Iterator begin, Iterator end, Predicate &&predicate)
      |                ^~~~~~~~
1 warning generated.
[145/441] Building CXX object source/blender/draw/CMakeFiles/bf_draw.dir/intern/mesh_extractors/extract_mesh.cc.o
In file included from /Users/paws/blender-web/upstream/source/blender/draw/intern/mesh_extractors/extract_mesh.cc:13:
In file included from /Users/paws/blender-web/upstream/source/blender/editors/include/ED_uvedit.hh:16:
In file included from /Users/paws/blender-web/upstream/source/blender/blenkernel/BKE_customdata.hh:14:
In file included from /Users/paws/blender-web/upstream/source/blender/blenlib/BLI_generic_virtual_array.hh:16:
In file included from /Users/paws/blender-web/upstream/source/blender/blenlib/BLI_virtual_array.hh:34:
In file included from /Users/paws/blender-web/upstream/source/blender/blenlib/BLI_index_mask.hh:24:
In file included from /Users/paws/blender-web/upstream/source/blender/blenlib/BLI_unique_sorted_indices.hh:29:
/Users/paws/blender-web/upstream/source/blender/blenlib/BLI_binary_search.hh:21:16: warning: unused function template 'first_if' [-Wunused-template]
   21 | static int64_t first_if(Iterator begin, Iterator end, Predicate &&predicate)
      |                ^~~~~~~~
1 warning generated.
[146/441] Linking CXX static library lib/libbf_windowmanager.a
[147/441] Building CXX object source/blender/draw/CMakeFiles/bf_draw.dir/intern/mesh_extractors/extract_mesh_ibo_fdots.cc.o
In file included from /Users/paws/blender-web/upstream/source/blender/draw/intern/mesh_extractors/extract_mesh_ibo_fdots.cc:11:
In file included from /Users/paws/blender-web/upstream/source/blender/draw/intern/mesh_extractors/extract_mesh.hh:16:
In file included from /Users/paws/blender-web/upstream/source/blender/blenlib/BLI_virtual_array.hh:34:
In file included from /Users/paws/blender-web/upstream/source/blender/blenlib/BLI_index_mask.hh:24:
In file included from /Users/paws/blender-web/upstream/source/blender/blenlib/BLI_unique_sorted_indices.hh:29:
/Users/paws/blender-web/upstream/source/blender/blenlib/BLI_binary_search.hh:21:16: warning: unused function template 'first_if' [-Wunused-template]
   21 | static int64_t first_if(Iterator begin, Iterator end, Predicate &&predicate)
      |                ^~~~~~~~
1 warning generated.
[148/441] Building CXX object source/blender/draw/CMakeFiles/bf_draw.dir/intern/draw_cache_extract_mesh.cc.o
In file included from /Users/paws/blender-web/upstream/source/blender/draw/intern/draw_cache_extract_mesh.cc:11:
In file included from /Users/paws/blender-web/upstream/source/blender/blenkernel/BKE_attribute.hh:16:
In file included from /Users/paws/blender-web/upstream/source/blender/blenlib/BLI_generic_virtual_array.hh:16:
In file included from /Users/paws/blender-web/upstream/source/blender/blenlib/BLI_virtual_array.hh:34:
In file included from /Users/paws/blender-web/upstream/source/blender/blenlib/BLI_index_mask.hh:24:
In file included from /Users/paws/blender-web/upstream/source/blender/blenlib/BLI_unique_sorted_indices.hh:29:
/Users/paws/blender-web/upstream/source/blender/blenlib/BLI_binary_search.hh:21:16: warning: unused function template 'first_if' [-Wunused-template]
   21 | static int64_t first_if(Iterator begin, Iterator end, Predicate &&predicate)
      |                ^~~~~~~~
1 warning generated.
[149/441] Building CXX object source/blender/draw/CMakeFiles/bf_draw.dir/intern/mesh_extractors/extract_mesh_ibo_edituv.cc.o
In file included from /Users/paws/blender-web/upstream/source/blender/draw/intern/mesh_extractors/extract_mesh_ibo_edituv.cc:9:
In file included from /Users/paws/blender-web/upstream/source/blender/blenkernel/BKE_editmesh.hh:20:
In file included from /Users/paws/blender-web/upstream/source/blender/bmesh/bmesh.hh:187:
In file included from /Users/paws/blender-web/upstream/source/blender/bmesh/intern/bmesh_construct.hh:12:
In file included from /Users/paws/blender-web/upstream/source/blender/bmesh/intern/bmesh_core.hh:13:
In file included from /Users/paws/blender-web/upstream/source/blender/blenkernel/BKE_customdata.hh:14:
In file included from /Users/paws/blender-web/upstream/source/blender/blenlib/BLI_generic_virtual_array.hh:16:
In file included from /Users/paws/blender-web/upstream/source/blender/blenlib/BLI_virtual_array.hh:34:
In file included from /Users/paws/blender-web/upstream/source/blender/blenlib/BLI_index_mask.hh:24:
In file included from /Users/paws/blender-web/upstream/source/blender/blenlib/BLI_unique_sorted_indices.hh:29:
/Users/paws/blender-web/upstream/source/blender/blenlib/BLI_binary_search.hh:21:16: warning: unused function template 'first_if' [-Wunused-template]
   21 | static int64_t first_if(Iterator begin, Iterator end, Predicate &&predicate)
      |                ^~~~~~~~
1 warning generated.
[150/441] Building CXX object source/blender/draw/CMakeFiles/bf_draw.dir/intern/draw_cache_extract_mesh_render_data.cc.o
In file included from /Users/paws/blender-web/upstream/source/blender/draw/intern/draw_cache_extract_mesh_render_data.cc:12:
In file included from /Users/paws/blender-web/upstream/source/blender/blenlib/BLI_array_utils.hh:15:
In file included from /Users/paws/blender-web/upstream/source/blender/blenlib/BLI_generic_virtual_array.hh:16:
In file included from /Users/paws/blender-web/upstream/source/blender/blenlib/BLI_virtual_array.hh:34:
In file included from /Users/paws/blender-web/upstream/source/blender/blenlib/BLI_index_mask.hh:24:
In file included from /Users/paws/blender-web/upstream/source/blender/blenlib/BLI_unique_sorted_indices.hh:29:
/Users/paws/blender-web/upstream/source/blender/blenlib/BLI_binary_search.hh:21:16: warning: unused function template 'first_if' [-Wunused-template]
   21 | static int64_t first_if(Iterator begin, Iterator end, Predicate &&predicate)
      |                ^~~~~~~~
1 warning generated.
[151/441] Building CXX object source/blender/blenkernel/CMakeFiles/bf_blenkernel.dir/intern/material.cc.o
In file included from /Users/paws/blender-web/upstream/source/blender/blenkernel/intern/material.cc:48:
In file included from /Users/paws/blender-web/upstream/source/blender/blenkernel/BKE_attribute.hh:16:
In file included from /Users/paws/blender-web/upstream/source/blender/blenlib/BLI_generic_virtual_array.hh:16:
In file included from /Users/paws/blender-web/upstream/source/blender/blenlib/BLI_virtual_array.hh:34:
In file included from /Users/paws/blender-web/upstream/source/blender/blenlib/BLI_index_mask.hh:24:
In file included from /Users/paws/blender-web/upstream/source/blender/blenlib/BLI_unique_sorted_indices.hh:29:
/Users/paws/blender-web/upstream/source/blender/blenlib/BLI_binary_search.hh:21:16: warning: unused function template 'first_if' [-Wunused-template]
   21 | static int64_t first_if(Iterator begin, Iterator end, Predicate &&predicate)
      |                ^~~~~~~~
In file included from /Users/paws/blender-web/upstream/source/blender/blenkernel/intern/material.cc:65:
In file included from /Users/paws/blender-web/upstream/source/blender/blenkernel/BKE_node_runtime.hh:26:
/Users/paws/blender-web/upstream/source/blender/blenkernel/BKE_node_tree_interface.hh:60:34: warning: unused function template 'item_is_type' [-Wunused-template]
   60 | template<typename T> static bool item_is_type(const bNodeTreeInterfaceItem &item)
      |                                  ^~~~~~~~~~~~
2 warnings generated.
[152/441] Building CXX object source/blender/draw/CMakeFiles/bf_draw.dir/intern/mesh_extractors/extract_mesh_ibo_lines.cc.o
In file included from /Users/paws/blender-web/upstream/source/blender/draw/intern/mesh_extractors/extract_mesh_ibo_lines.cc:9:
In file included from /Users/paws/blender-web/upstream/source/blender/blenlib/BLI_array_utils.hh:15:
In file included from /Users/paws/blender-web/upstream/source/blender/blenlib/BLI_generic_virtual_array.hh:16:
In file included from /Users/paws/blender-web/upstream/source/blender/blenlib/BLI_virtual_array.hh:34:
In file included from /Users/paws/blender-web/upstream/source/blender/blenlib/BLI_index_mask.hh:24:
In file included from /Users/paws/blender-web/upstream/source/blender/blenlib/BLI_unique_sorted_indices.hh:29:
/Users/paws/blender-web/upstream/source/blender/blenlib/BLI_binary_search.hh:21:16: warning: unused function template 'first_if' [-Wunused-template]
   21 | static int64_t first_if(Iterator begin, Iterator end, Predicate &&predicate)
      |                ^~~~~~~~
1 warning generated.
[153/441] Building CXX object source/blender/draw/CMakeFiles/bf_draw.dir/intern/mesh_extractors/extract_mesh_ibo_lines_adjacency.cc.o
In file included from /Users/paws/blender-web/upstream/source/blender/draw/intern/mesh_extractors/extract_mesh_ibo_lines_adjacency.cc:14:
In file included from /Users/paws/blender-web/upstream/source/blender/blenkernel/BKE_editmesh.hh:20:
In file included from /Users/paws/blender-web/upstream/source/blender/bmesh/bmesh.hh:187:
In file included from /Users/paws/blender-web/upstream/source/blender/bmesh/intern/bmesh_construct.hh:12:
In file included from /Users/paws/blender-web/upstream/source/blender/bmesh/intern/bmesh_core.hh:13:
In file included from /Users/paws/blender-web/upstream/source/blender/blenkernel/BKE_customdata.hh:14:
In file included from /Users/paws/blender-web/upstream/source/blender/blenlib/BLI_generic_virtual_array.hh:16:
In file included from /Users/paws/blender-web/upstream/source/blender/blenlib/BLI_virtual_array.hh:34:
In file included from /Users/paws/blender-web/upstream/source/blender/blenlib/BLI_index_mask.hh:24:
In file included from /Users/paws/blender-web/upstream/source/blender/blenlib/BLI_unique_sorted_indices.hh:29:
/Users/paws/blender-web/upstream/source/blender/blenlib/BLI_binary_search.hh:21:16: warning: unused function template 'first_if' [-Wunused-template]
   21 | static int64_t first_if(Iterator begin, Iterator end, Predicate &&predicate)
      |                ^~~~~~~~
1 warning generated.
[154/441] Building CXX object source/blender/draw/CMakeFiles/bf_draw.dir/intern/mesh_extractors/extract_mesh_ibo_lines_paint_mask.cc.o
In file included from /Users/paws/blender-web/upstream/source/blender/draw/intern/mesh_extractors/extract_mesh_ibo_lines_paint_mask.cc:16:
In file included from /Users/paws/blender-web/upstream/source/blender/draw/intern/draw_subdivision.hh:13:
In file included from /Users/paws/blender-web/upstream/source/blender/draw/intern/mesh_extractors/extract_mesh.hh:16:
In file included from /Users/paws/blender-web/upstream/source/blender/blenlib/BLI_virtual_array.hh:34:
In file included from /Users/paws/blender-web/upstream/source/blender/blenlib/BLI_index_mask.hh:24:
In file included from /Users/paws/blender-web/upstream/source/blender/blenlib/BLI_unique_sorted_indices.hh:29:
/Users/paws/blender-web/upstream/source/blender/blenlib/BLI_binary_search.hh:21:16: warning: unused function template 'first_if' [-Wunused-template]
   21 | static int64_t first_if(Iterator begin, Iterator end, Predicate &&predicate)
      |                ^~~~~~~~
1 warning generated.
[155/441] Building CXX object source/blender/blenkernel/CMakeFiles/bf_blenkernel.dir/intern/image.cc.o
In file included from /Users/paws/blender-web/upstream/source/blender/blenkernel/intern/image.cc:87:
In file included from /Users/paws/blender-web/upstream/source/blender/blenkernel/BKE_node_runtime.hh:26:
/Users/paws/blender-web/upstream/source/blender/blenkernel/BKE_node_tree_interface.hh:60:34: warning: unused function template 'item_is_type' [-Wunused-template]
   60 | template<typename T> static bool item_is_type(const bNodeTreeInterfaceItem &item)
      |                                  ^~~~~~~~~~~~
In file included from /Users/paws/blender-web/upstream/source/blender/blenkernel/intern/image.cc:92:
In file included from /Users/paws/blender-web/upstream/source/blender/blenkernel/BKE_scene.hh:13:
In file included from /Users/paws/blender-web/upstream/source/blender/blenkernel/BKE_duplilist.hh:13:
In file included from /Users/paws/blender-web/upstream/source/blender/blenkernel/BKE_geometry_set.hh:22:
In file included from /Users/paws/blender-web/upstream/source/blender/blenkernel/BKE_attribute.hh:16:
In file included from /Users/paws/blender-web/upstream/source/blender/blenlib/BLI_generic_virtual_array.hh:16:
In file included from /Users/paws/blender-web/upstream/source/blender/blenlib/BLI_virtual_array.hh:34:
In file included from /Users/paws/blender-web/upstream/source/blender/blenlib/BLI_index_mask.hh:24:
In file included from /Users/paws/blender-web/upstream/source/blender/blenlib/BLI_unique_sorted_indices.hh:29:
/Users/paws/blender-web/upstream/source/blender/blenlib/BLI_binary_search.hh:21:16: warning: unused function template 'first_if' [-Wunused-template]
   21 | static int64_t first_if(Iterator begin, Iterator end, Predicate &&predicate)
      |                ^~~~~~~~
2 warnings generated.
[156/441] Building CXX object source/blender/draw/CMakeFiles/bf_draw.dir/intern/mesh_extractors/extract_mesh_ibo_tris.cc.o
In file included from /Users/paws/blender-web/upstream/source/blender/draw/intern/mesh_extractors/extract_mesh_ibo_tris.cc:9:
In file included from /Users/paws/blender-web/upstream/source/blender/blenkernel/BKE_editmesh.hh:20:
In file included from /Users/paws/blender-web/upstream/source/blender/bmesh/bmesh.hh:187:
In file included from /Users/paws/blender-web/upstream/source/blender/bmesh/intern/bmesh_construct.hh:12:
In file included from /Users/paws/blender-web/upstream/source/blender/bmesh/intern/bmesh_core.hh:13:
In file included from /Users/paws/blender-web/upstream/source/blender/blenkernel/BKE_customdata.hh:14:
In file included from /Users/paws/blender-web/upstream/source/blender/blenlib/BLI_generic_virtual_array.hh:16:
In file included from /Users/paws/blender-web/upstream/source/blender/blenlib/BLI_virtual_array.hh:34:
In file included from /Users/paws/blender-web/upstream/source/blender/blenlib/BLI_index_mask.hh:24:
In file included from /Users/paws/blender-web/upstream/source/blender/blenlib/BLI_unique_sorted_indices.hh:29:
/Users/paws/blender-web/upstream/source/blender/blenlib/BLI_binary_search.hh:21:16: warning: unused function template 'first_if' [-Wunused-template]
   21 | static int64_t first_if(Iterator begin, Iterator end, Predicate &&predicate)
      |                ^~~~~~~~
1 warning generated.
[157/441] Building CXX object source/blender/draw/CMakeFiles/bf_draw.dir/intern/mesh_extractors/extract_mesh_ibo_points.cc.o
In file included from /Users/paws/blender-web/upstream/source/blender/draw/intern/mesh_extractors/extract_mesh_ibo_points.cc:11:
In file included from /Users/paws/blender-web/upstream/source/blender/draw/intern/draw_subdivision.hh:13:
In file included from /Users/paws/blender-web/upstream/source/blender/draw/intern/mesh_extractors/extract_mesh.hh:16:
In file included from /Users/paws/blender-web/upstream/source/blender/blenlib/BLI_virtual_array.hh:34:
In file included from /Users/paws/blender-web/upstream/source/blender/blenlib/BLI_index_mask.hh:24:
In file included from /Users/paws/blender-web/upstream/source/blender/blenlib/BLI_unique_sorted_indices.hh:29:
/Users/paws/blender-web/upstream/source/blender/blenlib/BLI_binary_search.hh:21:16: warning: unused function template 'first_if' [-Wunused-template]
   21 | static int64_t first_if(Iterator begin, Iterator end, Predicate &&predicate)
      |                ^~~~~~~~
1 warning generated.
[158/441] Building CXX object source/blender/draw/CMakeFiles/bf_draw.dir/intern/mesh_extractors/extract_mesh_vbo_edge_fac.cc.o
In file included from /Users/paws/blender-web/upstream/source/blender/draw/intern/mesh_extractors/extract_mesh_vbo_edge_fac.cc:13:
In file included from /Users/paws/blender-web/upstream/source/blender/draw/intern/draw_subdivision.hh:13:
In file included from /Users/paws/blender-web/upstream/source/blender/draw/intern/mesh_extractors/extract_mesh.hh:16:
In file included from /Users/paws/blender-web/upstream/source/blender/blenlib/BLI_virtual_array.hh:34:
In file included from /Users/paws/blender-web/upstream/source/blender/blenlib/BLI_index_mask.hh:24:
In file included from /Users/paws/blender-web/upstream/source/blender/blenlib/BLI_unique_sorted_indices.hh:29:
/Users/paws/blender-web/upstream/source/blender/blenlib/BLI_binary_search.hh:21:16: warning: unused function template 'first_if' [-Wunused-template]
   21 | static int64_t first_if(Iterator begin, Iterator end, Predicate &&predicate)
      |                ^~~~~~~~
1 warning generated.
[159/441] Building CXX object source/blender/draw/CMakeFiles/bf_draw.dir/intern/mesh_extractors/extract_mesh_vbo_edituv_data.cc.o
In file included from /Users/paws/blender-web/upstream/source/blender/draw/intern/mesh_extractors/extract_mesh_vbo_edituv_data.cc:9:
In file included from /Users/paws/blender-web/upstream/source/blender/blenkernel/BKE_mesh.hh:17:
In file included from /Users/paws/blender-web/upstream/source/blender/blenkernel/BKE_mesh_types.hh:18:
In file included from /Users/paws/blender-web/upstream/source/blender/blenlib/BLI_index_mask.hh:24:
In file included from /Users/paws/blender-web/upstream/source/blender/blenlib/BLI_unique_sorted_indices.hh:29:
/Users/paws/blender-web/upstream/source/blender/blenlib/BLI_binary_search.hh:21:16: warning: unused function template 'first_if' [-Wunused-template]
   21 | static int64_t first_if(Iterator begin, Iterator end, Predicate &&predicate)
      |                ^~~~~~~~
1 warning generated.
[160/441] Building CXX object source/blender/draw/CMakeFiles/bf_draw.dir/intern/mesh_extractors/extract_mesh_vbo_edit_data.cc.o
In file included from /Users/paws/blender-web/upstream/source/blender/draw/intern/mesh_extractors/extract_mesh_vbo_edit_data.cc:11:
In file included from /Users/paws/blender-web/upstream/source/blender/draw/intern/mesh_extractors/extract_mesh.hh:16:
In file included from /Users/paws/blender-web/upstream/source/blender/blenlib/BLI_virtual_array.hh:34:
In file included from /Users/paws/blender-web/upstream/source/blender/blenlib/BLI_index_mask.hh:24:
In file included from /Users/paws/blender-web/upstream/source/blender/blenlib/BLI_unique_sorted_indices.hh:29:
/Users/paws/blender-web/upstream/source/blender/blenlib/BLI_binary_search.hh:21:16: warning: unused function template 'first_if' [-Wunused-template]
   21 | static int64_t first_if(Iterator begin, Iterator end, Predicate &&predicate)
      |                ^~~~~~~~
1 warning generated.
[161/441] Building CXX object source/blender/draw/CMakeFiles/bf_draw.dir/intern/mesh_extractors/extract_mesh_vbo_edituv_stretch_angle.cc.o
In file included from /Users/paws/blender-web/upstream/source/blender/draw/intern/mesh_extractors/extract_mesh_vbo_edituv_stretch_angle.cc:11:
In file included from /Users/paws/blender-web/upstream/source/blender/blenkernel/BKE_attribute.hh:16:
In file included from /Users/paws/blender-web/upstream/source/blender/blenlib/BLI_generic_virtual_array.hh:16:
In file included from /Users/paws/blender-web/upstream/source/blender/blenlib/BLI_virtual_array.hh:34:
In file included from /Users/paws/blender-web/upstream/source/blender/blenlib/BLI_index_mask.hh:24:
In file included from /Users/paws/blender-web/upstream/source/blender/blenlib/BLI_unique_sorted_indices.hh:29:
/Users/paws/blender-web/upstream/source/blender/blenlib/BLI_binary_search.hh:21:16: warning: unused function template 'first_if' [-Wunused-template]
   21 | static int64_t first_if(Iterator begin, Iterator end, Predicate &&predicate)
      |                ^~~~~~~~
1 warning generated.
[162/441] Linking CXX static library lib/libbf_blenkernel.a
[163/441] Building CXX object source/blender/draw/CMakeFiles/bf_draw.dir/intern/mesh_extractors/extract_mesh_vbo_edituv_stretch_area.cc.o
In file included from /Users/paws/blender-web/upstream/source/blender/draw/intern/mesh_extractors/extract_mesh_vbo_edituv_stretch_area.cc:12:
In file included from /Users/paws/blender-web/upstream/source/blender/blenkernel/BKE_attribute.hh:16:
In file included from /Users/paws/blender-web/upstream/source/blender/blenlib/BLI_generic_virtual_array.hh:16:
In file included from /Users/paws/blender-web/upstream/source/blender/blenlib/BLI_virtual_array.hh:34:
In file included from /Users/paws/blender-web/upstream/source/blender/blenlib/BLI_index_mask.hh:24:
In file included from /Users/paws/blender-web/upstream/source/blender/blenlib/BLI_unique_sorted_indices.hh:29:
/Users/paws/blender-web/upstream/source/blender/blenlib/BLI_binary_search.hh:21:16: warning: unused function template 'first_if' [-Wunused-template]
   21 | static int64_t first_if(Iterator begin, Iterator end, Predicate &&predicate)
      |                ^~~~~~~~
1 warning generated.
[164/441] Building CXX object source/blender/draw/CMakeFiles/bf_draw.dir/intern/mesh_extractors/extract_mesh_vbo_fdots_edituv_data.cc.o
In file included from /Users/paws/blender-web/upstream/source/blender/draw/intern/mesh_extractors/extract_mesh_vbo_fdots_edituv_data.cc:9:
In file included from /Users/paws/blender-web/upstream/source/blender/draw/intern/mesh_extractors/extract_mesh.hh:16:
In file included from /Users/paws/blender-web/upstream/source/blender/blenlib/BLI_virtual_array.hh:34:
In file included from /Users/paws/blender-web/upstream/source/blender/blenlib/BLI_index_mask.hh:24:
In file included from /Users/paws/blender-web/upstream/source/blender/blenlib/BLI_unique_sorted_indices.hh:29:
/Users/paws/blender-web/upstream/source/blender/blenlib/BLI_binary_search.hh:21:16: warning: unused function template 'first_if' [-Wunused-template]
   21 | static int64_t first_if(Iterator begin, Iterator end, Predicate &&predicate)
      |                ^~~~~~~~
1 warning generated.
[165/441] Building CXX object source/blender/draw/CMakeFiles/bf_draw.dir/intern/mesh_extractors/extract_mesh_vbo_fdots_nor.cc.o
In file included from /Users/paws/blender-web/upstream/source/blender/draw/intern/mesh_extractors/extract_mesh_vbo_fdots_nor.cc:9:
In file included from /Users/paws/blender-web/upstream/source/blender/draw/intern/mesh_extractors/extract_mesh.hh:16:
In file included from /Users/paws/blender-web/upstream/source/blender/blenlib/BLI_virtual_array.hh:34:
In file included from /Users/paws/blender-web/upstream/source/blender/blenlib/BLI_index_mask.hh:24:
In file included from /Users/paws/blender-web/upstream/source/blender/blenlib/BLI_unique_sorted_indices.hh:29:
/Users/paws/blender-web/upstream/source/blender/blenlib/BLI_binary_search.hh:21:16: warning: unused function template 'first_if' [-Wunused-template]
   21 | static int64_t first_if(Iterator begin, Iterator end, Predicate &&predicate)
      |                ^~~~~~~~
1 warning generated.
[166/441] Building CXX object source/blender/draw/CMakeFiles/bf_draw.dir/intern/mesh_extractors/extract_mesh_vbo_fdots_pos.cc.o
In file included from /Users/paws/blender-web/upstream/source/blender/draw/intern/mesh_extractors/extract_mesh_vbo_fdots_pos.cc:11:
In file included from /Users/paws/blender-web/upstream/source/blender/draw/intern/mesh_extractors/extract_mesh.hh:16:
In file included from /Users/paws/blender-web/upstream/source/blender/blenlib/BLI_virtual_array.hh:34:
In file included from /Users/paws/blender-web/upstream/source/blender/blenlib/BLI_index_mask.hh:24:
In file included from /Users/paws/blender-web/upstream/source/blender/blenlib/BLI_unique_sorted_indices.hh:29:
/Users/paws/blender-web/upstream/source/blender/blenlib/BLI_binary_search.hh:21:16: warning: unused function template 'first_if' [-Wunused-template]
   21 | static int64_t first_if(Iterator begin, Iterator end, Predicate &&predicate)
      |                ^~~~~~~~
1 warning generated.
[167/441] Building CXX object source/blender/draw/CMakeFiles/bf_draw.dir/intern/mesh_extractors/extract_mesh_vbo_fdots_uv.cc.o
In file included from /Users/paws/blender-web/upstream/source/blender/draw/intern/mesh_extractors/extract_mesh_vbo_fdots_uv.cc:9:
In file included from /Users/paws/blender-web/upstream/source/blender/blenkernel/BKE_attribute.hh:16:
In file included from /Users/paws/blender-web/upstream/source/blender/blenlib/BLI_generic_virtual_array.hh:16:
In file included from /Users/paws/blender-web/upstream/source/blender/blenlib/BLI_virtual_array.hh:34:
In file included from /Users/paws/blender-web/upstream/source/blender/blenlib/BLI_index_mask.hh:24:
In file included from /Users/paws/blender-web/upstream/source/blender/blenlib/BLI_unique_sorted_indices.hh:29:
/Users/paws/blender-web/upstream/source/blender/blenlib/BLI_binary_search.hh:21:16: warning: unused function template 'first_if' [-Wunused-template]
   21 | static int64_t first_if(Iterator begin, Iterator end, Predicate &&predicate)
      |                ^~~~~~~~
1 warning generated.
[168/441] Building CXX object source/blender/draw/CMakeFiles/bf_draw.dir/intern/mesh_extractors/extract_mesh_vbo_mesh_analysis.cc.o
In file included from /Users/paws/blender-web/upstream/source/blender/draw/intern/mesh_extractors/extract_mesh_vbo_mesh_analysis.cc:21:
In file included from /Users/paws/blender-web/upstream/source/blender/blenkernel/BKE_editmesh.hh:20:
In file included from /Users/paws/blender-web/upstream/source/blender/bmesh/bmesh.hh:187:
In file included from /Users/paws/blender-web/upstream/source/blender/bmesh/intern/bmesh_construct.hh:12:
In file included from /Users/paws/blender-web/upstream/source/blender/bmesh/intern/bmesh_core.hh:13:
In file included from /Users/paws/blender-web/upstream/source/blender/blenkernel/BKE_customdata.hh:14:
In file included from /Users/paws/blender-web/upstream/source/blender/blenlib/BLI_generic_virtual_array.hh:16:
In file included from /Users/paws/blender-web/upstream/source/blender/blenlib/BLI_virtual_array.hh:34:
In file included from /Users/paws/blender-web/upstream/source/blender/blenlib/BLI_index_mask.hh:24:
In file included from /Users/paws/blender-web/upstream/source/blender/blenlib/BLI_unique_sorted_indices.hh:29:
/Users/paws/blender-web/upstream/source/blender/blenlib/BLI_binary_search.hh:21:16: warning: unused function template 'first_if' [-Wunused-template]
   21 | static int64_t first_if(Iterator begin, Iterator end, Predicate &&predicate)
      |                ^~~~~~~~
1 warning generated.
[169/441] Building CXX object source/blender/draw/CMakeFiles/bf_draw.dir/intern/mesh_extractors/extract_mesh_vbo_lnor.cc.o
In file included from /Users/paws/blender-web/upstream/source/blender/draw/intern/mesh_extractors/extract_mesh_vbo_lnor.cc:9:
In file included from /Users/paws/blender-web/upstream/source/blender/blenlib/BLI_array_utils.hh:15:
In file included from /Users/paws/blender-web/upstream/source/blender/blenlib/BLI_generic_virtual_array.hh:16:
In file included from /Users/paws/blender-web/upstream/source/blender/blenlib/BLI_virtual_array.hh:34:
In file included from /Users/paws/blender-web/upstream/source/blender/blenlib/BLI_index_mask.hh:24:
In file included from /Users/paws/blender-web/upstream/source/blender/blenlib/BLI_unique_sorted_indices.hh:29:
/Users/paws/blender-web/upstream/source/blender/blenlib/BLI_binary_search.hh:21:16: warning: unused function template 'first_if' [-Wunused-template]
   21 | static int64_t first_if(Iterator begin, Iterator end, Predicate &&predicate)
      |                ^~~~~~~~
1 warning generated.
[170/441] Building CXX object source/blender/draw/CMakeFiles/bf_draw.dir/intern/mesh_extractors/extract_mesh_vbo_attributes.cc.o
In file included from /Users/paws/blender-web/upstream/source/blender/draw/intern/mesh_extractors/extract_mesh_vbo_attributes.cc:9:
In file included from /Users/paws/blender-web/upstream/source/blender/blenlib/BLI_array_utils.hh:15:
In file included from /Users/paws/blender-web/upstream/source/blender/blenlib/BLI_generic_virtual_array.hh:16:
In file included from /Users/paws/blender-web/upstream/source/blender/blenlib/BLI_virtual_array.hh:34:
In file included from /Users/paws/blender-web/upstream/source/blender/blenlib/BLI_index_mask.hh:24:
In file included from /Users/paws/blender-web/upstream/source/blender/blenlib/BLI_unique_sorted_indices.hh:29:
/Users/paws/blender-web/upstream/source/blender/blenlib/BLI_binary_search.hh:21:16: warning: unused function template 'first_if' [-Wunused-template]
   21 | static int64_t first_if(Iterator begin, Iterator end, Predicate &&predicate)
      |                ^~~~~~~~
1 warning generated.
[171/441] Building CXX object source/blender/draw/CMakeFiles/bf_draw.dir/intern/mesh_extractors/extract_mesh_vbo_orco.cc.o
In file included from /Users/paws/blender-web/upstream/source/blender/draw/intern/mesh_extractors/extract_mesh_vbo_orco.cc:9:
In file included from /Users/paws/blender-web/upstream/source/blender/draw/intern/mesh_extractors/extract_mesh.hh:16:
In file included from /Users/paws/blender-web/upstream/source/blender/blenlib/BLI_virtual_array.hh:34:
In file included from /Users/paws/blender-web/upstream/source/blender/blenlib/BLI_index_mask.hh:24:
In file included from /Users/paws/blender-web/upstream/source/blender/blenlib/BLI_unique_sorted_indices.hh:29:
/Users/paws/blender-web/upstream/source/blender/blenlib/BLI_binary_search.hh:21:16: warning: unused function template 'first_if' [-Wunused-template]
   21 | static int64_t first_if(Iterator begin, Iterator end, Predicate &&predicate)
      |                ^~~~~~~~
1 warning generated.
[172/441] Building CXX object source/blender/draw/CMakeFiles/bf_draw.dir/intern/mesh_extractors/extract_mesh_vbo_paint_overlay_flag.cc.o
In file included from /Users/paws/blender-web/upstream/source/blender/draw/intern/mesh_extractors/extract_mesh_vbo_paint_overlay_flag.cc:5:
In file included from /Users/paws/blender-web/upstream/source/blender/draw/intern/mesh_extractors/extract_mesh.hh:16:
In file included from /Users/paws/blender-web/upstream/source/blender/blenlib/BLI_virtual_array.hh:34:
In file included from /Users/paws/blender-web/upstream/source/blender/blenlib/BLI_index_mask.hh:24:
In file included from /Users/paws/blender-web/upstream/source/blender/blenlib/BLI_unique_sorted_indices.hh:29:
/Users/paws/blender-web/upstream/source/blender/blenlib/BLI_binary_search.hh:21:16: warning: unused function template 'first_if' [-Wunused-template]
   21 | static int64_t first_if(Iterator begin, Iterator end, Predicate &&predicate)
      |                ^~~~~~~~
1 warning generated.
[173/441] Building CXX object source/blender/draw/CMakeFiles/bf_draw.dir/intern/mesh_extractors/extract_mesh_vbo_pos.cc.o
In file included from /Users/paws/blender-web/upstream/source/blender/draw/intern/mesh_extractors/extract_mesh_vbo_pos.cc:9:
In file included from /Users/paws/blender-web/upstream/source/blender/blenlib/BLI_array_utils.hh:15:
In file included from /Users/paws/blender-web/upstream/source/blender/blenlib/BLI_generic_virtual_array.hh:16:
In file included from /Users/paws/blender-web/upstream/source/blender/blenlib/BLI_virtual_array.hh:34:
In file included from /Users/paws/blender-web/upstream/source/blender/blenlib/BLI_index_mask.hh:24:
In file included from /Users/paws/blender-web/upstream/source/blender/blenlib/BLI_unique_sorted_indices.hh:29:
/Users/paws/blender-web/upstream/source/blender/blenlib/BLI_binary_search.hh:21:16: warning: unused function template 'first_if' [-Wunused-template]
   21 | static int64_t first_if(Iterator begin, Iterator end, Predicate &&predicate)
      |                ^~~~~~~~
1 warning generated.
[174/441] Building CXX object source/blender/draw/CMakeFiles/bf_draw.dir/intern/mesh_extractors/extract_mesh_vbo_select_idx.cc.o
In file included from /Users/paws/blender-web/upstream/source/blender/draw/intern/mesh_extractors/extract_mesh_vbo_select_idx.cc:9:
In file included from /Users/paws/blender-web/upstream/source/blender/blenlib/BLI_array_utils.hh:15:
In file included from /Users/paws/blender-web/upstream/source/blender/blenlib/BLI_generic_virtual_array.hh:16:
In file included from /Users/paws/blender-web/upstream/source/blender/blenlib/BLI_virtual_array.hh:34:
In file included from /Users/paws/blender-web/upstream/source/blender/blenlib/BLI_index_mask.hh:24:
In file included from /Users/paws/blender-web/upstream/source/blender/blenlib/BLI_unique_sorted_indices.hh:29:
/Users/paws/blender-web/upstream/source/blender/blenlib/BLI_binary_search.hh:21:16: warning: unused function template 'first_if' [-Wunused-template]
   21 | static int64_t first_if(Iterator begin, Iterator end, Predicate &&predicate)
      |                ^~~~~~~~
1 warning generated.
[175/441] Building CXX object source/blender/draw/CMakeFiles/bf_draw.dir/intern/mesh_extractors/extract_mesh_vbo_sculpt_data.cc.o
In file included from /Users/paws/blender-web/upstream/source/blender/draw/intern/mesh_extractors/extract_mesh_vbo_sculpt_data.cc:9:
In file included from /Users/paws/blender-web/upstream/source/blender/blenlib/BLI_array_utils.hh:15:
In file included from /Users/paws/blender-web/upstream/source/blender/blenlib/BLI_generic_virtual_array.hh:16:
In file included from /Users/paws/blender-web/upstream/source/blender/blenlib/BLI_virtual_array.hh:34:
In file included from /Users/paws/blender-web/upstream/source/blender/blenlib/BLI_index_mask.hh:24:
In file included from /Users/paws/blender-web/upstream/source/blender/blenlib/BLI_unique_sorted_indices.hh:29:
/Users/paws/blender-web/upstream/source/blender/blenlib/BLI_binary_search.hh:21:16: warning: unused function template 'first_if' [-Wunused-template]
   21 | static int64_t first_if(Iterator begin, Iterator end, Predicate &&predicate)
      |                ^~~~~~~~
1 warning generated.
[176/441] Building CXX object source/blender/draw/CMakeFiles/bf_draw.dir/intern/mesh_extractors/extract_mesh_vbo_skin_roots.cc.o
In file included from /Users/paws/blender-web/upstream/source/blender/draw/intern/mesh_extractors/extract_mesh_vbo_skin_roots.cc:11:
In file included from /Users/paws/blender-web/upstream/source/blender/draw/intern/mesh_extractors/extract_mesh.hh:16:
In file included from /Users/paws/blender-web/upstream/source/blender/blenlib/BLI_virtual_array.hh:34:
In file included from /Users/paws/blender-web/upstream/source/blender/blenlib/BLI_index_mask.hh:24:
In file included from /Users/paws/blender-web/upstream/source/blender/blenlib/BLI_unique_sorted_indices.hh:29:
/Users/paws/blender-web/upstream/source/blender/blenlib/BLI_binary_search.hh:21:16: warning: unused function template 'first_if' [-Wunused-template]
   21 | static int64_t first_if(Iterator begin, Iterator end, Predicate &&predicate)
      |                ^~~~~~~~
1 warning generated.
[177/441] Building CXX object source/blender/draw/CMakeFiles/bf_draw.dir/intern/draw_attributes.cc.o
[178/441] Building CXX object source/blender/draw/CMakeFiles/bf_draw.dir/intern/mesh_extractors/extract_mesh_vbo_tan.cc.o
In file included from /Users/paws/blender-web/upstream/source/blender/draw/intern/mesh_extractors/extract_mesh_vbo_tan.cc:15:
In file included from /Users/paws/blender-web/upstream/source/blender/blenkernel/BKE_attribute.hh:16:
In file included from /Users/paws/blender-web/upstream/source/blender/blenlib/BLI_generic_virtual_array.hh:16:
In file included from /Users/paws/blender-web/upstream/source/blender/blenlib/BLI_virtual_array.hh:34:
In file included from /Users/paws/blender-web/upstream/source/blender/blenlib/BLI_index_mask.hh:24:
In file included from /Users/paws/blender-web/upstream/source/blender/blenlib/BLI_unique_sorted_indices.hh:29:
/Users/paws/blender-web/upstream/source/blender/blenlib/BLI_binary_search.hh:21:16: warning: unused function template 'first_if' [-Wunused-template]
   21 | static int64_t first_if(Iterator begin, Iterator end, Predicate &&predicate)
      |                ^~~~~~~~
1 warning generated.
[179/441] Building CXX object source/blender/draw/CMakeFiles/bf_draw.dir/intern/mesh_extractors/extract_mesh_vbo_uv.cc.o
In file included from /Users/paws/blender-web/upstream/source/blender/draw/intern/mesh_extractors/extract_mesh_vbo_uv.cc:9:
In file included from /Users/paws/blender-web/upstream/source/blender/blenlib/BLI_array_utils.hh:15:
In file included from /Users/paws/blender-web/upstream/source/blender/blenlib/BLI_generic_virtual_array.hh:16:
In file included from /Users/paws/blender-web/upstream/source/blender/blenlib/BLI_virtual_array.hh:34:
In file included from /Users/paws/blender-web/upstream/source/blender/blenlib/BLI_index_mask.hh:24:
In file included from /Users/paws/blender-web/upstream/source/blender/blenlib/BLI_unique_sorted_indices.hh:29:
/Users/paws/blender-web/upstream/source/blender/blenlib/BLI_binary_search.hh:21:16: warning: unused function template 'first_if' [-Wunused-template]
   21 | static int64_t first_if(Iterator begin, Iterator end, Predicate &&predicate)
      |                ^~~~~~~~
1 warning generated.
[180/441] Building CXX object source/blender/draw/CMakeFiles/bf_draw.dir/intern/mesh_extractors/extract_mesh_vbo_vnor.cc.o
In file included from /Users/paws/blender-web/upstream/source/blender/draw/intern/mesh_extractors/extract_mesh_vbo_vnor.cc:9:
In file included from /Users/paws/blender-web/upstream/source/blender/blenlib/BLI_array_utils.hh:15:
In file included from /Users/paws/blender-web/upstream/source/blender/blenlib/BLI_generic_virtual_array.hh:16:
In file included from /Users/paws/blender-web/upstream/source/blender/blenlib/BLI_virtual_array.hh:34:
In file included from /Users/paws/blender-web/upstream/source/blender/blenlib/BLI_index_mask.hh:24:
In file included from /Users/paws/blender-web/upstream/source/blender/blenlib/BLI_unique_sorted_indices.hh:29:
/Users/paws/blender-web/upstream/source/blender/blenlib/BLI_binary_search.hh:21:16: warning: unused function template 'first_if' [-Wunused-template]
   21 | static int64_t first_if(Iterator begin, Iterator end, Predicate &&predicate)
      |                ^~~~~~~~
1 warning generated.
[181/441] Building CXX object source/blender/draw/CMakeFiles/bf_draw.dir/intern/mesh_extractors/extract_mesh_vbo_weights.cc.o
In file included from /Users/paws/blender-web/upstream/source/blender/draw/intern/mesh_extractors/extract_mesh_vbo_weights.cc:11:
In file included from /Users/paws/blender-web/upstream/source/blender/blenlib/BLI_array_utils.hh:15:
In file included from /Users/paws/blender-web/upstream/source/blender/blenlib/BLI_generic_virtual_array.hh:16:
In file included from /Users/paws/blender-web/upstream/source/blender/blenlib/BLI_virtual_array.hh:34:
In file included from /Users/paws/blender-web/upstream/source/blender/blenlib/BLI_index_mask.hh:24:
In file included from /Users/paws/blender-web/upstream/source/blender/blenlib/BLI_unique_sorted_indices.hh:29:
/Users/paws/blender-web/upstream/source/blender/blenlib/BLI_binary_search.hh:21:16: warning: unused function template 'first_if' [-Wunused-template]
   21 | static int64_t first_if(Iterator begin, Iterator end, Predicate &&predicate)
      |                ^~~~~~~~
1 warning generated.
[182/441] Building CXX object source/blender/draw/CMakeFiles/bf_draw.dir/intern/draw_cache_impl_curve.cc.o
In file included from /Users/paws/blender-web/upstream/source/blender/draw/intern/draw_cache_impl_curve.cc:25:
In file included from /Users/paws/blender-web/upstream/source/blender/blenkernel/BKE_curves.hh:12:
In file included from /Users/paws/blender-web/upstream/source/blender/blenlib/BLI_array_utils.hh:15:
In file included from /Users/paws/blender-web/upstream/source/blender/blenlib/BLI_generic_virtual_array.hh:16:
In file included from /Users/paws/blender-web/upstream/source/blender/blenlib/BLI_virtual_array.hh:34:
In file included from /Users/paws/blender-web/upstream/source/blender/blenlib/BLI_index_mask.hh:24:
In file included from /Users/paws/blender-web/upstream/source/blender/blenlib/BLI_unique_sorted_indices.hh:29:
/Users/paws/blender-web/upstream/source/blender/blenlib/BLI_binary_search.hh:21:16: warning: unused function template 'first_if' [-Wunused-template]
   21 | static int64_t first_if(Iterator begin, Iterator end, Predicate &&predicate)
      |                ^~~~~~~~
1 warning generated.
[183/441] Building CXX object source/blender/draw/CMakeFiles/bf_draw.dir/intern/draw_cache_impl_lattice.cc.o
In file included from /Users/paws/blender-web/upstream/source/blender/draw/intern/draw_cache_impl_lattice.cc:22:
In file included from /Users/paws/blender-web/upstream/source/blender/gpu/GPU_batch.hh:26:
In file included from /Users/paws/blender-web/upstream/source/blender/gpu/GPU_storage_buffer.hh:18:
In file included from /Users/paws/blender-web/upstream/source/blender/gpu/GPU_vertex_buffer.hh:16:
In file included from /Users/paws/blender-web/upstream/source/blender/blenlib/BLI_virtual_array.hh:34:
In file included from /Users/paws/blender-web/upstream/source/blender/blenlib/BLI_index_mask.hh:24:
In file included from /Users/paws/blender-web/upstream/source/blender/blenlib/BLI_unique_sorted_indices.hh:29:
/Users/paws/blender-web/upstream/source/blender/blenlib/BLI_binary_search.hh:21:16: warning: unused function template 'first_if' [-Wunused-template]
   21 | static int64_t first_if(Iterator begin, Iterator end, Predicate &&predicate)
      |                ^~~~~~~~
1 warning generated.
[184/441] Building CXX object source/blender/draw/CMakeFiles/bf_draw.dir/intern/draw_cache_impl_pointcloud.cc.o
In file included from /Users/paws/blender-web/upstream/source/blender/draw/intern/draw_cache_impl_pointcloud.cc:24:
In file included from /Users/paws/blender-web/upstream/source/blender/blenkernel/BKE_attribute.hh:16:
In file included from /Users/paws/blender-web/upstream/source/blender/blenlib/BLI_generic_virtual_array.hh:16:
In file included from /Users/paws/blender-web/upstream/source/blender/blenlib/BLI_virtual_array.hh:34:
In file included from /Users/paws/blender-web/upstream/source/blender/blenlib/BLI_index_mask.hh:24:
In file included from /Users/paws/blender-web/upstream/source/blender/blenlib/BLI_unique_sorted_indices.hh:29:
/Users/paws/blender-web/upstream/source/blender/blenlib/BLI_binary_search.hh:21:16: warning: unused function template 'first_if' [-Wunused-template]
   21 | static int64_t first_if(Iterator begin, Iterator end, Predicate &&predicate)
      |                ^~~~~~~~
1 warning generated.
[185/441] Building CXX object source/blender/draw/CMakeFiles/bf_draw.dir/intern/draw_cache_impl_curves.cc.o
In file included from /Users/paws/blender-web/upstream/source/blender/draw/intern/draw_cache_impl_curves.cc:15:
In file included from /Users/paws/blender-web/upstream/source/blender/blenlib/BLI_array_utils.hh:15:
In file included from /Users/paws/blender-web/upstream/source/blender/blenlib/BLI_generic_virtual_array.hh:16:
In file included from /Users/paws/blender-web/upstream/source/blender/blenlib/BLI_virtual_array.hh:34:
In file included from /Users/paws/blender-web/upstream/source/blender/blenlib/BLI_index_mask.hh:24:
In file included from /Users/paws/blender-web/upstream/source/blender/blenlib/BLI_unique_sorted_indices.hh:29:
/Users/paws/blender-web/upstream/source/blender/blenlib/BLI_binary_search.hh:21:16: warning: unused function template 'first_if' [-Wunused-template]
   21 | static int64_t first_if(Iterator begin, Iterator end, Predicate &&predicate)
      |                ^~~~~~~~
1 warning generated.
[186/441] Building CXX object source/blender/draw/CMakeFiles/bf_draw.dir/intern/draw_cache_impl_mesh.cc.o
In file included from /Users/paws/blender-web/upstream/source/blender/draw/intern/draw_cache_impl_mesh.cc:26:
In file included from /Users/paws/blender-web/upstream/source/blender/blenkernel/BKE_attribute.hh:16:
In file included from /Users/paws/blender-web/upstream/source/blender/blenlib/BLI_generic_virtual_array.hh:16:
In file included from /Users/paws/blender-web/upstream/source/blender/blenlib/BLI_virtual_array.hh:34:
In file included from /Users/paws/blender-web/upstream/source/blender/blenlib/BLI_index_mask.hh:24:
In file included from /Users/paws/blender-web/upstream/source/blender/blenlib/BLI_unique_sorted_indices.hh:29:
/Users/paws/blender-web/upstream/source/blender/blenlib/BLI_binary_search.hh:21:16: warning: unused function template 'first_if' [-Wunused-template]
   21 | static int64_t first_if(Iterator begin, Iterator end, Predicate &&predicate)
      |                ^~~~~~~~
1 warning generated.
[187/441] Building CXX object source/blender/draw/CMakeFiles/bf_draw.dir/intern/draw_cache_impl_volume.cc.o
In file included from /Users/paws/blender-web/upstream/source/blender/draw/intern/draw_cache_impl_volume.cc:29:
In file included from /Users/paws/blender-web/upstream/source/blender/gpu/GPU_batch.hh:26:
In file included from /Users/paws/blender-web/upstream/source/blender/gpu/GPU_storage_buffer.hh:18:
In file included from /Users/paws/blender-web/upstream/source/blender/gpu/GPU_vertex_buffer.hh:16:
In file included from /Users/paws/blender-web/upstream/source/blender/blenlib/BLI_virtual_array.hh:34:
In file included from /Users/paws/blender-web/upstream/source/blender/blenlib/BLI_index_mask.hh:24:
In file included from /Users/paws/blender-web/upstream/source/blender/blenlib/BLI_unique_sorted_indices.hh:29:
/Users/paws/blender-web/upstream/source/blender/blenlib/BLI_binary_search.hh:21:16: warning: unused function template 'first_if' [-Wunused-template]
   21 | static int64_t first_if(Iterator begin, Iterator end, Predicate &&predicate)
      |                ^~~~~~~~
1 warning generated.
[188/441] Building CXX object source/blender/draw/CMakeFiles/bf_draw.dir/intern/draw_color_management.cc.o
In file included from /Users/paws/blender-web/upstream/source/blender/draw/intern/draw_color_management.cc:13:
In file included from /Users/paws/blender-web/upstream/source/blender/draw/intern/DRW_render.hh:16:
In file included from /Users/paws/blender-web/upstream/source/blender/blenkernel/BKE_subdiv_modifier.hh:11:
In file included from /Users/paws/blender-web/upstream/source/blender/blenkernel/BKE_mesh_types.hh:18:
In file included from /Users/paws/blender-web/upstream/source/blender/blenlib/BLI_index_mask.hh:24:
In file included from /Users/paws/blender-web/upstream/source/blender/blenlib/BLI_unique_sorted_indices.hh:29:
/Users/paws/blender-web/upstream/source/blender/blenlib/BLI_binary_search.hh:21:16: warning: unused function template 'first_if' [-Wunused-template]
   21 | static int64_t first_if(Iterator begin, Iterator end, Predicate &&predicate)
      |                ^~~~~~~~
1 warning generated.
[189/441] Building CXX object source/blender/draw/CMakeFiles/bf_draw.dir/intern/draw_cache_impl_particles.cc.o
In file included from /Users/paws/blender-web/upstream/source/blender/draw/intern/draw_cache_impl_particles.cc:15:
In file included from /Users/paws/blender-web/upstream/source/blender/draw/intern/DRW_render.hh:16:
In file included from /Users/paws/blender-web/upstream/source/blender/blenkernel/BKE_subdiv_modifier.hh:11:
In file included from /Users/paws/blender-web/upstream/source/blender/blenkernel/BKE_mesh_types.hh:18:
In file included from /Users/paws/blender-web/upstream/source/blender/blenlib/BLI_index_mask.hh:24:
In file included from /Users/paws/blender-web/upstream/source/blender/blenlib/BLI_unique_sorted_indices.hh:29:
/Users/paws/blender-web/upstream/source/blender/blenlib/BLI_binary_search.hh:21:16: warning: unused function template 'first_if' [-Wunused-template]
   21 | static int64_t first_if(Iterator begin, Iterator end, Predicate &&predicate)
      |                ^~~~~~~~
1 warning generated.
[190/441] Building CXX object source/blender/draw/CMakeFiles/bf_draw.dir/intern/draw_cache_impl_subdivision.cc.o
In file included from /Users/paws/blender-web/upstream/source/blender/draw/intern/draw_cache_impl_subdivision.cc:5:
In file included from /Users/paws/blender-web/upstream/source/blender/draw/intern/draw_context_private.hh:14:
In file included from /Users/paws/blender-web/upstream/source/blender/draw/intern/DRW_render.hh:16:
In file included from /Users/paws/blender-web/upstream/source/blender/blenkernel/BKE_subdiv_modifier.hh:11:
In file included from /Users/paws/blender-web/upstream/source/blender/blenkernel/BKE_mesh_types.hh:18:
In file included from /Users/paws/blender-web/upstream/source/blender/blenlib/BLI_index_mask.hh:24:
In file included from /Users/paws/blender-web/upstream/source/blender/blenlib/BLI_unique_sorted_indices.hh:29:
/Users/paws/blender-web/upstream/source/blender/blenlib/BLI_binary_search.hh:21:16: warning: unused function template 'first_if' [-Wunused-template]
   21 | static int64_t first_if(Iterator begin, Iterator end, Predicate &&predicate)
      |                ^~~~~~~~
1 warning generated.
[191/441] Building CXX object source/blender/draw/CMakeFiles/bf_draw.dir/intern/draw_cache_impl_grease_pencil.cc.o
In file included from /Users/paws/blender-web/upstream/source/blender/draw/intern/draw_cache_impl_grease_pencil.cc:11:
In file included from /Users/paws/blender-web/upstream/source/blender/blenkernel/BKE_attribute.hh:16:
In file included from /Users/paws/blender-web/upstream/source/blender/blenlib/BLI_generic_virtual_array.hh:16:
In file included from /Users/paws/blender-web/upstream/source/blender/blenlib/BLI_virtual_array.hh:34:
In file included from /Users/paws/blender-web/upstream/source/blender/blenlib/BLI_index_mask.hh:24:
In file included from /Users/paws/blender-web/upstream/source/blender/blenlib/BLI_unique_sorted_indices.hh:29:
/Users/paws/blender-web/upstream/source/blender/blenlib/BLI_binary_search.hh:21:16: warning: unused function template 'first_if' [-Wunused-template]
   21 | static int64_t first_if(Iterator begin, Iterator end, Predicate &&predicate)
      |                ^~~~~~~~
1 warning generated.
[192/441] Building CXX object source/blender/draw/CMakeFiles/bf_draw.dir/intern/draw_command.cc.o
In file included from /Users/paws/blender-web/upstream/source/blender/draw/intern/draw_command.cc:9:
In file included from /Users/paws/blender-web/upstream/source/blender/gpu/GPU_batch.hh:26:
In file included from /Users/paws/blender-web/upstream/source/blender/gpu/GPU_storage_buffer.hh:18:
In file included from /Users/paws/blender-web/upstream/source/blender/gpu/GPU_vertex_buffer.hh:16:
In file included from /Users/paws/blender-web/upstream/source/blender/blenlib/BLI_virtual_array.hh:34:
In file included from /Users/paws/blender-web/upstream/source/blender/blenlib/BLI_index_mask.hh:24:
In file included from /Users/paws/blender-web/upstream/source/blender/blenlib/BLI_unique_sorted_indices.hh:29:
/Users/paws/blender-web/upstream/source/blender/blenlib/BLI_binary_search.hh:21:16: warning: unused function template 'first_if' [-Wunused-template]
   21 | static int64_t first_if(Iterator begin, Iterator end, Predicate &&predicate)
      |                ^~~~~~~~
1 warning generated.
[193/441] Building CXX object source/blender/draw/CMakeFiles/bf_draw.dir/intern/draw_curves.cc.o
In file included from /Users/paws/blender-web/upstream/source/blender/draw/intern/draw_curves.cc:16:
In file included from /Users/paws/blender-web/upstream/source/blender/blenkernel/BKE_attribute.hh:16:
In file included from /Users/paws/blender-web/upstream/source/blender/blenlib/BLI_generic_virtual_array.hh:16:
In file included from /Users/paws/blender-web/upstream/source/blender/blenlib/BLI_virtual_array.hh:34:
In file included from /Users/paws/blender-web/upstream/source/blender/blenlib/BLI_index_mask.hh:24:
In file included from /Users/paws/blender-web/upstream/source/blender/blenlib/BLI_unique_sorted_indices.hh:29:
/Users/paws/blender-web/upstream/source/blender/blenlib/BLI_binary_search.hh:21:16: warning: unused function template 'first_if' [-Wunused-template]
   21 | static int64_t first_if(Iterator begin, Iterator end, Predicate &&predicate)
      |                ^~~~~~~~
1 warning generated.
[194/441] Building CXX object source/blender/draw/CMakeFiles/bf_draw.dir/intern/draw_fluid.cc.o
In file included from /Users/paws/blender-web/upstream/source/blender/draw/intern/draw_fluid.cc:27:
In file included from /Users/paws/blender-web/upstream/source/blender/draw/intern/draw_context_private.hh:14:
In file included from /Users/paws/blender-web/upstream/source/blender/draw/intern/DRW_render.hh:16:
In file included from /Users/paws/blender-web/upstream/source/blender/blenkernel/BKE_subdiv_modifier.hh:11:
In file included from /Users/paws/blender-web/upstream/source/blender/blenkernel/BKE_mesh_types.hh:18:
In file included from /Users/paws/blender-web/upstream/source/blender/blenlib/BLI_index_mask.hh:24:
In file included from /Users/paws/blender-web/upstream/source/blender/blenlib/BLI_unique_sorted_indices.hh:29:
/Users/paws/blender-web/upstream/source/blender/blenlib/BLI_binary_search.hh:21:16: warning: unused function template 'first_if' [-Wunused-template]
   21 | static int64_t first_if(Iterator begin, Iterator end, Predicate &&predicate)
      |                ^~~~~~~~
1 warning generated.
[195/441] Building CXX object source/blender/draw/CMakeFiles/bf_draw.dir/intern/draw_debug.cc.o
In file included from /Users/paws/blender-web/upstream/source/blender/draw/intern/draw_debug.cc:15:
In file included from /Users/paws/blender-web/upstream/source/blender/gpu/GPU_batch.hh:26:
In file included from /Users/paws/blender-web/upstream/source/blender/gpu/GPU_storage_buffer.hh:18:
In file included from /Users/paws/blender-web/upstream/source/blender/gpu/GPU_vertex_buffer.hh:16:
In file included from /Users/paws/blender-web/upstream/source/blender/blenlib/BLI_virtual_array.hh:34:
In file included from /Users/paws/blender-web/upstream/source/blender/blenlib/BLI_index_mask.hh:24:
In file included from /Users/paws/blender-web/upstream/source/blender/blenlib/BLI_unique_sorted_indices.hh:29:
/Users/paws/blender-web/upstream/source/blender/blenlib/BLI_binary_search.hh:21:16: warning: unused function template 'first_if' [-Wunused-template]
   21 | static int64_t first_if(Iterator begin, Iterator end, Predicate &&predicate)
      |                ^~~~~~~~
1 warning generated.
[196/441] Building CXX object source/blender/draw/CMakeFiles/bf_draw.dir/intern/draw_gpu_context.cc.o
In file included from /Users/paws/blender-web/upstream/source/blender/draw/intern/draw_gpu_context.cc:19:
In file included from /Users/paws/blender-web/upstream/source/blender/draw/intern/DRW_render.hh:16:
In file included from /Users/paws/blender-web/upstream/source/blender/blenkernel/BKE_subdiv_modifier.hh:11:
In file included from /Users/paws/blender-web/upstream/source/blender/blenkernel/BKE_mesh_types.hh:18:
In file included from /Users/paws/blender-web/upstream/source/blender/blenlib/BLI_index_mask.hh:24:
In file included from /Users/paws/blender-web/upstream/source/blender/blenlib/BLI_unique_sorted_indices.hh:29:
/Users/paws/blender-web/upstream/source/blender/blenlib/BLI_binary_search.hh:21:16: warning: unused function template 'first_if' [-Wunused-template]
   21 | static int64_t first_if(Iterator begin, Iterator end, Predicate &&predicate)
      |                ^~~~~~~~
1 warning generated.
[197/441] Building CXX object source/blender/draw/CMakeFiles/bf_draw.dir/intern/draw_resource.cc.o
In file included from /Users/paws/blender-web/upstream/source/blender/draw/intern/draw_resource.cc:9:
In file included from /Users/paws/blender-web/upstream/source/blender/blenkernel/BKE_duplilist.hh:13:
In file included from /Users/paws/blender-web/upstream/source/blender/blenkernel/BKE_geometry_set.hh:22:
In file included from /Users/paws/blender-web/upstream/source/blender/blenkernel/BKE_attribute.hh:16:
In file included from /Users/paws/blender-web/upstream/source/blender/blenlib/BLI_generic_virtual_array.hh:16:
In file included from /Users/paws/blender-web/upstream/source/blender/blenlib/BLI_virtual_array.hh:34:
In file included from /Users/paws/blender-web/upstream/source/blender/blenlib/BLI_index_mask.hh:24:
In file included from /Users/paws/blender-web/upstream/source/blender/blenlib/BLI_unique_sorted_indices.hh:29:
/Users/paws/blender-web/upstream/source/blender/blenlib/BLI_binary_search.hh:21:16: warning: unused function template 'first_if' [-Wunused-template]
   21 | static int64_t first_if(Iterator begin, Iterator end, Predicate &&predicate)
      |                ^~~~~~~~
1 warning generated.
[198/441] Building CXX object source/blender/draw/CMakeFiles/bf_draw.dir/intern/draw_hair.cc.o
In file included from /Users/paws/blender-web/upstream/source/blender/draw/intern/draw_hair.cc:11:
In file included from /Users/paws/blender-web/upstream/source/blender/blenkernel/BKE_customdata.hh:14:
In file included from /Users/paws/blender-web/upstream/source/blender/blenlib/BLI_generic_virtual_array.hh:16:
In file included from /Users/paws/blender-web/upstream/source/blender/blenlib/BLI_virtual_array.hh:34:
In file included from /Users/paws/blender-web/upstream/source/blender/blenlib/BLI_index_mask.hh:24:
In file included from /Users/paws/blender-web/upstream/source/blender/blenlib/BLI_unique_sorted_indices.hh:29:
/Users/paws/blender-web/upstream/source/blender/blenlib/BLI_binary_search.hh:21:16: warning: unused function template 'first_if' [-Wunused-template]
   21 | static int64_t first_if(Iterator begin, Iterator end, Predicate &&predicate)
      |                ^~~~~~~~
1 warning generated.
[199/441] Building CXX object source/blender/draw/CMakeFiles/bf_draw.dir/intern/draw_pointcloud.cc.o
In file included from /Users/paws/blender-web/upstream/source/blender/draw/intern/draw_pointcloud.cc:11:
In file included from /Users/paws/blender-web/upstream/source/blender/gpu/GPU_batch.hh:26:
In file included from /Users/paws/blender-web/upstream/source/blender/gpu/GPU_storage_buffer.hh:18:
In file included from /Users/paws/blender-web/upstream/source/blender/gpu/GPU_vertex_buffer.hh:16:
In file included from /Users/paws/blender-web/upstream/source/blender/blenlib/BLI_virtual_array.hh:34:
In file included from /Users/paws/blender-web/upstream/source/blender/blenlib/BLI_index_mask.hh:24:
In file included from /Users/paws/blender-web/upstream/source/blender/blenlib/BLI_unique_sorted_indices.hh:29:
/Users/paws/blender-web/upstream/source/blender/blenlib/BLI_binary_search.hh:21:16: warning: unused function template 'first_if' [-Wunused-template]
   21 | static int64_t first_if(Iterator begin, Iterator end, Predicate &&predicate)
      |                ^~~~~~~~
1 warning generated.
[200/441] Building CXX object source/blender/draw/CMakeFiles/bf_draw.dir/intern/draw_context.cc.o
In file included from /Users/paws/blender-web/upstream/source/blender/draw/intern/draw_context.cc:33:
In file included from /Users/paws/blender-web/upstream/source/blender/blenkernel/BKE_duplilist.hh:13:
In file included from /Users/paws/blender-web/upstream/source/blender/blenkernel/BKE_geometry_set.hh:22:
In file included from /Users/paws/blender-web/upstream/source/blender/blenkernel/BKE_attribute.hh:16:
In file included from /Users/paws/blender-web/upstream/source/blender/blenlib/BLI_generic_virtual_array.hh:16:
In file included from /Users/paws/blender-web/upstream/source/blender/blenlib/BLI_virtual_array.hh:34:
In file included from /Users/paws/blender-web/upstream/source/blender/blenlib/BLI_index_mask.hh:24:
In file included from /Users/paws/blender-web/upstream/source/blender/blenlib/BLI_unique_sorted_indices.hh:29:
/Users/paws/blender-web/upstream/source/blender/blenlib/BLI_binary_search.hh:21:16: warning: unused function template 'first_if' [-Wunused-template]
   21 | static int64_t first_if(Iterator begin, Iterator end, Predicate &&predicate)
      |                ^~~~~~~~
1 warning generated.
[201/441] Building CXX object source/blender/draw/CMakeFiles/bf_draw.dir/intern/draw_sculpt.cc.o
In file included from /Users/paws/blender-web/upstream/source/blender/draw/intern/draw_sculpt.cc:14:
In file included from /Users/paws/blender-web/upstream/source/blender/draw/intern/draw_context_private.hh:14:
In file included from /Users/paws/blender-web/upstream/source/blender/draw/intern/DRW_render.hh:16:
In file included from /Users/paws/blender-web/upstream/source/blender/blenkernel/BKE_subdiv_modifier.hh:11:
In file included from /Users/paws/blender-web/upstream/source/blender/blenkernel/BKE_mesh_types.hh:18:
In file included from /Users/paws/blender-web/upstream/source/blender/blenlib/BLI_index_mask.hh:24:
In file included from /Users/paws/blender-web/upstream/source/blender/blenlib/BLI_unique_sorted_indices.hh:29:
/Users/paws/blender-web/upstream/source/blender/blenlib/BLI_binary_search.hh:21:16: warning: unused function template 'first_if' [-Wunused-template]
   21 | static int64_t first_if(Iterator begin, Iterator end, Predicate &&predicate)
      |                ^~~~~~~~
1 warning generated.
[202/441] Building CXX object source/blender/draw/CMakeFiles/bf_draw.dir/intern/draw_manager.cc.o
In file included from /Users/paws/blender-web/upstream/source/blender/draw/intern/draw_manager.cc:15:
In file included from /Users/paws/blender-web/upstream/source/blender/gpu/GPU_compute.hh:19:
In file included from /Users/paws/blender-web/upstream/source/blender/gpu/GPU_storage_buffer.hh:18:
In file included from /Users/paws/blender-web/upstream/source/blender/gpu/GPU_vertex_buffer.hh:16:
In file included from /Users/paws/blender-web/upstream/source/blender/blenlib/BLI_virtual_array.hh:34:
In file included from /Users/paws/blender-web/upstream/source/blender/blenlib/BLI_index_mask.hh:24:
In file included from /Users/paws/blender-web/upstream/source/blender/blenlib/BLI_unique_sorted_indices.hh:29:
/Users/paws/blender-web/upstream/source/blender/blenlib/BLI_binary_search.hh:21:16: warning: unused function template 'first_if' [-Wunused-template]
   21 | static int64_t first_if(Iterator begin, Iterator end, Predicate &&predicate)
      |                ^~~~~~~~
1 warning generated.
[203/441] Building CXX object source/blender/draw/CMakeFiles/bf_draw.dir/intern/draw_select_buffer.cc.o
In file included from /Users/paws/blender-web/upstream/source/blender/draw/intern/draw_select_buffer.cc:31:
In file included from /Users/paws/blender-web/upstream/source/blender/depsgraph/DEG_depsgraph_query.hh:24:
In file included from /Users/paws/blender-web/upstream/source/blender/blenkernel/BKE_duplilist.hh:13:
In file included from /Users/paws/blender-web/upstream/source/blender/blenkernel/BKE_geometry_set.hh:22:
In file included from /Users/paws/blender-web/upstream/source/blender/blenkernel/BKE_attribute.hh:16:
In file included from /Users/paws/blender-web/upstream/source/blender/blenlib/BLI_generic_virtual_array.hh:16:
In file included from /Users/paws/blender-web/upstream/source/blender/blenlib/BLI_virtual_array.hh:34:
In file included from /Users/paws/blender-web/upstream/source/blender/blenlib/BLI_index_mask.hh:24:
In file included from /Users/paws/blender-web/upstream/source/blender/blenlib/BLI_unique_sorted_indices.hh:29:
/Users/paws/blender-web/upstream/source/blender/blenlib/BLI_binary_search.hh:21:16: warning: unused function template 'first_if' [-Wunused-template]
   21 | static int64_t first_if(Iterator begin, Iterator end, Predicate &&predicate)
      |                ^~~~~~~~
1 warning generated.
[204/441] Building CXX object source/blender/draw/CMakeFiles/bf_draw.dir/intern/draw_shader.cc.o
In file included from /Users/paws/blender-web/upstream/source/blender/draw/intern/draw_shader.cc:9:
In file included from /Users/paws/blender-web/upstream/source/blender/draw/intern/draw_shader.hh:11:
In file included from /Users/paws/blender-web/upstream/source/blender/draw/intern/draw_curves_private.hh:15:
In file included from /Users/paws/blender-web/upstream/source/blender/gpu/GPU_vertex_buffer.hh:16:
In file included from /Users/paws/blender-web/upstream/source/blender/blenlib/BLI_virtual_array.hh:34:
In file included from /Users/paws/blender-web/upstream/source/blender/blenlib/BLI_index_mask.hh:24:
In file included from /Users/paws/blender-web/upstream/source/blender/blenlib/BLI_unique_sorted_indices.hh:29:
/Users/paws/blender-web/upstream/source/blender/blenlib/BLI_binary_search.hh:21:16: warning: unused function template 'first_if' [-Wunused-template]
   21 | static int64_t first_if(Iterator begin, Iterator end, Predicate &&predicate)
      |                ^~~~~~~~
1 warning generated.
[205/441] Building CXX object source/blender/draw/CMakeFiles/bf_draw.dir/intern/draw_view.cc.o
In file included from /Users/paws/blender-web/upstream/source/blender/draw/intern/draw_view.cc:13:
In file included from /Users/paws/blender-web/upstream/source/blender/draw/intern/DRW_render.hh:16:
In file included from /Users/paws/blender-web/upstream/source/blender/blenkernel/BKE_subdiv_modifier.hh:11:
In file included from /Users/paws/blender-web/upstream/source/blender/blenkernel/BKE_mesh_types.hh:18:
In file included from /Users/paws/blender-web/upstream/source/blender/blenlib/BLI_index_mask.hh:24:
In file included from /Users/paws/blender-web/upstream/source/blender/blenlib/BLI_unique_sorted_indices.hh:29:
/Users/paws/blender-web/upstream/source/blender/blenlib/BLI_binary_search.hh:21:16: warning: unused function template 'first_if' [-Wunused-template]
   21 | static int64_t first_if(Iterator begin, Iterator end, Predicate &&predicate)
      |                ^~~~~~~~
1 warning generated.
[206/441] Building CXX object source/blender/draw/CMakeFiles/bf_draw.dir/intern/draw_view_c.cc.o
In file included from /Users/paws/blender-web/upstream/source/blender/draw/intern/draw_view_c.cc:27:
In file included from /Users/paws/blender-web/upstream/source/blender/draw/intern/DRW_render.hh:16:
In file included from /Users/paws/blender-web/upstream/source/blender/blenkernel/BKE_subdiv_modifier.hh:11:
In file included from /Users/paws/blender-web/upstream/source/blender/blenkernel/BKE_mesh_types.hh:18:
In file included from /Users/paws/blender-web/upstream/source/blender/blenlib/BLI_index_mask.hh:24:
In file included from /Users/paws/blender-web/upstream/source/blender/blenlib/BLI_unique_sorted_indices.hh:29:
/Users/paws/blender-web/upstream/source/blender/blenlib/BLI_binary_search.hh:21:16: warning: unused function template 'first_if' [-Wunused-template]
   21 | static int64_t first_if(Iterator begin, Iterator end, Predicate &&predicate)
      |                ^~~~~~~~
1 warning generated.
[207/441] Building CXX object source/blender/draw/CMakeFiles/bf_draw.dir/engines/image/image_shader.cc.o
In file included from /Users/paws/blender-web/upstream/source/blender/draw/engines/image/image_shader.cc:9:
In file included from /Users/paws/blender-web/upstream/source/blender/draw/engines/image/image_shader.hh:11:
In file included from /Users/paws/blender-web/upstream/source/blender/draw/intern/DRW_render.hh:16:
In file included from /Users/paws/blender-web/upstream/source/blender/blenkernel/BKE_subdiv_modifier.hh:11:
In file included from /Users/paws/blender-web/upstream/source/blender/blenkernel/BKE_mesh_types.hh:18:
In file included from /Users/paws/blender-web/upstream/source/blender/blenlib/BLI_index_mask.hh:24:
In file included from /Users/paws/blender-web/upstream/source/blender/blenlib/BLI_unique_sorted_indices.hh:29:
/Users/paws/blender-web/upstream/source/blender/blenlib/BLI_binary_search.hh:21:16: warning: unused function template 'first_if' [-Wunused-template]
   21 | static int64_t first_if(Iterator begin, Iterator end, Predicate &&predicate)
      |                ^~~~~~~~
1 warning generated.
[208/441] Building CXX object source/blender/draw/CMakeFiles/bf_draw.dir/intern/draw_view_data.cc.o
In file included from /Users/paws/blender-web/upstream/source/blender/draw/intern/draw_view_data.cc:17:
In file included from /Users/paws/blender-web/upstream/source/blender/draw/intern/DRW_gpu_wrapper.hh:72:
In file included from /Users/paws/blender-web/upstream/source/blender/gpu/GPU_storage_buffer.hh:18:
In file included from /Users/paws/blender-web/upstream/source/blender/gpu/GPU_vertex_buffer.hh:16:
In file included from /Users/paws/blender-web/upstream/source/blender/blenlib/BLI_virtual_array.hh:34:
In file included from /Users/paws/blender-web/upstream/source/blender/blenlib/BLI_index_mask.hh:24:
In file included from /Users/paws/blender-web/upstream/source/blender/blenlib/BLI_unique_sorted_indices.hh:29:
/Users/paws/blender-web/upstream/source/blender/blenlib/BLI_binary_search.hh:21:16: warning: unused function template 'first_if' [-Wunused-template]
   21 | static int64_t first_if(Iterator begin, Iterator end, Predicate &&predicate)
      |                ^~~~~~~~
1 warning generated.
[209/441] Building CXX object source/blender/draw/CMakeFiles/bf_draw.dir/intern/draw_volume.cc.o
In file included from /Users/paws/blender-web/upstream/source/blender/draw/intern/draw_volume.cc:11:
In file included from /Users/paws/blender-web/upstream/source/blender/draw/intern/DRW_gpu_wrapper.hh:72:
In file included from /Users/paws/blender-web/upstream/source/blender/gpu/GPU_storage_buffer.hh:18:
In file included from /Users/paws/blender-web/upstream/source/blender/gpu/GPU_vertex_buffer.hh:16:
In file included from /Users/paws/blender-web/upstream/source/blender/blenlib/BLI_virtual_array.hh:34:
In file included from /Users/paws/blender-web/upstream/source/blender/blenlib/BLI_index_mask.hh:24:
In file included from /Users/paws/blender-web/upstream/source/blender/blenlib/BLI_unique_sorted_indices.hh:29:
/Users/paws/blender-web/upstream/source/blender/blenlib/BLI_binary_search.hh:21:16: warning: unused function template 'first_if' [-Wunused-template]
   21 | static int64_t first_if(Iterator begin, Iterator end, Predicate &&predicate)
      |                ^~~~~~~~
1 warning generated.
[210/441] Building CXX object source/blender/draw/CMakeFiles/bf_draw.dir/intern/draw_pbvh.cc.o
In file included from /Users/paws/blender-web/upstream/source/blender/draw/intern/draw_pbvh.cc:20:
In file included from /Users/paws/blender-web/upstream/source/blender/blenkernel/BKE_attribute.hh:16:
In file included from /Users/paws/blender-web/upstream/source/blender/blenlib/BLI_generic_virtual_array.hh:16:
In file included from /Users/paws/blender-web/upstream/source/blender/blenlib/BLI_virtual_array.hh:34:
In file included from /Users/paws/blender-web/upstream/source/blender/blenlib/BLI_index_mask.hh:24:
In file included from /Users/paws/blender-web/upstream/source/blender/blenlib/BLI_unique_sorted_indices.hh:29:
/Users/paws/blender-web/upstream/source/blender/blenlib/BLI_binary_search.hh:21:16: warning: unused function template 'first_if' [-Wunused-template]
   21 | static int64_t first_if(Iterator begin, Iterator end, Predicate &&predicate)
      |                ^~~~~~~~
1 warning generated.
[211/441] Building CXX object source/blender/draw/CMakeFiles/bf_draw.dir/engines/compositor/compositor_engine.cc.o
In file included from /Users/paws/blender-web/upstream/source/blender/draw/engines/compositor/compositor_engine.cc:5:
In file included from /Users/paws/blender-web/upstream/source/blender/blenlib/BLI_bounds.hh:14:
In file included from /Users/paws/blender-web/upstream/source/blender/blenlib/BLI_index_mask.hh:24:
In file included from /Users/paws/blender-web/upstream/source/blender/blenlib/BLI_unique_sorted_indices.hh:29:
/Users/paws/blender-web/upstream/source/blender/blenlib/BLI_binary_search.hh:21:16: warning: unused function template 'first_if' [-Wunused-template]
   21 | static int64_t first_if(Iterator begin, Iterator end, Predicate &&predicate)
      |                ^~~~~~~~
In file included from /Users/paws/blender-web/upstream/source/blender/draw/engines/compositor/compositor_engine.cc:18:
In file included from /Users/paws/blender-web/upstream/source/blender/blenkernel/BKE_node_runtime.hh:26:
/Users/paws/blender-web/upstream/source/blender/blenkernel/BKE_node_tree_interface.hh:60:34: warning: unused function template 'item_is_type' [-Wunused-template]
   60 | template<typename T> static bool item_is_type(const bNodeTreeInterfaceItem &item)
      |                                  ^~~~~~~~~~~~
2 warnings generated.
[212/441] Building CXX object source/blender/draw/CMakeFiles/bf_draw.dir/engines/image/image_drawing_mode_image_space.cc.o
In file included from /Users/paws/blender-web/upstream/source/blender/draw/engines/image/image_drawing_mode_image_space.cc:9:
In file included from /Users/paws/blender-web/upstream/source/blender/draw/engines/image/image_drawing_mode_image_space.hh:11:
In file included from /Users/paws/blender-web/upstream/source/blender/draw/engines/image/image_private.hh:15:
In file included from /Users/paws/blender-web/upstream/source/blender/draw/engines/image/image_state.hh:15:
In file included from /Users/paws/blender-web/upstream/source/blender/draw/engines/image/image_batches.hh:11:
In file included from /Users/paws/blender-web/upstream/source/blender/draw/engines/image/image_texture_info.hh:14:
In file included from /Users/paws/blender-web/upstream/source/blender/gpu/GPU_batch.hh:26:
In file included from /Users/paws/blender-web/upstream/source/blender/gpu/GPU_storage_buffer.hh:18:
In file included from /Users/paws/blender-web/upstream/source/blender/gpu/GPU_vertex_buffer.hh:16:
In file included from /Users/paws/blender-web/upstream/source/blender/blenlib/BLI_virtual_array.hh:34:
In file included from /Users/paws/blender-web/upstream/source/blender/blenlib/BLI_index_mask.hh:24:
In file included from /Users/paws/blender-web/upstream/source/blender/blenlib/BLI_unique_sorted_indices.hh:29:
/Users/paws/blender-web/upstream/source/blender/blenlib/BLI_binary_search.hh:21:16: warning: unused function template 'first_if' [-Wunused-template]
   21 | static int64_t first_if(Iterator begin, Iterator end, Predicate &&predicate)
      |                ^~~~~~~~
1 warning generated.
[213/441] Building CXX object source/blender/draw/CMakeFiles/bf_draw.dir/engines/image/image_engine.cc.o
In file included from /Users/paws/blender-web/upstream/source/blender/draw/engines/image/image_engine.cc:11:
In file included from /Users/paws/blender-web/upstream/source/blender/draw/engines/image/image_engine.h:11:
In file included from /Users/paws/blender-web/upstream/source/blender/draw/intern/DRW_render.hh:16:
In file included from /Users/paws/blender-web/upstream/source/blender/blenkernel/BKE_subdiv_modifier.hh:11:
In file included from /Users/paws/blender-web/upstream/source/blender/blenkernel/BKE_mesh_types.hh:18:
In file included from /Users/paws/blender-web/upstream/source/blender/blenlib/BLI_index_mask.hh:24:
In file included from /Users/paws/blender-web/upstream/source/blender/blenlib/BLI_unique_sorted_indices.hh:29:
/Users/paws/blender-web/upstream/source/blender/blenlib/BLI_binary_search.hh:21:16: warning: unused function template 'first_if' [-Wunused-template]
   21 | static int64_t first_if(Iterator begin, Iterator end, Predicate &&predicate)
      |                ^~~~~~~~
1 warning generated.
[214/441] Building CXX object source/blender/draw/CMakeFiles/bf_draw.dir/engines/image/image_drawing_mode_screen_space.cc.o
In file included from /Users/paws/blender-web/upstream/source/blender/draw/engines/image/image_drawing_mode_screen_space.cc:5:
In file included from /Users/paws/blender-web/upstream/source/blender/draw/intern/draw_view_data.hh:17:
In file included from /Users/paws/blender-web/upstream/source/blender/draw/intern/DRW_render.hh:16:
In file included from /Users/paws/blender-web/upstream/source/blender/blenkernel/BKE_subdiv_modifier.hh:11:
In file included from /Users/paws/blender-web/upstream/source/blender/blenkernel/BKE_mesh_types.hh:18:
In file included from /Users/paws/blender-web/upstream/source/blender/blenlib/BLI_index_mask.hh:24:
In file included from /Users/paws/blender-web/upstream/source/blender/blenlib/BLI_unique_sorted_indices.hh:29:
/Users/paws/blender-web/upstream/source/blender/blenlib/BLI_binary_search.hh:21:16: warning: unused function template 'first_if' [-Wunused-template]
   21 | static int64_t first_if(Iterator begin, Iterator end, Predicate &&predicate)
      |                ^~~~~~~~
1 warning generated.
[215/441] Building CXX object source/blender/draw/CMakeFiles/bf_draw.dir/engines/eevee/eevee_ambient_occlusion.cc.o
In file included from /Users/paws/blender-web/upstream/source/blender/draw/engines/eevee/eevee_ambient_occlusion.cc:26:
In file included from /Users/paws/blender-web/upstream/source/blender/draw/engines/eevee/eevee_ambient_occlusion.hh:17:
In file included from /Users/paws/blender-web/upstream/source/blender/draw/intern/draw_pass.hh:49:
In file included from /Users/paws/blender-web/upstream/source/blender/gpu/GPU_batch.hh:26:
In file included from /Users/paws/blender-web/upstream/source/blender/gpu/GPU_storage_buffer.hh:18:
In file included from /Users/paws/blender-web/upstream/source/blender/gpu/GPU_vertex_buffer.hh:16:
In file included from /Users/paws/blender-web/upstream/source/blender/blenlib/BLI_virtual_array.hh:34:
In file included from /Users/paws/blender-web/upstream/source/blender/blenlib/BLI_index_mask.hh:24:
In file included from /Users/paws/blender-web/upstream/source/blender/blenlib/BLI_unique_sorted_indices.hh:29:
/Users/paws/blender-web/upstream/source/blender/blenlib/BLI_binary_search.hh:21:16: warning: unused function template 'first_if' [-Wunused-template]
   21 | static int64_t first_if(Iterator begin, Iterator end, Predicate &&predicate)
      |                ^~~~~~~~
1 warning generated.
[216/441] Building CXX object source/blender/draw/CMakeFiles/bf_draw.dir/engines/eevee/eevee_cryptomatte.cc.o
In file included from /Users/paws/blender-web/upstream/source/blender/draw/engines/eevee/eevee_cryptomatte.cc:6:
In file included from /Users/paws/blender-web/upstream/source/blender/draw/engines/eevee/eevee_cryptomatte.hh:18:
In file included from /Users/paws/blender-web/upstream/source/blender/draw/intern/DRW_gpu_wrapper.hh:72:
In file included from /Users/paws/blender-web/upstream/source/blender/gpu/GPU_storage_buffer.hh:18:
In file included from /Users/paws/blender-web/upstream/source/blender/gpu/GPU_vertex_buffer.hh:16:
In file included from /Users/paws/blender-web/upstream/source/blender/blenlib/BLI_virtual_array.hh:34:
In file included from /Users/paws/blender-web/upstream/source/blender/blenlib/BLI_index_mask.hh:24:
In file included from /Users/paws/blender-web/upstream/source/blender/blenlib/BLI_unique_sorted_indices.hh:29:
/Users/paws/blender-web/upstream/source/blender/blenlib/BLI_binary_search.hh:21:16: warning: unused function template 'first_if' [-Wunused-template]
   21 | static int64_t first_if(Iterator begin, Iterator end, Predicate &&predicate)
      |                ^~~~~~~~
1 warning generated.
[217/441] Building CXX object source/blender/draw/CMakeFiles/bf_draw.dir/engines/eevee/eevee_camera.cc.o
In file included from /Users/paws/blender-web/upstream/source/blender/draw/engines/eevee/eevee_camera.cc:13:
In file included from /Users/paws/blender-web/upstream/source/blender/draw/intern/DRW_render.hh:16:
In file included from /Users/paws/blender-web/upstream/source/blender/blenkernel/BKE_subdiv_modifier.hh:11:
In file included from /Users/paws/blender-web/upstream/source/blender/blenkernel/BKE_mesh_types.hh:18:
In file included from /Users/paws/blender-web/upstream/source/blender/blenlib/BLI_index_mask.hh:24:
In file included from /Users/paws/blender-web/upstream/source/blender/blenlib/BLI_unique_sorted_indices.hh:29:
/Users/paws/blender-web/upstream/source/blender/blenlib/BLI_binary_search.hh:21:16: warning: unused function template 'first_if' [-Wunused-template]
   21 | static int64_t first_if(Iterator begin, Iterator end, Predicate &&predicate)
      |                ^~~~~~~~
1 warning generated.
[218/441] Building CXX object source/blender/draw/CMakeFiles/bf_draw.dir/engines/eevee/eevee_depth_of_field.cc.o
In file included from /Users/paws/blender-web/upstream/source/blender/draw/engines/eevee/eevee_depth_of_field.cc:20:
In file included from /Users/paws/blender-web/upstream/source/blender/draw/intern/DRW_render.hh:16:
In file included from /Users/paws/blender-web/upstream/source/blender/blenkernel/BKE_subdiv_modifier.hh:11:
In file included from /Users/paws/blender-web/upstream/source/blender/blenkernel/BKE_mesh_types.hh:18:
In file included from /Users/paws/blender-web/upstream/source/blender/blenlib/BLI_index_mask.hh:24:
In file included from /Users/paws/blender-web/upstream/source/blender/blenlib/BLI_unique_sorted_indices.hh:29:
/Users/paws/blender-web/upstream/source/blender/blenlib/BLI_binary_search.hh:21:16: warning: unused function template 'first_if' [-Wunused-template]
   21 | static int64_t first_if(Iterator begin, Iterator end, Predicate &&predicate)
      |                ^~~~~~~~
1 warning generated.
[219/441] Building CXX object source/blender/draw/CMakeFiles/bf_draw.dir/engines/eevee/eevee_hizbuffer.cc.o
In file included from /Users/paws/blender-web/upstream/source/blender/draw/engines/eevee/eevee_hizbuffer.cc:5:
In file included from /Users/paws/blender-web/upstream/source/blender/draw/engines/eevee/eevee_instance.hh:27:
In file included from /Users/paws/blender-web/upstream/source/blender/draw/intern/DRW_render.hh:16:
In file included from /Users/paws/blender-web/upstream/source/blender/blenkernel/BKE_subdiv_modifier.hh:11:
In file included from /Users/paws/blender-web/upstream/source/blender/blenkernel/BKE_mesh_types.hh:18:
In file included from /Users/paws/blender-web/upstream/source/blender/blenlib/BLI_index_mask.hh:24:
In file included from /Users/paws/blender-web/upstream/source/blender/blenlib/BLI_unique_sorted_indices.hh:29:
/Users/paws/blender-web/upstream/source/blender/blenlib/BLI_binary_search.hh:21:16: warning: unused function template 'first_if' [-Wunused-template]
   21 | static int64_t first_if(Iterator begin, Iterator end, Predicate &&predicate)
      |                ^~~~~~~~
1 warning generated.
[220/441] Building CXX object source/blender/draw/CMakeFiles/bf_draw.dir/engines/eevee/eevee_film.cc.o
In file included from /Users/paws/blender-web/upstream/source/blender/draw/engines/eevee/eevee_film.cc:20:
In file included from /Users/paws/blender-web/upstream/source/blender/blenkernel/BKE_scene.hh:13:
In file included from /Users/paws/blender-web/upstream/source/blender/blenkernel/BKE_duplilist.hh:13:
In file included from /Users/paws/blender-web/upstream/source/blender/blenkernel/BKE_geometry_set.hh:22:
In file included from /Users/paws/blender-web/upstream/source/blender/blenkernel/BKE_attribute.hh:16:
In file included from /Users/paws/blender-web/upstream/source/blender/blenlib/BLI_generic_virtual_array.hh:16:
In file included from /Users/paws/blender-web/upstream/source/blender/blenlib/BLI_virtual_array.hh:34:
In file included from /Users/paws/blender-web/upstream/source/blender/blenlib/BLI_index_mask.hh:24:
In file included from /Users/paws/blender-web/upstream/source/blender/blenlib/BLI_unique_sorted_indices.hh:29:
/Users/paws/blender-web/upstream/source/blender/blenlib/BLI_binary_search.hh:21:16: warning: unused function template 'first_if' [-Wunused-template]
   21 | static int64_t first_if(Iterator begin, Iterator end, Predicate &&predicate)
      |                ^~~~~~~~
1 warning generated.
[221/441] Building CXX object source/blender/draw/CMakeFiles/bf_draw.dir/engines/eevee/eevee_engine.cc.o
In file included from /Users/paws/blender-web/upstream/source/blender/draw/engines/eevee/eevee_engine.cc:12:
In file included from /Users/paws/blender-web/upstream/source/blender/draw/intern/DRW_render.hh:16:
In file included from /Users/paws/blender-web/upstream/source/blender/blenkernel/BKE_subdiv_modifier.hh:11:
In file included from /Users/paws/blender-web/upstream/source/blender/blenkernel/BKE_mesh_types.hh:18:
In file included from /Users/paws/blender-web/upstream/source/blender/blenlib/BLI_index_mask.hh:24:
In file included from /Users/paws/blender-web/upstream/source/blender/blenlib/BLI_unique_sorted_indices.hh:29:
/Users/paws/blender-web/upstream/source/blender/blenlib/BLI_binary_search.hh:21:16: warning: unused function template 'first_if' [-Wunused-template]
   21 | static int64_t first_if(Iterator begin, Iterator end, Predicate &&predicate)
      |                ^~~~~~~~
1 warning generated.
[222/441] Building CXX object source/blender/draw/CMakeFiles/bf_draw.dir/engines/eevee/eevee_light.cc.o
In file included from /Users/paws/blender-web/upstream/source/blender/draw/engines/eevee/eevee_light.cc:11:
In file included from /Users/paws/blender-web/upstream/source/blender/draw/intern/draw_debug.hh:25:
In file included from /Users/paws/blender-web/upstream/source/blender/draw/intern/DRW_gpu_wrapper.hh:72:
In file included from /Users/paws/blender-web/upstream/source/blender/gpu/GPU_storage_buffer.hh:18:
In file included from /Users/paws/blender-web/upstream/source/blender/gpu/GPU_vertex_buffer.hh:16:
In file included from /Users/paws/blender-web/upstream/source/blender/blenlib/BLI_virtual_array.hh:34:
In file included from /Users/paws/blender-web/upstream/source/blender/blenlib/BLI_index_mask.hh:24:
In file included from /Users/paws/blender-web/upstream/source/blender/blenlib/BLI_unique_sorted_indices.hh:29:
/Users/paws/blender-web/upstream/source/blender/blenlib/BLI_binary_search.hh:21:16: warning: unused function template 'first_if' [-Wunused-template]
   21 | static int64_t first_if(Iterator begin, Iterator end, Predicate &&predicate)
      |                ^~~~~~~~
1 warning generated.
[223/441] Building CXX object source/blender/draw/CMakeFiles/bf_draw.dir/engines/eevee/eevee_lightprobe.cc.o
In file included from /Users/paws/blender-web/upstream/source/blender/draw/engines/eevee/eevee_lightprobe.cc:15:
In file included from /Users/paws/blender-web/upstream/source/blender/draw/engines/eevee/eevee_instance.hh:27:
In file included from /Users/paws/blender-web/upstream/source/blender/draw/intern/DRW_render.hh:16:
In file included from /Users/paws/blender-web/upstream/source/blender/blenkernel/BKE_subdiv_modifier.hh:11:
In file included from /Users/paws/blender-web/upstream/source/blender/blenkernel/BKE_mesh_types.hh:18:
In file included from /Users/paws/blender-web/upstream/source/blender/blenlib/BLI_index_mask.hh:24:
In file included from /Users/paws/blender-web/upstream/source/blender/blenlib/BLI_unique_sorted_indices.hh:29:
/Users/paws/blender-web/upstream/source/blender/blenlib/BLI_binary_search.hh:21:16: warning: unused function template 'first_if' [-Wunused-template]
   21 | static int64_t first_if(Iterator begin, Iterator end, Predicate &&predicate)
      |                ^~~~~~~~
1 warning generated.
[224/441] Building CXX object source/blender/draw/CMakeFiles/bf_draw.dir/engines/eevee/eevee_lightprobe_planar.cc.o
In file included from /Users/paws/blender-web/upstream/source/blender/draw/engines/eevee/eevee_lightprobe_planar.cc:5:
In file included from /Users/paws/blender-web/upstream/source/blender/draw/engines/eevee/eevee_lightprobe_planar.hh:15:
In file included from /Users/paws/blender-web/upstream/source/blender/draw/intern/draw_pass.hh:49:
In file included from /Users/paws/blender-web/upstream/source/blender/gpu/GPU_batch.hh:26:
In file included from /Users/paws/blender-web/upstream/source/blender/gpu/GPU_storage_buffer.hh:18:
In file included from /Users/paws/blender-web/upstream/source/blender/gpu/GPU_vertex_buffer.hh:16:
In file included from /Users/paws/blender-web/upstream/source/blender/blenlib/BLI_virtual_array.hh:34:
In file included from /Users/paws/blender-web/upstream/source/blender/blenlib/BLI_index_mask.hh:24:
In file included from /Users/paws/blender-web/upstream/source/blender/blenlib/BLI_unique_sorted_indices.hh:29:
/Users/paws/blender-web/upstream/source/blender/blenlib/BLI_binary_search.hh:21:16: warning: unused function template 'first_if' [-Wunused-template]
   21 | static int64_t first_if(Iterator begin, Iterator end, Predicate &&predicate)
      |                ^~~~~~~~
1 warning generated.
[225/441] Building CXX object source/blender/draw/CMakeFiles/bf_draw.dir/engines/eevee/eevee_instance.cc.o
In file included from /Users/paws/blender-web/upstream/source/blender/draw/engines/eevee/eevee_instance.cc:15:
In file included from /Users/paws/blender-web/upstream/source/blender/blenkernel/BKE_scene.hh:13:
In file included from /Users/paws/blender-web/upstream/source/blender/blenkernel/BKE_duplilist.hh:13:
In file included from /Users/paws/blender-web/upstream/source/blender/blenkernel/BKE_geometry_set.hh:22:
In file included from /Users/paws/blender-web/upstream/source/blender/blenkernel/BKE_attribute.hh:16:
In file included from /Users/paws/blender-web/upstream/source/blender/blenlib/BLI_generic_virtual_array.hh:16:
In file included from /Users/paws/blender-web/upstream/source/blender/blenlib/BLI_virtual_array.hh:34:
In file included from /Users/paws/blender-web/upstream/source/blender/blenlib/BLI_index_mask.hh:24:
In file included from /Users/paws/blender-web/upstream/source/blender/blenlib/BLI_unique_sorted_indices.hh:29:
/Users/paws/blender-web/upstream/source/blender/blenlib/BLI_binary_search.hh:21:16: warning: unused function template 'first_if' [-Wunused-template]
   21 | static int64_t first_if(Iterator begin, Iterator end, Predicate &&predicate)
      |                ^~~~~~~~
1 warning generated.
[226/441] Building CXX object source/blender/draw/CMakeFiles/bf_draw.dir/engines/eevee/eevee_lightcache.cc.o
In file included from /Users/paws/blender-web/upstream/source/blender/draw/engines/eevee/eevee_lightcache.cc:12:
In file included from /Users/paws/blender-web/upstream/source/blender/draw/intern/DRW_render.hh:16:
In file included from /Users/paws/blender-web/upstream/source/blender/blenkernel/BKE_subdiv_modifier.hh:11:
In file included from /Users/paws/blender-web/upstream/source/blender/blenkernel/BKE_mesh_types.hh:18:
In file included from /Users/paws/blender-web/upstream/source/blender/blenlib/BLI_index_mask.hh:24:
In file included from /Users/paws/blender-web/upstream/source/blender/blenlib/BLI_unique_sorted_indices.hh:29:
/Users/paws/blender-web/upstream/source/blender/blenlib/BLI_binary_search.hh:21:16: warning: unused function template 'first_if' [-Wunused-template]
   21 | static int64_t first_if(Iterator begin, Iterator end, Predicate &&predicate)
      |                ^~~~~~~~
1 warning generated.
[227/441] Building CXX object source/blender/draw/CMakeFiles/bf_draw.dir/engines/eevee/eevee_lightprobe_sphere.cc.o
In file included from /Users/paws/blender-web/upstream/source/blender/draw/engines/eevee/eevee_lightprobe_sphere.cc:5:
In file included from /Users/paws/blender-web/upstream/source/blender/draw/engines/eevee/eevee_lightprobe_sphere.hh:13:
In file included from /Users/paws/blender-web/upstream/source/blender/draw/intern/draw_pass.hh:49:
In file included from /Users/paws/blender-web/upstream/source/blender/gpu/GPU_batch.hh:26:
In file included from /Users/paws/blender-web/upstream/source/blender/gpu/GPU_storage_buffer.hh:18:
In file included from /Users/paws/blender-web/upstream/source/blender/gpu/GPU_vertex_buffer.hh:16:
In file included from /Users/paws/blender-web/upstream/source/blender/blenlib/BLI_virtual_array.hh:34:
In file included from /Users/paws/blender-web/upstream/source/blender/blenlib/BLI_index_mask.hh:24:
In file included from /Users/paws/blender-web/upstream/source/blender/blenlib/BLI_unique_sorted_indices.hh:29:
/Users/paws/blender-web/upstream/source/blender/blenlib/BLI_binary_search.hh:21:16: warning: unused function template 'first_if' [-Wunused-template]
   21 | static int64_t first_if(Iterator begin, Iterator end, Predicate &&predicate)
      |                ^~~~~~~~
1 warning generated.
[228/441] Building CXX object source/blender/draw/CMakeFiles/bf_draw.dir/engines/eevee/eevee_lightprobe_volume.cc.o
In file included from /Users/paws/blender-web/upstream/source/blender/draw/engines/eevee/eevee_lightprobe_volume.cc:15:
In file included from /Users/paws/blender-web/upstream/source/blender/draw/engines/eevee/eevee_instance.hh:27:
In file included from /Users/paws/blender-web/upstream/source/blender/draw/intern/DRW_render.hh:16:
In file included from /Users/paws/blender-web/upstream/source/blender/blenkernel/BKE_subdiv_modifier.hh:11:
In file included from /Users/paws/blender-web/upstream/source/blender/blenkernel/BKE_mesh_types.hh:18:
In file included from /Users/paws/blender-web/upstream/source/blender/blenlib/BLI_index_mask.hh:24:
In file included from /Users/paws/blender-web/upstream/source/blender/blenlib/BLI_unique_sorted_indices.hh:29:
/Users/paws/blender-web/upstream/source/blender/blenlib/BLI_binary_search.hh:21:16: warning: unused function template 'first_if' [-Wunused-template]
   21 | static int64_t first_if(Iterator begin, Iterator end, Predicate &&predicate)
      |                ^~~~~~~~
1 warning generated.
[229/441] Building CXX object source/blender/draw/CMakeFiles/bf_draw.dir/engines/eevee/eevee_precompute.cc.o
In file included from /Users/paws/blender-web/upstream/source/blender/draw/engines/eevee/eevee_precompute.cc:13:
In file included from /Users/paws/blender-web/upstream/source/blender/draw/intern/draw_pass.hh:49:
In file included from /Users/paws/blender-web/upstream/source/blender/gpu/GPU_batch.hh:26:
In file included from /Users/paws/blender-web/upstream/source/blender/gpu/GPU_storage_buffer.hh:18:
In file included from /Users/paws/blender-web/upstream/source/blender/gpu/GPU_vertex_buffer.hh:16:
In file included from /Users/paws/blender-web/upstream/source/blender/blenlib/BLI_virtual_array.hh:34:
In file included from /Users/paws/blender-web/upstream/source/blender/blenlib/BLI_index_mask.hh:24:
In file included from /Users/paws/blender-web/upstream/source/blender/blenlib/BLI_unique_sorted_indices.hh:29:
/Users/paws/blender-web/upstream/source/blender/blenlib/BLI_binary_search.hh:21:16: warning: unused function template 'first_if' [-Wunused-template]
   21 | static int64_t first_if(Iterator begin, Iterator end, Predicate &&predicate)
      |                ^~~~~~~~
1 warning generated.
[230/441] Building CXX object source/blender/draw/CMakeFiles/bf_draw.dir/engines/eevee/eevee_lookdev.cc.o
In file included from /Users/paws/blender-web/upstream/source/blender/draw/engines/eevee/eevee_lookdev.cc:25:
In file included from /Users/paws/blender-web/upstream/source/blender/draw/intern/draw_view_data.hh:17:
In file included from /Users/paws/blender-web/upstream/source/blender/draw/intern/DRW_render.hh:16:
In file included from /Users/paws/blender-web/upstream/source/blender/blenkernel/BKE_subdiv_modifier.hh:11:
In file included from /Users/paws/blender-web/upstream/source/blender/blenkernel/BKE_mesh_types.hh:18:
In file included from /Users/paws/blender-web/upstream/source/blender/blenlib/BLI_index_mask.hh:24:
In file included from /Users/paws/blender-web/upstream/source/blender/blenlib/BLI_unique_sorted_indices.hh:29:
/Users/paws/blender-web/upstream/source/blender/blenlib/BLI_binary_search.hh:21:16: warning: unused function template 'first_if' [-Wunused-template]
   21 | static int64_t first_if(Iterator begin, Iterator end, Predicate &&predicate)
      |                ^~~~~~~~
1 warning generated.
[231/441] Building CXX object source/blender/draw/CMakeFiles/bf_draw.dir/engines/eevee/eevee_motion_blur.cc.o
In file included from /Users/paws/blender-web/upstream/source/blender/draw/engines/eevee/eevee_motion_blur.cc:15:
In file included from /Users/paws/blender-web/upstream/source/blender/draw/engines/eevee/eevee_instance.hh:27:
In file included from /Users/paws/blender-web/upstream/source/blender/draw/intern/DRW_render.hh:16:
In file included from /Users/paws/blender-web/upstream/source/blender/blenkernel/BKE_subdiv_modifier.hh:11:
In file included from /Users/paws/blender-web/upstream/source/blender/blenkernel/BKE_mesh_types.hh:18:
In file included from /Users/paws/blender-web/upstream/source/blender/blenlib/BLI_index_mask.hh:24:
In file included from /Users/paws/blender-web/upstream/source/blender/blenlib/BLI_unique_sorted_indices.hh:29:
/Users/paws/blender-web/upstream/source/blender/blenlib/BLI_binary_search.hh:21:16: warning: unused function template 'first_if' [-Wunused-template]
   21 | static int64_t first_if(Iterator begin, Iterator end, Predicate &&predicate)
      |                ^~~~~~~~
1 warning generated.
[232/441] Building CXX object source/blender/draw/CMakeFiles/bf_draw.dir/engines/eevee/eevee_pipeline.cc.o
In file included from /Users/paws/blender-web/upstream/source/blender/draw/engines/eevee/eevee_pipeline.cc:13:
In file included from /Users/paws/blender-web/upstream/source/blender/blenlib/BLI_bounds.hh:14:
In file included from /Users/paws/blender-web/upstream/source/blender/blenlib/BLI_index_mask.hh:24:
In file included from /Users/paws/blender-web/upstream/source/blender/blenlib/BLI_unique_sorted_indices.hh:29:
/Users/paws/blender-web/upstream/source/blender/blenlib/BLI_binary_search.hh:21:16: warning: unused function template 'first_if' [-Wunused-template]
   21 | static int64_t first_if(Iterator begin, Iterator end, Predicate &&predicate)
      |                ^~~~~~~~
1 warning generated.
[233/441] Building CXX object source/blender/draw/CMakeFiles/bf_draw.dir/engines/eevee/eevee_raytrace.cc.o
In file included from /Users/paws/blender-web/upstream/source/blender/draw/engines/eevee/eevee_raytrace.cc:13:
In file included from /Users/paws/blender-web/upstream/source/blender/draw/engines/eevee/eevee_instance.hh:27:
In file included from /Users/paws/blender-web/upstream/source/blender/draw/intern/DRW_render.hh:16:
In file included from /Users/paws/blender-web/upstream/source/blender/blenkernel/BKE_subdiv_modifier.hh:11:
In file included from /Users/paws/blender-web/upstream/source/blender/blenkernel/BKE_mesh_types.hh:18:
In file included from /Users/paws/blender-web/upstream/source/blender/blenlib/BLI_index_mask.hh:24:
In file included from /Users/paws/blender-web/upstream/source/blender/blenlib/BLI_unique_sorted_indices.hh:29:
/Users/paws/blender-web/upstream/source/blender/blenlib/BLI_binary_search.hh:21:16: warning: unused function template 'first_if' [-Wunused-template]
   21 | static int64_t first_if(Iterator begin, Iterator end, Predicate &&predicate)
      |                ^~~~~~~~
1 warning generated.
[234/441] Building CXX object source/blender/draw/CMakeFiles/bf_draw.dir/engines/eevee/eevee_material.cc.o
In file included from /Users/paws/blender-web/upstream/source/blender/draw/engines/eevee/eevee_material.cc:16:
In file included from /Users/paws/blender-web/upstream/source/blender/blenkernel/BKE_scene.hh:13:
In file included from /Users/paws/blender-web/upstream/source/blender/blenkernel/BKE_duplilist.hh:13:
In file included from /Users/paws/blender-web/upstream/source/blender/blenkernel/BKE_geometry_set.hh:22:
In file included from /Users/paws/blender-web/upstream/source/blender/blenkernel/BKE_attribute.hh:16:
In file included from /Users/paws/blender-web/upstream/source/blender/blenlib/BLI_generic_virtual_array.hh:16:
In file included from /Users/paws/blender-web/upstream/source/blender/blenlib/BLI_virtual_array.hh:34:
In file included from /Users/paws/blender-web/upstream/source/blender/blenlib/BLI_index_mask.hh:24:
In file included from /Users/paws/blender-web/upstream/source/blender/blenlib/BLI_unique_sorted_indices.hh:29:
/Users/paws/blender-web/upstream/source/blender/blenlib/BLI_binary_search.hh:21:16: warning: unused function template 'first_if' [-Wunused-template]
   21 | static int64_t first_if(Iterator begin, Iterator end, Predicate &&predicate)
      |                ^~~~~~~~
1 warning generated.
[235/441] Building CXX object source/blender/draw/CMakeFiles/bf_draw.dir/engines/eevee/eevee_sampling.cc.o
In file included from /Users/paws/blender-web/upstream/source/blender/draw/engines/eevee/eevee_sampling.cc:14:
In file included from /Users/paws/blender-web/upstream/source/blender/blenkernel/BKE_scene.hh:13:
In file included from /Users/paws/blender-web/upstream/source/blender/blenkernel/BKE_duplilist.hh:13:
In file included from /Users/paws/blender-web/upstream/source/blender/blenkernel/BKE_geometry_set.hh:22:
In file included from /Users/paws/blender-web/upstream/source/blender/blenkernel/BKE_attribute.hh:16:
In file included from /Users/paws/blender-web/upstream/source/blender/blenlib/BLI_generic_virtual_array.hh:16:
In file included from /Users/paws/blender-web/upstream/source/blender/blenlib/BLI_virtual_array.hh:34:
In file included from /Users/paws/blender-web/upstream/source/blender/blenlib/BLI_index_mask.hh:24:
In file included from /Users/paws/blender-web/upstream/source/blender/blenlib/BLI_unique_sorted_indices.hh:29:
/Users/paws/blender-web/upstream/source/blender/blenlib/BLI_binary_search.hh:21:16: warning: unused function template 'first_if' [-Wunused-template]
   21 | static int64_t first_if(Iterator begin, Iterator end, Predicate &&predicate)
      |                ^~~~~~~~
1 warning generated.
[236/441] Building CXX object source/blender/draw/CMakeFiles/bf_draw.dir/engines/eevee/eevee_renderbuffers.cc.o
In file included from /Users/paws/blender-web/upstream/source/blender/draw/engines/eevee/eevee_renderbuffers.cc:17:
In file included from /Users/paws/blender-web/upstream/source/blender/draw/intern/DRW_render.hh:16:
In file included from /Users/paws/blender-web/upstream/source/blender/blenkernel/BKE_subdiv_modifier.hh:11:
In file included from /Users/paws/blender-web/upstream/source/blender/blenkernel/BKE_mesh_types.hh:18:
In file included from /Users/paws/blender-web/upstream/source/blender/blenlib/BLI_index_mask.hh:24:
In file included from /Users/paws/blender-web/upstream/source/blender/blenlib/BLI_unique_sorted_indices.hh:29:
/Users/paws/blender-web/upstream/source/blender/blenlib/BLI_binary_search.hh:21:16: warning: unused function template 'first_if' [-Wunused-template]
   21 | static int64_t first_if(Iterator begin, Iterator end, Predicate &&predicate)
      |                ^~~~~~~~
1 warning generated.
[237/441] Building CXX object source/blender/draw/CMakeFiles/bf_draw.dir/engines/eevee/eevee_shadow.cc.o
In file included from /Users/paws/blender-web/upstream/source/blender/draw/engines/eevee/eevee_shadow.cc:13:
In file included from /Users/paws/blender-web/upstream/source/blender/gpu/GPU_compute.hh:19:
In file included from /Users/paws/blender-web/upstream/source/blender/gpu/GPU_storage_buffer.hh:18:
In file included from /Users/paws/blender-web/upstream/source/blender/gpu/GPU_vertex_buffer.hh:16:
In file included from /Users/paws/blender-web/upstream/source/blender/blenlib/BLI_virtual_array.hh:34:
In file included from /Users/paws/blender-web/upstream/source/blender/blenlib/BLI_index_mask.hh:24:
In file included from /Users/paws/blender-web/upstream/source/blender/blenlib/BLI_unique_sorted_indices.hh:29:
/Users/paws/blender-web/upstream/source/blender/blenlib/BLI_binary_search.hh:21:16: warning: unused function template 'first_if' [-Wunused-template]
   21 | static int64_t first_if(Iterator begin, Iterator end, Predicate &&predicate)
      |                ^~~~~~~~
1 warning generated.
[238/441] Building CXX object source/blender/draw/CMakeFiles/bf_draw.dir/engines/eevee/eevee_shader.cc.o
In file included from /Users/paws/blender-web/upstream/source/blender/draw/engines/eevee/eevee_shader.cc:15:
In file included from /Users/paws/blender-web/upstream/source/blender/blenkernel/BKE_node_runtime.hh:26:
/Users/paws/blender-web/upstream/source/blender/blenkernel/BKE_node_tree_interface.hh:60:34: warning: unused function template 'item_is_type' [-Wunused-template]
   60 | template<typename T> static bool item_is_type(const bNodeTreeInterfaceItem &item)
      |                                  ^~~~~~~~~~~~
In file included from /Users/paws/blender-web/upstream/source/blender/draw/engines/eevee/eevee_shader.cc:19:
In file included from /Users/paws/blender-web/upstream/source/blender/gpu/intern/gpu_shader_create_info.hh:25:
In file included from /Users/paws/blender-web/upstream/source/blender/gpu/intern/gpu_shader_create_info_pipeline.hh:13:
In file included from /Users/paws/blender-web/upstream/source/blender/gpu/intern/gpu_state_private.hh:15:
In file included from /Users/paws/blender-web/upstream/source/blender/gpu/intern/gpu_texture_private.hh:14:
In file included from /Users/paws/blender-web/upstream/source/blender/gpu/GPU_vertex_buffer.hh:16:
In file included from /Users/paws/blender-web/upstream/source/blender/blenlib/BLI_virtual_array.hh:34:
In file included from /Users/paws/blender-web/upstream/source/blender/blenlib/BLI_index_mask.hh:24:
In file included from /Users/paws/blender-web/upstream/source/blender/blenlib/BLI_unique_sorted_indices.hh:29:
/Users/paws/blender-web/upstream/source/blender/blenlib/BLI_binary_search.hh:21:16: warning: unused function template 'first_if' [-Wunused-template]
   21 | static int64_t first_if(Iterator begin, Iterator end, Predicate &&predicate)
      |                ^~~~~~~~
2 warnings generated.
[239/441] Building CXX object source/blender/draw/CMakeFiles/bf_draw.dir/engines/eevee/eevee_subsurface.cc.o
In file included from /Users/paws/blender-web/upstream/source/blender/draw/engines/eevee/eevee_subsurface.cc:11:
In file included from /Users/paws/blender-web/upstream/source/blender/draw/engines/eevee/eevee_instance.hh:27:
In file included from /Users/paws/blender-web/upstream/source/blender/draw/intern/DRW_render.hh:16:
In file included from /Users/paws/blender-web/upstream/source/blender/blenkernel/BKE_subdiv_modifier.hh:11:
In file included from /Users/paws/blender-web/upstream/source/blender/blenkernel/BKE_mesh_types.hh:18:
In file included from /Users/paws/blender-web/upstream/source/blender/blenlib/BLI_index_mask.hh:24:
In file included from /Users/paws/blender-web/upstream/source/blender/blenlib/BLI_unique_sorted_indices.hh:29:
/Users/paws/blender-web/upstream/source/blender/blenlib/BLI_binary_search.hh:21:16: warning: unused function template 'first_if' [-Wunused-template]
   21 | static int64_t first_if(Iterator begin, Iterator end, Predicate &&predicate)
      |                ^~~~~~~~
1 warning generated.
[240/441] Building CXX object source/blender/draw/CMakeFiles/bf_draw.dir/engines/eevee/eevee_sync.cc.o
In file included from /Users/paws/blender-web/upstream/source/blender/draw/engines/eevee/eevee_sync.cc:20:
In file included from /Users/paws/blender-web/upstream/source/blender/draw/intern/draw_common.hh:12:
In file included from /Users/paws/blender-web/upstream/source/blender/draw/intern/draw_manager.hh:23:
In file included from /Users/paws/blender-web/upstream/source/blender/draw/intern/draw_handle.hh:22:
In file included from /Users/paws/blender-web/upstream/source/blender/blenkernel/BKE_duplilist.hh:13:
In file included from /Users/paws/blender-web/upstream/source/blender/blenkernel/BKE_geometry_set.hh:22:
In file included from /Users/paws/blender-web/upstream/source/blender/blenkernel/BKE_attribute.hh:16:
In file included from /Users/paws/blender-web/upstream/source/blender/blenlib/BLI_generic_virtual_array.hh:16:
In file included from /Users/paws/blender-web/upstream/source/blender/blenlib/BLI_virtual_array.hh:34:
In file included from /Users/paws/blender-web/upstream/source/blender/blenlib/BLI_index_mask.hh:24:
In file included from /Users/paws/blender-web/upstream/source/blender/blenlib/BLI_unique_sorted_indices.hh:29:
/Users/paws/blender-web/upstream/source/blender/blenlib/BLI_binary_search.hh:21:16: warning: unused function template 'first_if' [-Wunused-template]
   21 | static int64_t first_if(Iterator begin, Iterator end, Predicate &&predicate)
      |                ^~~~~~~~
1 warning generated.
[241/441] Building CXX object source/blender/draw/CMakeFiles/bf_draw.dir/engines/workbench/workbench_effect_antialiasing.cc.o
In file included from /Users/paws/blender-web/upstream/source/blender/draw/engines/workbench/workbench_effect_antialiasing.cc:5:
In file included from /Users/paws/blender-web/upstream/source/blender/draw/engines/workbench/workbench_private.hh:9:
In file included from /Users/paws/blender-web/upstream/source/blender/draw/intern/DRW_render.hh:16:
In file included from /Users/paws/blender-web/upstream/source/blender/blenkernel/BKE_subdiv_modifier.hh:11:
In file included from /Users/paws/blender-web/upstream/source/blender/blenkernel/BKE_mesh_types.hh:18:
In file included from /Users/paws/blender-web/upstream/source/blender/blenlib/BLI_index_mask.hh:24:
In file included from /Users/paws/blender-web/upstream/source/blender/blenlib/BLI_unique_sorted_indices.hh:29:
/Users/paws/blender-web/upstream/source/blender/blenlib/BLI_binary_search.hh:21:16: warning: unused function template 'first_if' [-Wunused-template]
   21 | static int64_t first_if(Iterator begin, Iterator end, Predicate &&predicate)
      |                ^~~~~~~~
1 warning generated.
[242/441] Building CXX object source/blender/draw/CMakeFiles/bf_draw.dir/engines/workbench/workbench_effect_dof.cc.o
In file included from /Users/paws/blender-web/upstream/source/blender/draw/engines/workbench/workbench_effect_dof.cc:20:
In file included from /Users/paws/blender-web/upstream/source/blender/draw/engines/workbench/workbench_private.hh:9:
In file included from /Users/paws/blender-web/upstream/source/blender/draw/intern/DRW_render.hh:16:
In file included from /Users/paws/blender-web/upstream/source/blender/blenkernel/BKE_subdiv_modifier.hh:11:
In file included from /Users/paws/blender-web/upstream/source/blender/blenkernel/BKE_mesh_types.hh:18:
In file included from /Users/paws/blender-web/upstream/source/blender/blenlib/BLI_index_mask.hh:24:
In file included from /Users/paws/blender-web/upstream/source/blender/blenlib/BLI_unique_sorted_indices.hh:29:
/Users/paws/blender-web/upstream/source/blender/blenlib/BLI_binary_search.hh:21:16: warning: unused function template 'first_if' [-Wunused-template]
   21 | static int64_t first_if(Iterator begin, Iterator end, Predicate &&predicate)
      |                ^~~~~~~~
1 warning generated.
[243/441] Building CXX object source/blender/draw/CMakeFiles/bf_draw.dir/engines/eevee/eevee_velocity.cc.o
In file included from /Users/paws/blender-web/upstream/source/blender/draw/engines/eevee/eevee_velocity.cc:14:
In file included from /Users/paws/blender-web/upstream/source/blender/blenkernel/BKE_duplilist.hh:13:
In file included from /Users/paws/blender-web/upstream/source/blender/blenkernel/BKE_geometry_set.hh:22:
In file included from /Users/paws/blender-web/upstream/source/blender/blenkernel/BKE_attribute.hh:16:
In file included from /Users/paws/blender-web/upstream/source/blender/blenlib/BLI_generic_virtual_array.hh:16:
In file included from /Users/paws/blender-web/upstream/source/blender/blenlib/BLI_virtual_array.hh:34:
In file included from /Users/paws/blender-web/upstream/source/blender/blenlib/BLI_index_mask.hh:24:
In file included from /Users/paws/blender-web/upstream/source/blender/blenlib/BLI_unique_sorted_indices.hh:29:
/Users/paws/blender-web/upstream/source/blender/blenlib/BLI_binary_search.hh:21:16: warning: unused function template 'first_if' [-Wunused-template]
   21 | static int64_t first_if(Iterator begin, Iterator end, Predicate &&predicate)
      |                ^~~~~~~~
1 warning generated.
[244/441] Building CXX object source/blender/draw/CMakeFiles/bf_draw.dir/engines/workbench/workbench_effect_cavity.cc.o
In file included from /Users/paws/blender-web/upstream/source/blender/draw/engines/workbench/workbench_effect_cavity.cc:18:
In file included from /Users/paws/blender-web/upstream/source/blender/draw/engines/workbench/workbench_private.hh:9:
In file included from /Users/paws/blender-web/upstream/source/blender/draw/intern/DRW_render.hh:16:
In file included from /Users/paws/blender-web/upstream/source/blender/blenkernel/BKE_subdiv_modifier.hh:11:
In file included from /Users/paws/blender-web/upstream/source/blender/blenkernel/BKE_mesh_types.hh:18:
In file included from /Users/paws/blender-web/upstream/source/blender/blenlib/BLI_index_mask.hh:24:
In file included from /Users/paws/blender-web/upstream/source/blender/blenlib/BLI_unique_sorted_indices.hh:29:
/Users/paws/blender-web/upstream/source/blender/blenlib/BLI_binary_search.hh:21:16: warning: unused function template 'first_if' [-Wunused-template]
   21 | static int64_t first_if(Iterator begin, Iterator end, Predicate &&predicate)
      |                ^~~~~~~~
1 warning generated.
[245/441] Building CXX object source/blender/draw/CMakeFiles/bf_draw.dir/engines/eevee/eevee_view.cc.o
In file included from /Users/paws/blender-web/upstream/source/blender/draw/engines/eevee/eevee_view.cc:18:
In file included from /Users/paws/blender-web/upstream/source/blender/draw/intern/DRW_render.hh:16:
In file included from /Users/paws/blender-web/upstream/source/blender/blenkernel/BKE_subdiv_modifier.hh:11:
In file included from /Users/paws/blender-web/upstream/source/blender/blenkernel/BKE_mesh_types.hh:18:
In file included from /Users/paws/blender-web/upstream/source/blender/blenlib/BLI_index_mask.hh:24:
In file included from /Users/paws/blender-web/upstream/source/blender/blenlib/BLI_unique_sorted_indices.hh:29:
/Users/paws/blender-web/upstream/source/blender/blenlib/BLI_binary_search.hh:21:16: warning: unused function template 'first_if' [-Wunused-template]
   21 | static int64_t first_if(Iterator begin, Iterator end, Predicate &&predicate)
      |                ^~~~~~~~
1 warning generated.
[246/441] Building CXX object source/blender/draw/CMakeFiles/bf_draw.dir/engines/eevee/eevee_volume.cc.o
In file included from /Users/paws/blender-web/upstream/source/blender/draw/engines/eevee/eevee_volume.cc:17:
In file included from /Users/paws/blender-web/upstream/source/blender/draw/engines/eevee/eevee_instance.hh:27:
In file included from /Users/paws/blender-web/upstream/source/blender/draw/intern/DRW_render.hh:16:
In file included from /Users/paws/blender-web/upstream/source/blender/blenkernel/BKE_subdiv_modifier.hh:11:
In file included from /Users/paws/blender-web/upstream/source/blender/blenkernel/BKE_mesh_types.hh:18:
In file included from /Users/paws/blender-web/upstream/source/blender/blenlib/BLI_index_mask.hh:24:
In file included from /Users/paws/blender-web/upstream/source/blender/blenlib/BLI_unique_sorted_indices.hh:29:
/Users/paws/blender-web/upstream/source/blender/blenlib/BLI_binary_search.hh:21:16: warning: unused function template 'first_if' [-Wunused-template]
   21 | static int64_t first_if(Iterator begin, Iterator end, Predicate &&predicate)
      |                ^~~~~~~~
1 warning generated.
[247/441] Building CXX object source/blender/draw/CMakeFiles/bf_draw.dir/engines/eevee/eevee_world.cc.o
In file included from /Users/paws/blender-web/upstream/source/blender/draw/engines/eevee/eevee_world.cc:12:
In file included from /Users/paws/blender-web/upstream/source/blender/depsgraph/DEG_depsgraph_query.hh:24:
In file included from /Users/paws/blender-web/upstream/source/blender/blenkernel/BKE_duplilist.hh:13:
In file included from /Users/paws/blender-web/upstream/source/blender/blenkernel/BKE_geometry_set.hh:22:
In file included from /Users/paws/blender-web/upstream/source/blender/blenkernel/BKE_attribute.hh:16:
In file included from /Users/paws/blender-web/upstream/source/blender/blenlib/BLI_generic_virtual_array.hh:16:
In file included from /Users/paws/blender-web/upstream/source/blender/blenlib/BLI_virtual_array.hh:34:
In file included from /Users/paws/blender-web/upstream/source/blender/blenlib/BLI_index_mask.hh:24:
In file included from /Users/paws/blender-web/upstream/source/blender/blenlib/BLI_unique_sorted_indices.hh:29:
/Users/paws/blender-web/upstream/source/blender/blenlib/BLI_binary_search.hh:21:16: warning: unused function template 'first_if' [-Wunused-template]
   21 | static int64_t first_if(Iterator begin, Iterator end, Predicate &&predicate)
      |                ^~~~~~~~
1 warning generated.
[248/441] Building CXX object source/blender/draw/CMakeFiles/bf_draw.dir/engines/workbench/workbench_effect_outline.cc.o
In file included from /Users/paws/blender-web/upstream/source/blender/draw/engines/workbench/workbench_effect_outline.cc:13:
In file included from /Users/paws/blender-web/upstream/source/blender/draw/engines/workbench/workbench_private.hh:9:
In file included from /Users/paws/blender-web/upstream/source/blender/draw/intern/DRW_render.hh:16:
In file included from /Users/paws/blender-web/upstream/source/blender/blenkernel/BKE_subdiv_modifier.hh:11:
In file included from /Users/paws/blender-web/upstream/source/blender/blenkernel/BKE_mesh_types.hh:18:
In file included from /Users/paws/blender-web/upstream/source/blender/blenlib/BLI_index_mask.hh:24:
In file included from /Users/paws/blender-web/upstream/source/blender/blenlib/BLI_unique_sorted_indices.hh:29:
/Users/paws/blender-web/upstream/source/blender/blenlib/BLI_binary_search.hh:21:16: warning: unused function template 'first_if' [-Wunused-template]
   21 | static int64_t first_if(Iterator begin, Iterator end, Predicate &&predicate)
      |                ^~~~~~~~
1 warning generated.
[249/441] Building CXX object source/blender/draw/CMakeFiles/bf_draw.dir/engines/workbench/workbench_materials.cc.o
In file included from /Users/paws/blender-web/upstream/source/blender/draw/engines/workbench/workbench_materials.cc:5:
In file included from /Users/paws/blender-web/upstream/source/blender/draw/engines/workbench/workbench_private.hh:9:
In file included from /Users/paws/blender-web/upstream/source/blender/draw/intern/DRW_render.hh:16:
In file included from /Users/paws/blender-web/upstream/source/blender/blenkernel/BKE_subdiv_modifier.hh:11:
In file included from /Users/paws/blender-web/upstream/source/blender/blenkernel/BKE_mesh_types.hh:18:
In file included from /Users/paws/blender-web/upstream/source/blender/blenlib/BLI_index_mask.hh:24:
In file included from /Users/paws/blender-web/upstream/source/blender/blenlib/BLI_unique_sorted_indices.hh:29:
/Users/paws/blender-web/upstream/source/blender/blenlib/BLI_binary_search.hh:21:16: warning: unused function template 'first_if' [-Wunused-template]
   21 | static int64_t first_if(Iterator begin, Iterator end, Predicate &&predicate)
      |                ^~~~~~~~
1 warning generated.
[250/441] Building CXX object source/blender/draw/CMakeFiles/bf_draw.dir/engines/workbench/workbench_resources.cc.o
In file included from /Users/paws/blender-web/upstream/source/blender/draw/engines/workbench/workbench_resources.cc:17:
In file included from /Users/paws/blender-web/upstream/source/blender/draw/engines/workbench/workbench_private.hh:9:
In file included from /Users/paws/blender-web/upstream/source/blender/draw/intern/DRW_render.hh:16:
In file included from /Users/paws/blender-web/upstream/source/blender/blenkernel/BKE_subdiv_modifier.hh:11:
In file included from /Users/paws/blender-web/upstream/source/blender/blenkernel/BKE_mesh_types.hh:18:
In file included from /Users/paws/blender-web/upstream/source/blender/blenlib/BLI_index_mask.hh:24:
In file included from /Users/paws/blender-web/upstream/source/blender/blenlib/BLI_unique_sorted_indices.hh:29:
/Users/paws/blender-web/upstream/source/blender/blenlib/BLI_binary_search.hh:21:16: warning: unused function template 'first_if' [-Wunused-template]
   21 | static int64_t first_if(Iterator begin, Iterator end, Predicate &&predicate)
      |                ^~~~~~~~
1 warning generated.
[251/441] Building CXX object source/blender/draw/CMakeFiles/bf_draw.dir/engines/workbench/workbench_mesh_passes.cc.o
In file included from /Users/paws/blender-web/upstream/source/blender/draw/engines/workbench/workbench_mesh_passes.cc:5:
In file included from /Users/paws/blender-web/upstream/source/blender/draw/engines/workbench/workbench_private.hh:9:
In file included from /Users/paws/blender-web/upstream/source/blender/draw/intern/DRW_render.hh:16:
In file included from /Users/paws/blender-web/upstream/source/blender/blenkernel/BKE_subdiv_modifier.hh:11:
In file included from /Users/paws/blender-web/upstream/source/blender/blenkernel/BKE_mesh_types.hh:18:
In file included from /Users/paws/blender-web/upstream/source/blender/blenlib/BLI_index_mask.hh:24:
In file included from /Users/paws/blender-web/upstream/source/blender/blenlib/BLI_unique_sorted_indices.hh:29:
/Users/paws/blender-web/upstream/source/blender/blenlib/BLI_binary_search.hh:21:16: warning: unused function template 'first_if' [-Wunused-template]
   21 | static int64_t first_if(Iterator begin, Iterator end, Predicate &&predicate)
      |                ^~~~~~~~
1 warning generated.
[252/441] Building CXX object source/blender/draw/CMakeFiles/bf_draw.dir/engines/workbench/workbench_shader_cache.cc.o
In file included from /Users/paws/blender-web/upstream/source/blender/draw/engines/workbench/workbench_shader_cache.cc:5:
In file included from /Users/paws/blender-web/upstream/source/blender/draw/engines/workbench/workbench_private.hh:9:
In file included from /Users/paws/blender-web/upstream/source/blender/draw/intern/DRW_render.hh:16:
In file included from /Users/paws/blender-web/upstream/source/blender/blenkernel/BKE_subdiv_modifier.hh:11:
In file included from /Users/paws/blender-web/upstream/source/blender/blenkernel/BKE_mesh_types.hh:18:
In file included from /Users/paws/blender-web/upstream/source/blender/blenlib/BLI_index_mask.hh:24:
In file included from /Users/paws/blender-web/upstream/source/blender/blenlib/BLI_unique_sorted_indices.hh:29:
/Users/paws/blender-web/upstream/source/blender/blenlib/BLI_binary_search.hh:21:16: warning: unused function template 'first_if' [-Wunused-template]
   21 | static int64_t first_if(Iterator begin, Iterator end, Predicate &&predicate)
      |                ^~~~~~~~
1 warning generated.
[253/441] Building CXX object source/blender/draw/CMakeFiles/bf_draw.dir/engines/workbench/workbench_state.cc.o
In file included from /Users/paws/blender-web/upstream/source/blender/draw/engines/workbench/workbench_state.cc:5:
In file included from /Users/paws/blender-web/upstream/source/blender/draw/engines/workbench/workbench_private.hh:9:
In file included from /Users/paws/blender-web/upstream/source/blender/draw/intern/DRW_render.hh:16:
In file included from /Users/paws/blender-web/upstream/source/blender/blenkernel/BKE_subdiv_modifier.hh:11:
In file included from /Users/paws/blender-web/upstream/source/blender/blenkernel/BKE_mesh_types.hh:18:
In file included from /Users/paws/blender-web/upstream/source/blender/blenlib/BLI_index_mask.hh:24:
In file included from /Users/paws/blender-web/upstream/source/blender/blenlib/BLI_unique_sorted_indices.hh:29:
/Users/paws/blender-web/upstream/source/blender/blenlib/BLI_binary_search.hh:21:16: warning: unused function template 'first_if' [-Wunused-template]
   21 | static int64_t first_if(Iterator begin, Iterator end, Predicate &&predicate)
      |                ^~~~~~~~
1 warning generated.
[254/441] Building CXX object source/blender/draw/CMakeFiles/bf_draw.dir/engines/workbench/workbench_shadow.cc.o
In file included from /Users/paws/blender-web/upstream/source/blender/draw/engines/workbench/workbench_shadow.cc:20:
In file included from /Users/paws/blender-web/upstream/source/blender/draw/intern/DRW_render.hh:16:
In file included from /Users/paws/blender-web/upstream/source/blender/blenkernel/BKE_subdiv_modifier.hh:11:
In file included from /Users/paws/blender-web/upstream/source/blender/blenkernel/BKE_mesh_types.hh:18:
In file included from /Users/paws/blender-web/upstream/source/blender/blenlib/BLI_index_mask.hh:24:
In file included from /Users/paws/blender-web/upstream/source/blender/blenlib/BLI_unique_sorted_indices.hh:29:
/Users/paws/blender-web/upstream/source/blender/blenlib/BLI_binary_search.hh:21:16: warning: unused function template 'first_if' [-Wunused-template]
   21 | static int64_t first_if(Iterator begin, Iterator end, Predicate &&predicate)
      |                ^~~~~~~~
1 warning generated.
[255/441] Building CXX object source/blender/draw/CMakeFiles/bf_draw.dir/engines/workbench/workbench_engine.cc.o
In file included from /Users/paws/blender-web/upstream/source/blender/draw/engines/workbench/workbench_engine.cc:10:
In file included from /Users/paws/blender-web/upstream/source/blender/blenkernel/BKE_editmesh.hh:20:
In file included from /Users/paws/blender-web/upstream/source/blender/bmesh/bmesh.hh:187:
In file included from /Users/paws/blender-web/upstream/source/blender/bmesh/intern/bmesh_construct.hh:12:
In file included from /Users/paws/blender-web/upstream/source/blender/bmesh/intern/bmesh_core.hh:13:
In file included from /Users/paws/blender-web/upstream/source/blender/blenkernel/BKE_customdata.hh:14:
In file included from /Users/paws/blender-web/upstream/source/blender/blenlib/BLI_generic_virtual_array.hh:16:
In file included from /Users/paws/blender-web/upstream/source/blender/blenlib/BLI_virtual_array.hh:34:
In file included from /Users/paws/blender-web/upstream/source/blender/blenlib/BLI_index_mask.hh:24:
In file included from /Users/paws/blender-web/upstream/source/blender/blenlib/BLI_unique_sorted_indices.hh:29:
/Users/paws/blender-web/upstream/source/blender/blenlib/BLI_binary_search.hh:21:16: warning: unused function template 'first_if' [-Wunused-template]
   21 | static int64_t first_if(Iterator begin, Iterator end, Predicate &&predicate)
      |                ^~~~~~~~
1 warning generated.
[256/441] Building CXX object source/blender/draw/CMakeFiles/bf_draw.dir/engines/workbench/workbench_volume.cc.o
In file included from /Users/paws/blender-web/upstream/source/blender/draw/engines/workbench/workbench_volume.cc:8:
In file included from /Users/paws/blender-web/upstream/source/blender/draw/engines/workbench/workbench_private.hh:9:
In file included from /Users/paws/blender-web/upstream/source/blender/draw/intern/DRW_render.hh:16:
In file included from /Users/paws/blender-web/upstream/source/blender/blenkernel/BKE_subdiv_modifier.hh:11:
In file included from /Users/paws/blender-web/upstream/source/blender/blenkernel/BKE_mesh_types.hh:18:
In file included from /Users/paws/blender-web/upstream/source/blender/blenlib/BLI_index_mask.hh:24:
In file included from /Users/paws/blender-web/upstream/source/blender/blenlib/BLI_unique_sorted_indices.hh:29:
/Users/paws/blender-web/upstream/source/blender/blenlib/BLI_binary_search.hh:21:16: warning: unused function template 'first_if' [-Wunused-template]
   21 | static int64_t first_if(Iterator begin, Iterator end, Predicate &&predicate)
      |                ^~~~~~~~
1 warning generated.
[257/441] Building CXX object source/blender/draw/CMakeFiles/bf_draw.dir/engines/external/external_engine.cc.o
In file included from /Users/paws/blender-web/upstream/source/blender/draw/engines/external/external_engine.cc:14:
In file included from /Users/paws/blender-web/upstream/source/blender/draw/intern/DRW_render.hh:16:
In file included from /Users/paws/blender-web/upstream/source/blender/blenkernel/BKE_subdiv_modifier.hh:11:
In file included from /Users/paws/blender-web/upstream/source/blender/blenkernel/BKE_mesh_types.hh:18:
In file included from /Users/paws/blender-web/upstream/source/blender/blenlib/BLI_index_mask.hh:24:
In file included from /Users/paws/blender-web/upstream/source/blender/blenlib/BLI_unique_sorted_indices.hh:29:
/Users/paws/blender-web/upstream/source/blender/blenlib/BLI_binary_search.hh:21:16: warning: unused function template 'first_if' [-Wunused-template]
   21 | static int64_t first_if(Iterator begin, Iterator end, Predicate &&predicate)
      |                ^~~~~~~~
1 warning generated.
[258/441] Building CXX object source/blender/draw/CMakeFiles/bf_draw.dir/engines/gpencil/gpencil_antialiasing.cc.o
In file included from /Users/paws/blender-web/upstream/source/blender/draw/engines/gpencil/gpencil_antialiasing.cc:13:
In file included from /Users/paws/blender-web/upstream/source/blender/draw/intern/DRW_render.hh:16:
In file included from /Users/paws/blender-web/upstream/source/blender/blenkernel/BKE_subdiv_modifier.hh:11:
In file included from /Users/paws/blender-web/upstream/source/blender/blenkernel/BKE_mesh_types.hh:18:
In file included from /Users/paws/blender-web/upstream/source/blender/blenlib/BLI_index_mask.hh:24:
In file included from /Users/paws/blender-web/upstream/source/blender/blenlib/BLI_unique_sorted_indices.hh:29:
/Users/paws/blender-web/upstream/source/blender/blenlib/BLI_binary_search.hh:21:16: warning: unused function template 'first_if' [-Wunused-template]
   21 | static int64_t first_if(Iterator begin, Iterator end, Predicate &&predicate)
      |                ^~~~~~~~
1 warning generated.
[259/441] Building CXX object source/blender/draw/CMakeFiles/bf_draw.dir/engines/gpencil/gpencil_cache_utils.cc.o
In file included from /Users/paws/blender-web/upstream/source/blender/draw/engines/gpencil/gpencil_cache_utils.cc:10:
In file included from /Users/paws/blender-web/upstream/source/blender/draw/intern/DRW_render.hh:16:
In file included from /Users/paws/blender-web/upstream/source/blender/blenkernel/BKE_subdiv_modifier.hh:11:
In file included from /Users/paws/blender-web/upstream/source/blender/blenkernel/BKE_mesh_types.hh:18:
In file included from /Users/paws/blender-web/upstream/source/blender/blenlib/BLI_index_mask.hh:24:
In file included from /Users/paws/blender-web/upstream/source/blender/blenlib/BLI_unique_sorted_indices.hh:29:
/Users/paws/blender-web/upstream/source/blender/blenlib/BLI_binary_search.hh:21:16: warning: unused function template 'first_if' [-Wunused-template]
   21 | static int64_t first_if(Iterator begin, Iterator end, Predicate &&predicate)
      |                ^~~~~~~~
1 warning generated.
[260/441] Building CXX object source/blender/draw/CMakeFiles/bf_draw.dir/engines/gpencil/gpencil_draw_data.cc.o
In file included from /Users/paws/blender-web/upstream/source/blender/draw/engines/gpencil/gpencil_draw_data.cc:9:
In file included from /Users/paws/blender-web/upstream/source/blender/draw/intern/DRW_render.hh:16:
In file included from /Users/paws/blender-web/upstream/source/blender/blenkernel/BKE_subdiv_modifier.hh:11:
In file included from /Users/paws/blender-web/upstream/source/blender/blenkernel/BKE_mesh_types.hh:18:
In file included from /Users/paws/blender-web/upstream/source/blender/blenlib/BLI_index_mask.hh:24:
In file included from /Users/paws/blender-web/upstream/source/blender/blenlib/BLI_unique_sorted_indices.hh:29:
/Users/paws/blender-web/upstream/source/blender/blenlib/BLI_binary_search.hh:21:16: warning: unused function template 'first_if' [-Wunused-template]
   21 | static int64_t first_if(Iterator begin, Iterator end, Predicate &&predicate)
      |                ^~~~~~~~
1 warning generated.
[261/441] Building CXX object source/blender/draw/CMakeFiles/bf_draw.dir/engines/gpencil/gpencil_render.cc.o
In file included from /Users/paws/blender-web/upstream/source/blender/draw/engines/gpencil/gpencil_render.cc:15:
In file included from /Users/paws/blender-web/upstream/source/blender/draw/intern/DRW_render.hh:16:
In file included from /Users/paws/blender-web/upstream/source/blender/blenkernel/BKE_subdiv_modifier.hh:11:
In file included from /Users/paws/blender-web/upstream/source/blender/blenkernel/BKE_mesh_types.hh:18:
In file included from /Users/paws/blender-web/upstream/source/blender/blenlib/BLI_index_mask.hh:24:
In file included from /Users/paws/blender-web/upstream/source/blender/blenlib/BLI_unique_sorted_indices.hh:29:
/Users/paws/blender-web/upstream/source/blender/blenlib/BLI_binary_search.hh:21:16: warning: unused function template 'first_if' [-Wunused-template]
   21 | static int64_t first_if(Iterator begin, Iterator end, Predicate &&predicate)
      |                ^~~~~~~~
1 warning generated.
[262/441] Building CXX object source/blender/draw/CMakeFiles/bf_draw.dir/engines/gpencil/gpencil_shader_fx.cc.o
In file included from /Users/paws/blender-web/upstream/source/blender/draw/engines/gpencil/gpencil_shader_fx.cc:17:
In file included from /Users/paws/blender-web/upstream/source/blender/draw/intern/DRW_render.hh:16:
In file included from /Users/paws/blender-web/upstream/source/blender/blenkernel/BKE_subdiv_modifier.hh:11:
In file included from /Users/paws/blender-web/upstream/source/blender/blenkernel/BKE_mesh_types.hh:18:
In file included from /Users/paws/blender-web/upstream/source/blender/blenlib/BLI_index_mask.hh:24:
In file included from /Users/paws/blender-web/upstream/source/blender/blenlib/BLI_unique_sorted_indices.hh:29:
/Users/paws/blender-web/upstream/source/blender/blenlib/BLI_binary_search.hh:21:16: warning: unused function template 'first_if' [-Wunused-template]
   21 | static int64_t first_if(Iterator begin, Iterator end, Predicate &&predicate)
      |                ^~~~~~~~
1 warning generated.
[263/441] Building CXX object source/blender/draw/CMakeFiles/bf_draw.dir/engines/gpencil/gpencil_engine_c.cc.o
In file included from /Users/paws/blender-web/upstream/source/blender/draw/engines/gpencil/gpencil_engine_c.cc:9:
In file included from /Users/paws/blender-web/upstream/source/blender/draw/intern/DRW_render.hh:16:
In file included from /Users/paws/blender-web/upstream/source/blender/blenkernel/BKE_subdiv_modifier.hh:11:
In file included from /Users/paws/blender-web/upstream/source/blender/blenkernel/BKE_mesh_types.hh:18:
In file included from /Users/paws/blender-web/upstream/source/blender/blenlib/BLI_index_mask.hh:24:
In file included from /Users/paws/blender-web/upstream/source/blender/blenlib/BLI_unique_sorted_indices.hh:29:
/Users/paws/blender-web/upstream/source/blender/blenlib/BLI_binary_search.hh:21:16: warning: unused function template 'first_if' [-Wunused-template]
   21 | static int64_t first_if(Iterator begin, Iterator end, Predicate &&predicate)
      |                ^~~~~~~~
1 warning generated.
[264/441] Building CXX object source/blender/draw/CMakeFiles/bf_draw.dir/engines/select/select_engine.cc.o
In file included from /Users/paws/blender-web/upstream/source/blender/draw/engines/select/select_engine.cc:13:
In file included from /Users/paws/blender-web/upstream/source/blender/blenkernel/BKE_editmesh.hh:20:
In file included from /Users/paws/blender-web/upstream/source/blender/bmesh/bmesh.hh:187:
In file included from /Users/paws/blender-web/upstream/source/blender/bmesh/intern/bmesh_construct.hh:12:
In file included from /Users/paws/blender-web/upstream/source/blender/bmesh/intern/bmesh_core.hh:13:
In file included from /Users/paws/blender-web/upstream/source/blender/blenkernel/BKE_customdata.hh:14:
In file included from /Users/paws/blender-web/upstream/source/blender/blenlib/BLI_generic_virtual_array.hh:16:
In file included from /Users/paws/blender-web/upstream/source/blender/blenlib/BLI_virtual_array.hh:34:
In file included from /Users/paws/blender-web/upstream/source/blender/blenlib/BLI_index_mask.hh:24:
In file included from /Users/paws/blender-web/upstream/source/blender/blenlib/BLI_unique_sorted_indices.hh:29:
/Users/paws/blender-web/upstream/source/blender/blenlib/BLI_binary_search.hh:21:16: warning: unused function template 'first_if' [-Wunused-template]
   21 | static int64_t first_if(Iterator begin, Iterator end, Predicate &&predicate)
      |                ^~~~~~~~
1 warning generated.
[265/441] Building CXX object source/blender/draw/CMakeFiles/bf_draw.dir/engines/overlay/overlay_armature.cc.o
In file included from /Users/paws/blender-web/upstream/source/blender/draw/engines/overlay/overlay_armature.cc:19:
In file included from /Users/paws/blender-web/upstream/source/blender/draw/intern/DRW_render.hh:16:
In file included from /Users/paws/blender-web/upstream/source/blender/blenkernel/BKE_subdiv_modifier.hh:11:
In file included from /Users/paws/blender-web/upstream/source/blender/blenkernel/BKE_mesh_types.hh:18:
In file included from /Users/paws/blender-web/upstream/source/blender/blenlib/BLI_index_mask.hh:24:
In file included from /Users/paws/blender-web/upstream/source/blender/blenlib/BLI_unique_sorted_indices.hh:29:
/Users/paws/blender-web/upstream/source/blender/blenlib/BLI_binary_search.hh:21:16: warning: unused function template 'first_if' [-Wunused-template]
   21 | static int64_t first_if(Iterator begin, Iterator end, Predicate &&predicate)
      |                ^~~~~~~~
1 warning generated.
[266/441] Building CXX object source/blender/draw/CMakeFiles/bf_draw.dir/engines/overlay/overlay_mode_transfer.cc.o
In file included from /Users/paws/blender-web/upstream/source/blender/draw/engines/overlay/overlay_mode_transfer.cc:5:
In file included from /Users/paws/blender-web/upstream/source/blender/draw/engines/overlay/overlay_mode_transfer.hh:18:
In file included from /Users/paws/blender-web/upstream/source/blender/draw/engines/overlay/overlay_base.hh:11:
In file included from /Users/paws/blender-web/upstream/source/blender/draw/engines/overlay/overlay_private.hh:22:
In file included from /Users/paws/blender-web/upstream/source/blender/draw/intern/DRW_gpu_wrapper.hh:72:
In file included from /Users/paws/blender-web/upstream/source/blender/gpu/GPU_storage_buffer.hh:18:
In file included from /Users/paws/blender-web/upstream/source/blender/gpu/GPU_vertex_buffer.hh:16:
In file included from /Users/paws/blender-web/upstream/source/blender/blenlib/BLI_virtual_array.hh:34:
In file included from /Users/paws/blender-web/upstream/source/blender/blenlib/BLI_index_mask.hh:24:
In file included from /Users/paws/blender-web/upstream/source/blender/blenlib/BLI_unique_sorted_indices.hh:29:
/Users/paws/blender-web/upstream/source/blender/blenlib/BLI_binary_search.hh:21:16: warning: unused function template 'first_if' [-Wunused-template]
   21 | static int64_t first_if(Iterator begin, Iterator end, Predicate &&predicate)
      |                ^~~~~~~~
1 warning generated.
[267/441] Building CXX object source/blender/draw/CMakeFiles/bf_draw.dir/engines/overlay/overlay_shader.cc.o
In file included from /Users/paws/blender-web/upstream/source/blender/draw/engines/overlay/overlay_shader.cc:9:
In file included from /Users/paws/blender-web/upstream/source/blender/draw/engines/overlay/overlay_private.hh:22:
In file included from /Users/paws/blender-web/upstream/source/blender/draw/intern/DRW_gpu_wrapper.hh:72:
In file included from /Users/paws/blender-web/upstream/source/blender/gpu/GPU_storage_buffer.hh:18:
In file included from /Users/paws/blender-web/upstream/source/blender/gpu/GPU_vertex_buffer.hh:16:
In file included from /Users/paws/blender-web/upstream/source/blender/blenlib/BLI_virtual_array.hh:34:
In file included from /Users/paws/blender-web/upstream/source/blender/blenlib/BLI_index_mask.hh:24:
In file included from /Users/paws/blender-web/upstream/source/blender/blenlib/BLI_unique_sorted_indices.hh:29:
/Users/paws/blender-web/upstream/source/blender/blenlib/BLI_binary_search.hh:21:16: warning: unused function template 'first_if' [-Wunused-template]
   21 | static int64_t first_if(Iterator begin, Iterator end, Predicate &&predicate)
      |                ^~~~~~~~
1 warning generated.
[268/441] Building CXX object source/blender/blenfont/CMakeFiles/bf_blenfont.dir/intern/blf_font.cc.o
In file included from /Users/paws/blender-web/upstream/source/blender/blenfont/intern/blf_font.cc:44:
In file included from /Users/paws/blender-web/upstream/source/blender/gpu/GPU_batch.hh:26:
In file included from /Users/paws/blender-web/upstream/source/blender/gpu/GPU_storage_buffer.hh:18:
In file included from /Users/paws/blender-web/upstream/source/blender/gpu/GPU_vertex_buffer.hh:16:
In file included from /Users/paws/blender-web/upstream/source/blender/blenlib/BLI_virtual_array.hh:34:
In file included from /Users/paws/blender-web/upstream/source/blender/blenlib/BLI_index_mask.hh:24:
In file included from /Users/paws/blender-web/upstream/source/blender/blenlib/BLI_unique_sorted_indices.hh:29:
/Users/paws/blender-web/upstream/source/blender/blenlib/BLI_binary_search.hh:21:16: warning: unused function template 'first_if' [-Wunused-template]
   21 | static int64_t first_if(Iterator begin, Iterator end, Predicate &&predicate)
      |                ^~~~~~~~
1 warning generated.
[269/441] Building CXX object source/blender/gpu/CMakeFiles/bf_gpu.dir/intern/gpu_batch.cc.o
In file included from /Users/paws/blender-web/upstream/source/blender/gpu/intern/gpu_batch.cc:15:
In file included from /Users/paws/blender-web/upstream/source/blender/gpu/GPU_batch.hh:26:
In file included from /Users/paws/blender-web/upstream/source/blender/gpu/GPU_storage_buffer.hh:18:
In file included from /Users/paws/blender-web/upstream/source/blender/gpu/GPU_vertex_buffer.hh:16:
In file included from /Users/paws/blender-web/upstream/source/blender/blenlib/BLI_virtual_array.hh:34:
In file included from /Users/paws/blender-web/upstream/source/blender/blenlib/BLI_index_mask.hh:24:
In file included from /Users/paws/blender-web/upstream/source/blender/blenlib/BLI_unique_sorted_indices.hh:29:
/Users/paws/blender-web/upstream/source/blender/blenlib/BLI_binary_search.hh:21:16: warning: unused function template 'first_if' [-Wunused-template]
   21 | static int64_t first_if(Iterator begin, Iterator end, Predicate &&predicate)
      |                ^~~~~~~~
1 warning generated.
[270/441] Building CXX object source/blender/gpu/CMakeFiles/bf_gpu.dir/intern/gpu_batch_presets.cc.o
In file included from /Users/paws/blender-web/upstream/source/blender/gpu/intern/gpu_batch_presets.cc:16:
In file included from /Users/paws/blender-web/upstream/source/blender/gpu/GPU_batch.hh:26:
In file included from /Users/paws/blender-web/upstream/source/blender/gpu/GPU_storage_buffer.hh:18:
In file included from /Users/paws/blender-web/upstream/source/blender/gpu/GPU_vertex_buffer.hh:16:
In file included from /Users/paws/blender-web/upstream/source/blender/blenlib/BLI_virtual_array.hh:34:
In file included from /Users/paws/blender-web/upstream/source/blender/blenlib/BLI_index_mask.hh:24:
In file included from /Users/paws/blender-web/upstream/source/blender/blenlib/BLI_unique_sorted_indices.hh:29:
/Users/paws/blender-web/upstream/source/blender/blenlib/BLI_binary_search.hh:21:16: warning: unused function template 'first_if' [-Wunused-template]
   21 | static int64_t first_if(Iterator begin, Iterator end, Predicate &&predicate)
      |                ^~~~~~~~
1 warning generated.
[271/441] Building CXX object source/blender/render/CMakeFiles/bf_render.dir/intern/compositor.cc.o
In file included from /Users/paws/blender-web/upstream/source/blender/render/intern/compositor.cc:22:
In file included from /Users/paws/blender-web/upstream/source/blender/blenkernel/BKE_node_runtime.hh:26:
/Users/paws/blender-web/upstream/source/blender/blenkernel/BKE_node_tree_interface.hh:60:34: warning: unused function template 'item_is_type' [-Wunused-template]
   60 | template<typename T> static bool item_is_type(const bNodeTreeInterfaceItem &item)
      |                                  ^~~~~~~~~~~~
In file included from /Users/paws/blender-web/upstream/source/blender/render/intern/compositor.cc:23:
In file included from /Users/paws/blender-web/upstream/source/blender/blenkernel/BKE_scene.hh:13:
In file included from /Users/paws/blender-web/upstream/source/blender/blenkernel/BKE_duplilist.hh:13:
In file included from /Users/paws/blender-web/upstream/source/blender/blenkernel/BKE_geometry_set.hh:22:
In file included from /Users/paws/blender-web/upstream/source/blender/blenkernel/BKE_attribute.hh:16:
In file included from /Users/paws/blender-web/upstream/source/blender/blenlib/BLI_generic_virtual_array.hh:16:
In file included from /Users/paws/blender-web/upstream/source/blender/blenlib/BLI_virtual_array.hh:34:
In file included from /Users/paws/blender-web/upstream/source/blender/blenlib/BLI_index_mask.hh:24:
In file included from /Users/paws/blender-web/upstream/source/blender/blenlib/BLI_unique_sorted_indices.hh:29:
/Users/paws/blender-web/upstream/source/blender/blenlib/BLI_binary_search.hh:21:16: warning: unused function template 'first_if' [-Wunused-template]
   21 | static int64_t first_if(Iterator begin, Iterator end, Predicate &&predicate)
      |                ^~~~~~~~
2 warnings generated.
[272/441] Linking CXX static library lib/libbf_blenfont.a
[273/441] Building CXX object source/blender/gpu/CMakeFiles/bf_gpu.dir/intern/gpu_batch_utils.cc.o
In file included from /Users/paws/blender-web/upstream/source/blender/gpu/intern/gpu_batch_utils.cc:19:
In file included from /Users/paws/blender-web/upstream/source/blender/gpu/GPU_batch.hh:26:
In file included from /Users/paws/blender-web/upstream/source/blender/gpu/GPU_storage_buffer.hh:18:
In file included from /Users/paws/blender-web/upstream/source/blender/gpu/GPU_vertex_buffer.hh:16:
In file included from /Users/paws/blender-web/upstream/source/blender/blenlib/BLI_virtual_array.hh:34:
In file included from /Users/paws/blender-web/upstream/source/blender/blenlib/BLI_index_mask.hh:24:
In file included from /Users/paws/blender-web/upstream/source/blender/blenlib/BLI_unique_sorted_indices.hh:29:
/Users/paws/blender-web/upstream/source/blender/blenlib/BLI_binary_search.hh:21:16: warning: unused function template 'first_if' [-Wunused-template]
   21 | static int64_t first_if(Iterator begin, Iterator end, Predicate &&predicate)
      |                ^~~~~~~~
1 warning generated.
[274/441] Building CXX object source/blender/draw/CMakeFiles/bf_draw.dir/engines/overlay/overlay_shape.cc.o
In file included from /Users/paws/blender-web/upstream/source/blender/draw/engines/overlay/overlay_shape.cc:12:
In file included from /Users/paws/blender-web/upstream/source/blender/draw/engines/overlay/overlay_private.hh:22:
In file included from /Users/paws/blender-web/upstream/source/blender/draw/intern/DRW_gpu_wrapper.hh:72:
In file included from /Users/paws/blender-web/upstream/source/blender/gpu/GPU_storage_buffer.hh:18:
In file included from /Users/paws/blender-web/upstream/source/blender/gpu/GPU_vertex_buffer.hh:16:
In file included from /Users/paws/blender-web/upstream/source/blender/blenlib/BLI_virtual_array.hh:34:
In file included from /Users/paws/blender-web/upstream/source/blender/blenlib/BLI_index_mask.hh:24:
In file included from /Users/paws/blender-web/upstream/source/blender/blenlib/BLI_unique_sorted_indices.hh:29:
/Users/paws/blender-web/upstream/source/blender/blenlib/BLI_binary_search.hh:21:16: warning: unused function template 'first_if' [-Wunused-template]
   21 | static int64_t first_if(Iterator begin, Iterator end, Predicate &&predicate)
      |                ^~~~~~~~
1 warning generated.
[275/441] Building CXX object source/blender/gpu/CMakeFiles/bf_gpu.dir/intern/gpu_capabilities.cc.o
In file included from /Users/paws/blender-web/upstream/source/blender/gpu/intern/gpu_capabilities.cc:16:
In file included from /Users/paws/blender-web/upstream/source/blender/gpu/intern/gpu_context_private.hh:15:
In file included from /Users/paws/blender-web/upstream/source/blender/gpu/GPU_batch.hh:26:
In file included from /Users/paws/blender-web/upstream/source/blender/gpu/GPU_storage_buffer.hh:18:
In file included from /Users/paws/blender-web/upstream/source/blender/gpu/GPU_vertex_buffer.hh:16:
In file included from /Users/paws/blender-web/upstream/source/blender/blenlib/BLI_virtual_array.hh:34:
In file included from /Users/paws/blender-web/upstream/source/blender/blenlib/BLI_index_mask.hh:24:
In file included from /Users/paws/blender-web/upstream/source/blender/blenlib/BLI_unique_sorted_indices.hh:29:
/Users/paws/blender-web/upstream/source/blender/blenlib/BLI_binary_search.hh:21:16: warning: unused function template 'first_if' [-Wunused-template]
   21 | static int64_t first_if(Iterator begin, Iterator end, Predicate &&predicate)
      |                ^~~~~~~~
1 warning generated.
[276/441] Building CXX object source/blender/render/CMakeFiles/bf_render.dir/intern/pipeline.cc.o
In file included from /Users/paws/blender-web/upstream/source/blender/render/intern/pipeline.cc:57:
In file included from /Users/paws/blender-web/upstream/source/blender/blenkernel/BKE_node_runtime.hh:26:
/Users/paws/blender-web/upstream/source/blender/blenkernel/BKE_node_tree_interface.hh:60:34: warning: unused function template 'item_is_type' [-Wunused-template]
   60 | template<typename T> static bool item_is_type(const bNodeTreeInterfaceItem &item)
      |                                  ^~~~~~~~~~~~
In file included from /Users/paws/blender-web/upstream/source/blender/render/intern/pipeline.cc:60:
In file included from /Users/paws/blender-web/upstream/source/blender/blenkernel/BKE_scene.hh:13:
In file included from /Users/paws/blender-web/upstream/source/blender/blenkernel/BKE_duplilist.hh:13:
In file included from /Users/paws/blender-web/upstream/source/blender/blenkernel/BKE_geometry_set.hh:22:
In file included from /Users/paws/blender-web/upstream/source/blender/blenkernel/BKE_attribute.hh:16:
In file included from /Users/paws/blender-web/upstream/source/blender/blenlib/BLI_generic_virtual_array.hh:16:
In file included from /Users/paws/blender-web/upstream/source/blender/blenlib/BLI_virtual_array.hh:34:
In file included from /Users/paws/blender-web/upstream/source/blender/blenlib/BLI_index_mask.hh:24:
In file included from /Users/paws/blender-web/upstream/source/blender/blenlib/BLI_unique_sorted_indices.hh:29:
/Users/paws/blender-web/upstream/source/blender/blenlib/BLI_binary_search.hh:21:16: warning: unused function template 'first_if' [-Wunused-template]
   21 | static int64_t first_if(Iterator begin, Iterator end, Predicate &&predicate)
      |                ^~~~~~~~
2 warnings generated.
[277/441] Building CXX object source/blender/gpu/CMakeFiles/bf_gpu.dir/intern/gpu_compute.cc.o
In file included from /Users/paws/blender-web/upstream/source/blender/gpu/intern/gpu_compute.cc:9:
In file included from /Users/paws/blender-web/upstream/source/blender/gpu/GPU_compute.hh:19:
In file included from /Users/paws/blender-web/upstream/source/blender/gpu/GPU_storage_buffer.hh:18:
In file included from /Users/paws/blender-web/upstream/source/blender/gpu/GPU_vertex_buffer.hh:16:
In file included from /Users/paws/blender-web/upstream/source/blender/blenlib/BLI_virtual_array.hh:34:
In file included from /Users/paws/blender-web/upstream/source/blender/blenlib/BLI_index_mask.hh:24:
In file included from /Users/paws/blender-web/upstream/source/blender/blenlib/BLI_unique_sorted_indices.hh:29:
/Users/paws/blender-web/upstream/source/blender/blenlib/BLI_binary_search.hh:21:16: warning: unused function template 'first_if' [-Wunused-template]
   21 | static int64_t first_if(Iterator begin, Iterator end, Predicate &&predicate)
      |                ^~~~~~~~
1 warning generated.
[278/441] Linking CXX static library lib/libbf_render.a
[279/441] Building CXX object source/blender/gpu/CMakeFiles/bf_gpu.dir/intern/gpu_codegen.cc.o
In file included from /Users/paws/blender-web/upstream/source/blender/gpu/intern/gpu_codegen.cc:28:
In file included from /Users/paws/blender-web/upstream/source/blender/gpu/intern/gpu_codegen.hh:21:
In file included from /Users/paws/blender-web/upstream/source/blender/gpu/intern/gpu_shader_create_info.hh:25:
In file included from /Users/paws/blender-web/upstream/source/blender/gpu/intern/gpu_shader_create_info_pipeline.hh:13:
In file included from /Users/paws/blender-web/upstream/source/blender/gpu/intern/gpu_state_private.hh:15:
In file included from /Users/paws/blender-web/upstream/source/blender/gpu/intern/gpu_texture_private.hh:14:
In file included from /Users/paws/blender-web/upstream/source/blender/gpu/GPU_vertex_buffer.hh:16:
In file included from /Users/paws/blender-web/upstream/source/blender/blenlib/BLI_virtual_array.hh:34:
In file included from /Users/paws/blender-web/upstream/source/blender/blenlib/BLI_index_mask.hh:24:
In file included from /Users/paws/blender-web/upstream/source/blender/blenlib/BLI_unique_sorted_indices.hh:29:
/Users/paws/blender-web/upstream/source/blender/blenlib/BLI_binary_search.hh:21:16: warning: unused function template 'first_if' [-Wunused-template]
   21 | static int64_t first_if(Iterator begin, Iterator end, Predicate &&predicate)
      |                ^~~~~~~~
1 warning generated.
[280/441] Building CXX object source/blender/gpu/CMakeFiles/bf_gpu.dir/intern/gpu_context.cc.o
In file included from /Users/paws/blender-web/upstream/source/blender/gpu/intern/gpu_context.cc:30:
In file included from /Users/paws/blender-web/upstream/source/blender/gpu/GPU_batch.hh:26:
In file included from /Users/paws/blender-web/upstream/source/blender/gpu/GPU_storage_buffer.hh:18:
In file included from /Users/paws/blender-web/upstream/source/blender/gpu/GPU_vertex_buffer.hh:16:
In file included from /Users/paws/blender-web/upstream/source/blender/blenlib/BLI_virtual_array.hh:34:
In file included from /Users/paws/blender-web/upstream/source/blender/blenlib/BLI_index_mask.hh:24:
In file included from /Users/paws/blender-web/upstream/source/blender/blenlib/BLI_unique_sorted_indices.hh:29:
/Users/paws/blender-web/upstream/source/blender/blenlib/BLI_binary_search.hh:21:16: warning: unused function template 'first_if' [-Wunused-template]
   21 | static int64_t first_if(Iterator begin, Iterator end, Predicate &&predicate)
      |                ^~~~~~~~
1 warning generated.
[281/441] Building CXX object source/blender/gpu/CMakeFiles/bf_gpu.dir/intern/gpu_debug.cc.o
In file included from /Users/paws/blender-web/upstream/source/blender/gpu/intern/gpu_debug.cc:15:
In file included from /Users/paws/blender-web/upstream/source/blender/gpu/intern/gpu_context_private.hh:15:
In file included from /Users/paws/blender-web/upstream/source/blender/gpu/GPU_batch.hh:26:
In file included from /Users/paws/blender-web/upstream/source/blender/gpu/GPU_storage_buffer.hh:18:
In file included from /Users/paws/blender-web/upstream/source/blender/gpu/GPU_vertex_buffer.hh:16:
In file included from /Users/paws/blender-web/upstream/source/blender/blenlib/BLI_virtual_array.hh:34:
In file included from /Users/paws/blender-web/upstream/source/blender/blenlib/BLI_index_mask.hh:24:
In file included from /Users/paws/blender-web/upstream/source/blender/blenlib/BLI_unique_sorted_indices.hh:29:
/Users/paws/blender-web/upstream/source/blender/blenlib/BLI_binary_search.hh:21:16: warning: unused function template 'first_if' [-Wunused-template]
   21 | static int64_t first_if(Iterator begin, Iterator end, Predicate &&predicate)
      |                ^~~~~~~~
1 warning generated.
[282/441] Building CXX object source/blender/gpu/CMakeFiles/bf_gpu.dir/intern/gpu_immediate_util.cc.o
In file included from /Users/paws/blender-web/upstream/source/blender/gpu/intern/gpu_immediate_util.cc:20:
In file included from /Users/paws/blender-web/upstream/source/blender/gpu/GPU_immediate.hh:13:
In file included from /Users/paws/blender-web/upstream/source/blender/gpu/GPU_batch.hh:26:
In file included from /Users/paws/blender-web/upstream/source/blender/gpu/GPU_storage_buffer.hh:18:
In file included from /Users/paws/blender-web/upstream/source/blender/gpu/GPU_vertex_buffer.hh:16:
In file included from /Users/paws/blender-web/upstream/source/blender/blenlib/BLI_virtual_array.hh:34:
In file included from /Users/paws/blender-web/upstream/source/blender/blenlib/BLI_index_mask.hh:24:
In file included from /Users/paws/blender-web/upstream/source/blender/blenlib/BLI_unique_sorted_indices.hh:29:
/Users/paws/blender-web/upstream/source/blender/blenlib/BLI_binary_search.hh:21:16: warning: unused function template 'first_if' [-Wunused-template]
   21 | static int64_t first_if(Iterator begin, Iterator end, Predicate &&predicate)
      |                ^~~~~~~~
1 warning generated.
[283/441] Building CXX object source/blender/gpu/CMakeFiles/bf_gpu.dir/intern/gpu_index_buffer.cc.o
In file included from /Users/paws/blender-web/upstream/source/blender/gpu/intern/gpu_index_buffer.cc:13:
In file included from /Users/paws/blender-web/upstream/source/blender/blenlib/BLI_array_utils.hh:15:
In file included from /Users/paws/blender-web/upstream/source/blender/blenlib/BLI_generic_virtual_array.hh:16:
In file included from /Users/paws/blender-web/upstream/source/blender/blenlib/BLI_virtual_array.hh:34:
In file included from /Users/paws/blender-web/upstream/source/blender/blenlib/BLI_index_mask.hh:24:
In file included from /Users/paws/blender-web/upstream/source/blender/blenlib/BLI_unique_sorted_indices.hh:29:
/Users/paws/blender-web/upstream/source/blender/blenlib/BLI_binary_search.hh:21:16: warning: unused function template 'first_if' [-Wunused-template]
   21 | static int64_t first_if(Iterator begin, Iterator end, Predicate &&predicate)
      |                ^~~~~~~~
1 warning generated.
[284/441] Building CXX object source/blender/gpu/CMakeFiles/bf_gpu.dir/intern/gpu_immediate.cc.o
In file included from /Users/paws/blender-web/upstream/source/blender/gpu/intern/gpu_immediate.cc:15:
In file included from /Users/paws/blender-web/upstream/source/blender/gpu/GPU_immediate.hh:13:
In file included from /Users/paws/blender-web/upstream/source/blender/gpu/GPU_batch.hh:26:
In file included from /Users/paws/blender-web/upstream/source/blender/gpu/GPU_storage_buffer.hh:18:
In file included from /Users/paws/blender-web/upstream/source/blender/gpu/GPU_vertex_buffer.hh:16:
In file included from /Users/paws/blender-web/upstream/source/blender/blenlib/BLI_virtual_array.hh:34:
In file included from /Users/paws/blender-web/upstream/source/blender/blenlib/BLI_index_mask.hh:24:
In file included from /Users/paws/blender-web/upstream/source/blender/blenlib/BLI_unique_sorted_indices.hh:29:
/Users/paws/blender-web/upstream/source/blender/blenlib/BLI_binary_search.hh:21:16: warning: unused function template 'first_if' [-Wunused-template]
   21 | static int64_t first_if(Iterator begin, Iterator end, Predicate &&predicate)
      |                ^~~~~~~~
1 warning generated.
[285/441] Building CXX object source/blender/gpu/CMakeFiles/bf_gpu.dir/intern/gpu_framebuffer.cc.o
In file included from /Users/paws/blender-web/upstream/source/blender/gpu/intern/gpu_framebuffer.cc:20:
In file included from /Users/paws/blender-web/upstream/source/blender/gpu/intern/gpu_backend.hh:19:
In file included from /Users/paws/blender-web/upstream/source/blender/gpu/GPU_vertex_buffer.hh:16:
In file included from /Users/paws/blender-web/upstream/source/blender/blenlib/BLI_virtual_array.hh:34:
In file included from /Users/paws/blender-web/upstream/source/blender/blenlib/BLI_index_mask.hh:24:
In file included from /Users/paws/blender-web/upstream/source/blender/blenlib/BLI_unique_sorted_indices.hh:29:
/Users/paws/blender-web/upstream/source/blender/blenlib/BLI_binary_search.hh:21:16: warning: unused function template 'first_if' [-Wunused-template]
   21 | static int64_t first_if(Iterator begin, Iterator end, Predicate &&predicate)
      |                ^~~~~~~~
1 warning generated.
[286/441] Building CXX object source/blender/gpu/CMakeFiles/bf_gpu.dir/intern/gpu_init_exit.cc.o
In file included from /Users/paws/blender-web/upstream/source/blender/gpu/intern/gpu_init_exit.cc:11:
In file included from /Users/paws/blender-web/upstream/source/blender/gpu/GPU_batch.hh:26:
In file included from /Users/paws/blender-web/upstream/source/blender/gpu/GPU_storage_buffer.hh:18:
In file included from /Users/paws/blender-web/upstream/source/blender/gpu/GPU_vertex_buffer.hh:16:
In file included from /Users/paws/blender-web/upstream/source/blender/blenlib/BLI_virtual_array.hh:34:
In file included from /Users/paws/blender-web/upstream/source/blender/blenlib/BLI_index_mask.hh:24:
In file included from /Users/paws/blender-web/upstream/source/blender/blenlib/BLI_unique_sorted_indices.hh:29:
/Users/paws/blender-web/upstream/source/blender/blenlib/BLI_binary_search.hh:21:16: warning: unused function template 'first_if' [-Wunused-template]
   21 | static int64_t first_if(Iterator begin, Iterator end, Predicate &&predicate)
      |                ^~~~~~~~
1 warning generated.
[287/441] Building CXX object source/blender/draw/CMakeFiles/bf_draw.dir/engines/select/select_instance.cc.o
In file included from /Users/paws/blender-web/upstream/source/blender/draw/engines/select/select_instance.cc:9:
In file included from /Users/paws/blender-web/upstream/source/blender/draw/intern/DRW_render.hh:16:
In file included from /Users/paws/blender-web/upstream/source/blender/blenkernel/BKE_subdiv_modifier.hh:11:
In file included from /Users/paws/blender-web/upstream/source/blender/blenkernel/BKE_mesh_types.hh:18:
In file included from /Users/paws/blender-web/upstream/source/blender/blenlib/BLI_index_mask.hh:24:
In file included from /Users/paws/blender-web/upstream/source/blender/blenlib/BLI_unique_sorted_indices.hh:29:
/Users/paws/blender-web/upstream/source/blender/blenlib/BLI_binary_search.hh:21:16: warning: unused function template 'first_if' [-Wunused-template]
   21 | static int64_t first_if(Iterator begin, Iterator end, Predicate &&predicate)
      |                ^~~~~~~~
1 warning generated.
[288/441] Building CXX object source/blender/gpu/CMakeFiles/bf_gpu.dir/intern/gpu_matrix.cc.o
In file included from /Users/paws/blender-web/upstream/source/blender/gpu/intern/gpu_matrix.cc:9:
In file included from /Users/paws/blender-web/upstream/source/blender/gpu/intern/gpu_context_private.hh:15:
In file included from /Users/paws/blender-web/upstream/source/blender/gpu/GPU_batch.hh:26:
In file included from /Users/paws/blender-web/upstream/source/blender/gpu/GPU_storage_buffer.hh:18:
In file included from /Users/paws/blender-web/upstream/source/blender/gpu/GPU_vertex_buffer.hh:16:
In file included from /Users/paws/blender-web/upstream/source/blender/blenlib/BLI_virtual_array.hh:34:
In file included from /Users/paws/blender-web/upstream/source/blender/blenlib/BLI_index_mask.hh:24:
In file included from /Users/paws/blender-web/upstream/source/blender/blenlib/BLI_unique_sorted_indices.hh:29:
/Users/paws/blender-web/upstream/source/blender/blenlib/BLI_binary_search.hh:21:16: warning: unused function template 'first_if' [-Wunused-template]
   21 | static int64_t first_if(Iterator begin, Iterator end, Predicate &&predicate)
      |                ^~~~~~~~
1 warning generated.
[289/441] Building CXX object source/blender/draw/CMakeFiles/bf_draw.dir/engines/overlay/overlay_engine.cc.o
In file included from /Users/paws/blender-web/upstream/source/blender/draw/engines/overlay/overlay_engine.cc:11:
In file included from /Users/paws/blender-web/upstream/source/blender/draw/engines/overlay/overlay_instance.hh:11:
In file included from /Users/paws/blender-web/upstream/source/blender/draw/engines/overlay/overlay_private.hh:22:
In file included from /Users/paws/blender-web/upstream/source/blender/draw/intern/DRW_gpu_wrapper.hh:72:
In file included from /Users/paws/blender-web/upstream/source/blender/gpu/GPU_storage_buffer.hh:18:
In file included from /Users/paws/blender-web/upstream/source/blender/gpu/GPU_vertex_buffer.hh:16:
In file included from /Users/paws/blender-web/upstream/source/blender/blenlib/BLI_virtual_array.hh:34:
In file included from /Users/paws/blender-web/upstream/source/blender/blenlib/BLI_index_mask.hh:24:
In file included from /Users/paws/blender-web/upstream/source/blender/blenlib/BLI_unique_sorted_indices.hh:29:
/Users/paws/blender-web/upstream/source/blender/blenlib/BLI_binary_search.hh:21:16: warning: unused function template 'first_if' [-Wunused-template]
   21 | static int64_t first_if(Iterator begin, Iterator end, Predicate &&predicate)
      |                ^~~~~~~~
1 warning generated.
[290/441] Building CXX object source/blender/gpu/CMakeFiles/bf_gpu.dir/intern/gpu_material.cc.o
In file included from /Users/paws/blender-web/upstream/source/blender/gpu/intern/gpu_material.cc:29:
In file included from /Users/paws/blender-web/upstream/source/blender/blenkernel/BKE_node_runtime.hh:26:
/Users/paws/blender-web/upstream/source/blender/blenkernel/BKE_node_tree_interface.hh:60:34: warning: unused function template 'item_is_type' [-Wunused-template]
   60 | template<typename T> static bool item_is_type(const bNodeTreeInterfaceItem &item)
      |                                  ^~~~~~~~~~~~
1 warning generated.
[291/441] Building CXX object source/blender/gpu/CMakeFiles/bf_gpu.dir/intern/gpu_shader_builtin.cc.o
In file included from /Users/paws/blender-web/upstream/source/blender/gpu/intern/gpu_shader_builtin.cc:16:
In file included from /Users/paws/blender-web/upstream/source/blender/gpu/intern/gpu_shader_private.hh:17:
In file included from /Users/paws/blender-web/upstream/source/blender/gpu/intern/gpu_shader_create_info.hh:25:
In file included from /Users/paws/blender-web/upstream/source/blender/gpu/intern/gpu_shader_create_info_pipeline.hh:13:
In file included from /Users/paws/blender-web/upstream/source/blender/gpu/intern/gpu_state_private.hh:15:
In file included from /Users/paws/blender-web/upstream/source/blender/gpu/intern/gpu_texture_private.hh:14:
In file included from /Users/paws/blender-web/upstream/source/blender/gpu/GPU_vertex_buffer.hh:16:
In file included from /Users/paws/blender-web/upstream/source/blender/blenlib/BLI_virtual_array.hh:34:
In file included from /Users/paws/blender-web/upstream/source/blender/blenlib/BLI_index_mask.hh:24:
In file included from /Users/paws/blender-web/upstream/source/blender/blenlib/BLI_unique_sorted_indices.hh:29:
/Users/paws/blender-web/upstream/source/blender/blenlib/BLI_binary_search.hh:21:16: warning: unused function template 'first_if' [-Wunused-template]
   21 | static int64_t first_if(Iterator begin, Iterator end, Predicate &&predicate)
      |                ^~~~~~~~
1 warning generated.
[292/441] Building CXX object source/blender/gpu/CMakeFiles/bf_gpu.dir/intern/gpu_pass.cc.o
In file included from /Users/paws/blender-web/upstream/source/blender/gpu/intern/gpu_pass.cc:22:
In file included from /Users/paws/blender-web/upstream/source/blender/gpu/intern/gpu_codegen.hh:21:
In file included from /Users/paws/blender-web/upstream/source/blender/gpu/intern/gpu_shader_create_info.hh:25:
In file included from /Users/paws/blender-web/upstream/source/blender/gpu/intern/gpu_shader_create_info_pipeline.hh:13:
In file included from /Users/paws/blender-web/upstream/source/blender/gpu/intern/gpu_state_private.hh:15:
In file included from /Users/paws/blender-web/upstream/source/blender/gpu/intern/gpu_texture_private.hh:14:
In file included from /Users/paws/blender-web/upstream/source/blender/gpu/GPU_vertex_buffer.hh:16:
In file included from /Users/paws/blender-web/upstream/source/blender/blenlib/BLI_virtual_array.hh:34:
In file included from /Users/paws/blender-web/upstream/source/blender/blenlib/BLI_index_mask.hh:24:
In file included from /Users/paws/blender-web/upstream/source/blender/blenlib/BLI_unique_sorted_indices.hh:29:
/Users/paws/blender-web/upstream/source/blender/blenlib/BLI_binary_search.hh:21:16: warning: unused function template 'first_if' [-Wunused-template]
   21 | static int64_t first_if(Iterator begin, Iterator end, Predicate &&predicate)
      |                ^~~~~~~~
1 warning generated.
[293/441] Building CXX object source/blender/draw/CMakeFiles/bf_draw.dir/engines/overlay/overlay_instance.cc.o
In file included from /Users/paws/blender-web/upstream/source/blender/draw/engines/overlay/overlay_instance.cc:10:
In file included from /Users/paws/blender-web/upstream/source/blender/depsgraph/DEG_depsgraph_query.hh:24:
In file included from /Users/paws/blender-web/upstream/source/blender/blenkernel/BKE_duplilist.hh:13:
In file included from /Users/paws/blender-web/upstream/source/blender/blenkernel/BKE_geometry_set.hh:22:
In file included from /Users/paws/blender-web/upstream/source/blender/blenkernel/BKE_attribute.hh:16:
In file included from /Users/paws/blender-web/upstream/source/blender/blenlib/BLI_generic_virtual_array.hh:16:
In file included from /Users/paws/blender-web/upstream/source/blender/blenlib/BLI_virtual_array.hh:34:
In file included from /Users/paws/blender-web/upstream/source/blender/blenlib/BLI_index_mask.hh:24:
In file included from /Users/paws/blender-web/upstream/source/blender/blenlib/BLI_unique_sorted_indices.hh:29:
/Users/paws/blender-web/upstream/source/blender/blenlib/BLI_binary_search.hh:21:16: warning: unused function template 'first_if' [-Wunused-template]
   21 | static int64_t first_if(Iterator begin, Iterator end, Predicate &&predicate)
      |                ^~~~~~~~
1 warning generated.
[294/441] Building CXX object source/blender/gpu/CMakeFiles/bf_gpu.dir/intern/gpu_node_graph.cc.o
In file included from /Users/paws/blender-web/upstream/source/blender/gpu/intern/gpu_node_graph.cc:26:
In file included from /Users/paws/blender-web/upstream/source/blender/blenkernel/BKE_node_runtime.hh:26:
/Users/paws/blender-web/upstream/source/blender/blenkernel/BKE_node_tree_interface.hh:60:34: warning: unused function template 'item_is_type' [-Wunused-template]
   60 | template<typename T> static bool item_is_type(const bNodeTreeInterfaceItem &item)
      |                                  ^~~~~~~~~~~~
1 warning generated.
[295/441] Building CXX object source/blender/gpu/CMakeFiles/bf_gpu.dir/intern/gpu_shader_interface.cc.o
In file included from /Users/paws/blender-web/upstream/source/blender/gpu/intern/gpu_shader_interface.cc:16:
In file included from /Users/paws/blender-web/upstream/source/blender/gpu/intern/gpu_shader_create_info.hh:25:
In file included from /Users/paws/blender-web/upstream/source/blender/gpu/intern/gpu_shader_create_info_pipeline.hh:13:
In file included from /Users/paws/blender-web/upstream/source/blender/gpu/intern/gpu_state_private.hh:15:
In file included from /Users/paws/blender-web/upstream/source/blender/gpu/intern/gpu_texture_private.hh:14:
In file included from /Users/paws/blender-web/upstream/source/blender/gpu/GPU_vertex_buffer.hh:16:
In file included from /Users/paws/blender-web/upstream/source/blender/blenlib/BLI_virtual_array.hh:34:
In file included from /Users/paws/blender-web/upstream/source/blender/blenlib/BLI_index_mask.hh:24:
In file included from /Users/paws/blender-web/upstream/source/blender/blenlib/BLI_unique_sorted_indices.hh:29:
/Users/paws/blender-web/upstream/source/blender/blenlib/BLI_binary_search.hh:21:16: warning: unused function template 'first_if' [-Wunused-template]
   21 | static int64_t first_if(Iterator begin, Iterator end, Predicate &&predicate)
      |                ^~~~~~~~
1 warning generated.
[296/441] Linking CXX static library lib/libbf_draw.a
[297/441] Building CXX object source/blender/gpu/CMakeFiles/bf_gpu.dir/intern/gpu_shader.cc.o
In file included from /Users/paws/blender-web/upstream/source/blender/gpu/intern/gpu_shader.cc:23:
In file included from /Users/paws/blender-web/upstream/source/blender/gpu/intern/gpu_backend.hh:19:
In file included from /Users/paws/blender-web/upstream/source/blender/gpu/GPU_vertex_buffer.hh:16:
In file included from /Users/paws/blender-web/upstream/source/blender/blenlib/BLI_virtual_array.hh:34:
In file included from /Users/paws/blender-web/upstream/source/blender/blenlib/BLI_index_mask.hh:24:
In file included from /Users/paws/blender-web/upstream/source/blender/blenlib/BLI_unique_sorted_indices.hh:29:
/Users/paws/blender-web/upstream/source/blender/blenlib/BLI_binary_search.hh:21:16: warning: unused function template 'first_if' [-Wunused-template]
   21 | static int64_t first_if(Iterator begin, Iterator end, Predicate &&predicate)
      |                ^~~~~~~~
1 warning generated.
[298/441] Building CXX object source/blender/gpu/CMakeFiles/bf_gpu.dir/intern/gpu_shader_log.cc.o
In file included from /Users/paws/blender-web/upstream/source/blender/gpu/intern/gpu_shader_log.cc:14:
In file included from /Users/paws/blender-web/upstream/source/blender/gpu/GPU_storage_buffer.hh:18:
In file included from /Users/paws/blender-web/upstream/source/blender/gpu/GPU_vertex_buffer.hh:16:
In file included from /Users/paws/blender-web/upstream/source/blender/blenlib/BLI_virtual_array.hh:34:
In file included from /Users/paws/blender-web/upstream/source/blender/blenlib/BLI_index_mask.hh:24:
In file included from /Users/paws/blender-web/upstream/source/blender/blenlib/BLI_unique_sorted_indices.hh:29:
/Users/paws/blender-web/upstream/source/blender/blenlib/BLI_binary_search.hh:21:16: warning: unused function template 'first_if' [-Wunused-template]
   21 | static int64_t first_if(Iterator begin, Iterator end, Predicate &&predicate)
      |                ^~~~~~~~
1 warning generated.
[299/441] Building CXX object source/blender/gpu/CMakeFiles/bf_gpu.dir/intern/gpu_storage_buffer.cc.o
In file included from /Users/paws/blender-web/upstream/source/blender/gpu/intern/gpu_storage_buffer.cc:16:
In file included from /Users/paws/blender-web/upstream/source/blender/gpu/intern/gpu_backend.hh:19:
In file included from /Users/paws/blender-web/upstream/source/blender/gpu/GPU_vertex_buffer.hh:16:
In file included from /Users/paws/blender-web/upstream/source/blender/blenlib/BLI_virtual_array.hh:34:
In file included from /Users/paws/blender-web/upstream/source/blender/blenlib/BLI_index_mask.hh:24:
In file included from /Users/paws/blender-web/upstream/source/blender/blenlib/BLI_unique_sorted_indices.hh:29:
/Users/paws/blender-web/upstream/source/blender/blenlib/BLI_binary_search.hh:21:16: warning: unused function template 'first_if' [-Wunused-template]
   21 | static int64_t first_if(Iterator begin, Iterator end, Predicate &&predicate)
      |                ^~~~~~~~
1 warning generated.
[300/441] Building CXX object source/blender/gpu/CMakeFiles/bf_gpu.dir/intern/gpu_state.cc.o
In file included from /Users/paws/blender-web/upstream/source/blender/gpu/intern/gpu_state.cc:21:
In file included from /Users/paws/blender-web/upstream/source/blender/gpu/intern/gpu_backend.hh:19:
In file included from /Users/paws/blender-web/upstream/source/blender/gpu/GPU_vertex_buffer.hh:16:
In file included from /Users/paws/blender-web/upstream/source/blender/blenlib/BLI_virtual_array.hh:34:
In file included from /Users/paws/blender-web/upstream/source/blender/blenlib/BLI_index_mask.hh:24:
In file included from /Users/paws/blender-web/upstream/source/blender/blenlib/BLI_unique_sorted_indices.hh:29:
/Users/paws/blender-web/upstream/source/blender/blenlib/BLI_binary_search.hh:21:16: warning: unused function template 'first_if' [-Wunused-template]
   21 | static int64_t first_if(Iterator begin, Iterator end, Predicate &&predicate)
      |                ^~~~~~~~
1 warning generated.
[301/441] Building CXX object source/blender/gpu/CMakeFiles/bf_gpu.dir/intern/gpu_texture.cc.o
In file included from /Users/paws/blender-web/upstream/source/blender/gpu/intern/gpu_texture.cc:16:
In file included from /Users/paws/blender-web/upstream/source/blender/gpu/intern/gpu_backend.hh:19:
In file included from /Users/paws/blender-web/upstream/source/blender/gpu/GPU_vertex_buffer.hh:16:
In file included from /Users/paws/blender-web/upstream/source/blender/blenlib/BLI_virtual_array.hh:34:
In file included from /Users/paws/blender-web/upstream/source/blender/blenlib/BLI_index_mask.hh:24:
In file included from /Users/paws/blender-web/upstream/source/blender/blenlib/BLI_unique_sorted_indices.hh:29:
/Users/paws/blender-web/upstream/source/blender/blenlib/BLI_binary_search.hh:21:16: warning: unused function template 'first_if' [-Wunused-template]
   21 | static int64_t first_if(Iterator begin, Iterator end, Predicate &&predicate)
      |                ^~~~~~~~
1 warning generated.
[302/441] Building CXX object source/blender/gpu/CMakeFiles/bf_gpu.dir/intern/gpu_texture_mipmap.cc.o
In file included from /Users/paws/blender-web/upstream/source/blender/gpu/intern/gpu_texture_mipmap.cc:11:
In file included from /Users/paws/blender-web/upstream/source/blender/gpu/GPU_compute.hh:19:
In file included from /Users/paws/blender-web/upstream/source/blender/gpu/GPU_storage_buffer.hh:18:
In file included from /Users/paws/blender-web/upstream/source/blender/gpu/GPU_vertex_buffer.hh:16:
In file included from /Users/paws/blender-web/upstream/source/blender/blenlib/BLI_virtual_array.hh:34:
In file included from /Users/paws/blender-web/upstream/source/blender/blenlib/BLI_index_mask.hh:24:
In file included from /Users/paws/blender-web/upstream/source/blender/blenlib/BLI_unique_sorted_indices.hh:29:
/Users/paws/blender-web/upstream/source/blender/blenlib/BLI_binary_search.hh:21:16: warning: unused function template 'first_if' [-Wunused-template]
   21 | static int64_t first_if(Iterator begin, Iterator end, Predicate &&predicate)
      |                ^~~~~~~~
1 warning generated.
[303/441] Building CXX object source/blender/gpu/CMakeFiles/bf_gpu.dir/intern/gpu_texture_pool.cc.o
In file included from /Users/paws/blender-web/upstream/source/blender/gpu/intern/gpu_texture_pool.cc:15:
In file included from /Users/paws/blender-web/upstream/source/blender/gpu/intern/gpu_backend.hh:19:
In file included from /Users/paws/blender-web/upstream/source/blender/gpu/GPU_vertex_buffer.hh:16:
In file included from /Users/paws/blender-web/upstream/source/blender/blenlib/BLI_virtual_array.hh:34:
In file included from /Users/paws/blender-web/upstream/source/blender/blenlib/BLI_index_mask.hh:24:
In file included from /Users/paws/blender-web/upstream/source/blender/blenlib/BLI_unique_sorted_indices.hh:29:
/Users/paws/blender-web/upstream/source/blender/blenlib/BLI_binary_search.hh:21:16: warning: unused function template 'first_if' [-Wunused-template]
   21 | static int64_t first_if(Iterator begin, Iterator end, Predicate &&predicate)
      |                ^~~~~~~~
1 warning generated.
[304/441] Building CXX object source/blender/gpu/CMakeFiles/bf_gpu.dir/intern/gpu_shader_preprocessor.cc.o
In file included from /Users/paws/blender-web/upstream/source/blender/gpu/intern/gpu_shader_preprocessor.cc:15:
In file included from /Users/paws/blender-web/upstream/source/blender/gpu/intern/gpu_shader_private.hh:17:
In file included from /Users/paws/blender-web/upstream/source/blender/gpu/intern/gpu_shader_create_info.hh:25:
In file included from /Users/paws/blender-web/upstream/source/blender/gpu/intern/gpu_shader_create_info_pipeline.hh:13:
In file included from /Users/paws/blender-web/upstream/source/blender/gpu/intern/gpu_state_private.hh:15:
In file included from /Users/paws/blender-web/upstream/source/blender/gpu/intern/gpu_texture_private.hh:14:
In file included from /Users/paws/blender-web/upstream/source/blender/gpu/GPU_vertex_buffer.hh:16:
In file included from /Users/paws/blender-web/upstream/source/blender/blenlib/BLI_virtual_array.hh:34:
In file included from /Users/paws/blender-web/upstream/source/blender/blenlib/BLI_index_mask.hh:24:
In file included from /Users/paws/blender-web/upstream/source/blender/blenlib/BLI_unique_sorted_indices.hh:29:
/Users/paws/blender-web/upstream/source/blender/blenlib/BLI_binary_search.hh:21:16: warning: unused function template 'first_if' [-Wunused-template]
   21 | static int64_t first_if(Iterator begin, Iterator end, Predicate &&predicate)
      |                ^~~~~~~~
1 warning generated.
[305/441] Building CXX object source/blender/gpu/CMakeFiles/bf_gpu.dir/intern/gpu_uniform_buffer.cc.o
In file included from /Users/paws/blender-web/upstream/source/blender/gpu/intern/gpu_uniform_buffer.cc:18:
In file included from /Users/paws/blender-web/upstream/source/blender/gpu/intern/gpu_backend.hh:19:
In file included from /Users/paws/blender-web/upstream/source/blender/gpu/GPU_vertex_buffer.hh:16:
In file included from /Users/paws/blender-web/upstream/source/blender/blenlib/BLI_virtual_array.hh:34:
In file included from /Users/paws/blender-web/upstream/source/blender/blenlib/BLI_index_mask.hh:24:
In file included from /Users/paws/blender-web/upstream/source/blender/blenlib/BLI_unique_sorted_indices.hh:29:
/Users/paws/blender-web/upstream/source/blender/blenlib/BLI_binary_search.hh:21:16: warning: unused function template 'first_if' [-Wunused-template]
   21 | static int64_t first_if(Iterator begin, Iterator end, Predicate &&predicate)
      |                ^~~~~~~~
1 warning generated.
[306/441] Building CXX object source/blender/gpu/CMakeFiles/bf_gpu.dir/intern/gpu_vertex_buffer.cc.o
In file included from /Users/paws/blender-web/upstream/source/blender/gpu/intern/gpu_vertex_buffer.cc:13:
In file included from /Users/paws/blender-web/upstream/source/blender/gpu/intern/gpu_backend.hh:19:
In file included from /Users/paws/blender-web/upstream/source/blender/gpu/GPU_vertex_buffer.hh:16:
In file included from /Users/paws/blender-web/upstream/source/blender/blenlib/BLI_virtual_array.hh:34:
In file included from /Users/paws/blender-web/upstream/source/blender/blenlib/BLI_index_mask.hh:24:
In file included from /Users/paws/blender-web/upstream/source/blender/blenlib/BLI_unique_sorted_indices.hh:29:
/Users/paws/blender-web/upstream/source/blender/blenlib/BLI_binary_search.hh:21:16: warning: unused function template 'first_if' [-Wunused-template]
   21 | static int64_t first_if(Iterator begin, Iterator end, Predicate &&predicate)
      |                ^~~~~~~~
1 warning generated.
[307/441] Building CXX object source/blender/gpu/CMakeFiles/bf_gpu.dir/intern/gpu_vertex_format.cc.o
In file included from /Users/paws/blender-web/upstream/source/blender/gpu/intern/gpu_vertex_format.cc:16:
In file included from /Users/paws/blender-web/upstream/source/blender/gpu/intern/gpu_shader_create_info.hh:25:
In file included from /Users/paws/blender-web/upstream/source/blender/gpu/intern/gpu_shader_create_info_pipeline.hh:13:
In file included from /Users/paws/blender-web/upstream/source/blender/gpu/intern/gpu_state_private.hh:15:
In file included from /Users/paws/blender-web/upstream/source/blender/gpu/intern/gpu_texture_private.hh:14:
In file included from /Users/paws/blender-web/upstream/source/blender/gpu/GPU_vertex_buffer.hh:16:
In file included from /Users/paws/blender-web/upstream/source/blender/blenlib/BLI_virtual_array.hh:34:
In file included from /Users/paws/blender-web/upstream/source/blender/blenlib/BLI_index_mask.hh:24:
In file included from /Users/paws/blender-web/upstream/source/blender/blenlib/BLI_unique_sorted_indices.hh:29:
/Users/paws/blender-web/upstream/source/blender/blenlib/BLI_binary_search.hh:21:16: warning: unused function template 'first_if' [-Wunused-template]
   21 | static int64_t first_if(Iterator begin, Iterator end, Predicate &&predicate)
      |                ^~~~~~~~
1 warning generated.
[308/441] Building CXX object source/blender/gpu/CMakeFiles/bf_gpu.dir/intern/gpu_viewport.cc.o
In file included from /Users/paws/blender-web/upstream/source/blender/gpu/intern/gpu_viewport.cc:26:
In file included from /Users/paws/blender-web/upstream/source/blender/gpu/GPU_immediate.hh:13:
In file included from /Users/paws/blender-web/upstream/source/blender/gpu/GPU_batch.hh:26:
In file included from /Users/paws/blender-web/upstream/source/blender/gpu/GPU_storage_buffer.hh:18:
In file included from /Users/paws/blender-web/upstream/source/blender/gpu/GPU_vertex_buffer.hh:16:
In file included from /Users/paws/blender-web/upstream/source/blender/blenlib/BLI_virtual_array.hh:34:
In file included from /Users/paws/blender-web/upstream/source/blender/blenlib/BLI_index_mask.hh:24:
In file included from /Users/paws/blender-web/upstream/source/blender/blenlib/BLI_unique_sorted_indices.hh:29:
/Users/paws/blender-web/upstream/source/blender/blenlib/BLI_binary_search.hh:21:16: warning: unused function template 'first_if' [-Wunused-template]
   21 | static int64_t first_if(Iterator begin, Iterator end, Predicate &&predicate)
      |                ^~~~~~~~
1 warning generated.
[309/441] Building CXX object source/blender/gpu/CMakeFiles/bf_gpu.dir/webgpu/wgpu_backend.cc.o
In file included from /Users/paws/blender-web/upstream/source/blender/gpu/webgpu/wgpu_backend.cc:12:
In file included from /Users/paws/blender-web/upstream/source/blender/gpu/webgpu/wgpu_backend.hh:22:
In file included from /Users/paws/blender-web/upstream/source/blender/gpu/intern/gpu_backend.hh:19:
In file included from /Users/paws/blender-web/upstream/source/blender/gpu/GPU_vertex_buffer.hh:16:
In file included from /Users/paws/blender-web/upstream/source/blender/blenlib/BLI_virtual_array.hh:34:
In file included from /Users/paws/blender-web/upstream/source/blender/blenlib/BLI_index_mask.hh:24:
In file included from /Users/paws/blender-web/upstream/source/blender/blenlib/BLI_unique_sorted_indices.hh:29:
/Users/paws/blender-web/upstream/source/blender/blenlib/BLI_binary_search.hh:21:16: warning: unused function template 'first_if' [-Wunused-template]
   21 | static int64_t first_if(Iterator begin, Iterator end, Predicate &&predicate)
      |                ^~~~~~~~
1 warning generated.
[310/441] Building CXX object source/blender/gpu/CMakeFiles/bf_gpu.dir/webgpu/wgpu_storage_buffer.cc.o
In file included from /Users/paws/blender-web/upstream/source/blender/gpu/webgpu/wgpu_storage_buffer.cc:12:
In file included from /Users/paws/blender-web/upstream/source/blender/gpu/webgpu/wgpu_storage_buffer.hh:24:
In file included from /Users/paws/blender-web/upstream/source/blender/gpu/GPU_vertex_buffer.hh:16:
In file included from /Users/paws/blender-web/upstream/source/blender/blenlib/BLI_virtual_array.hh:34:
In file included from /Users/paws/blender-web/upstream/source/blender/blenlib/BLI_index_mask.hh:24:
In file included from /Users/paws/blender-web/upstream/source/blender/blenlib/BLI_unique_sorted_indices.hh:29:
/Users/paws/blender-web/upstream/source/blender/blenlib/BLI_binary_search.hh:21:16: warning: unused function template 'first_if' [-Wunused-template]
   21 | static int64_t first_if(Iterator begin, Iterator end, Predicate &&predicate)
      |                ^~~~~~~~
1 warning generated.
[311/441] Building CXX object source/blender/gpu/CMakeFiles/bf_gpu.dir/webgpu/wgpu_index_buffer.cc.o
In file included from /Users/paws/blender-web/upstream/source/blender/gpu/webgpu/wgpu_index_buffer.cc:15:
In file included from /Users/paws/blender-web/upstream/source/blender/gpu/intern/gpu_context_private.hh:15:
In file included from /Users/paws/blender-web/upstream/source/blender/gpu/GPU_batch.hh:26:
In file included from /Users/paws/blender-web/upstream/source/blender/gpu/GPU_storage_buffer.hh:18:
In file included from /Users/paws/blender-web/upstream/source/blender/gpu/GPU_vertex_buffer.hh:16:
In file included from /Users/paws/blender-web/upstream/source/blender/blenlib/BLI_virtual_array.hh:34:
In file included from /Users/paws/blender-web/upstream/source/blender/blenlib/BLI_index_mask.hh:24:
In file included from /Users/paws/blender-web/upstream/source/blender/blenlib/BLI_unique_sorted_indices.hh:29:
/Users/paws/blender-web/upstream/source/blender/blenlib/BLI_binary_search.hh:21:16: warning: unused function template 'first_if' [-Wunused-template]
   21 | static int64_t first_if(Iterator begin, Iterator end, Predicate &&predicate)
      |                ^~~~~~~~
1 warning generated.
[312/441] Building CXX object source/blender/gpu/CMakeFiles/bf_gpu.dir/webgpu/wgpu_vertex_buffer.cc.o
In file included from /Users/paws/blender-web/upstream/source/blender/gpu/webgpu/wgpu_vertex_buffer.cc:12:
In file included from /Users/paws/blender-web/upstream/source/blender/gpu/webgpu/wgpu_vertex_buffer.hh:21:
In file included from /Users/paws/blender-web/upstream/source/blender/gpu/GPU_vertex_buffer.hh:16:
In file included from /Users/paws/blender-web/upstream/source/blender/blenlib/BLI_virtual_array.hh:34:
In file included from /Users/paws/blender-web/upstream/source/blender/blenlib/BLI_index_mask.hh:24:
In file included from /Users/paws/blender-web/upstream/source/blender/blenlib/BLI_unique_sorted_indices.hh:29:
/Users/paws/blender-web/upstream/source/blender/blenlib/BLI_binary_search.hh:21:16: warning: unused function template 'first_if' [-Wunused-template]
   21 | static int64_t first_if(Iterator begin, Iterator end, Predicate &&predicate)
      |                ^~~~~~~~
1 warning generated.
[313/441] Building CXX object source/blender/gpu/CMakeFiles/bf_gpu.dir/webgpu/wgpu_uniform_buffer.cc.o
In file included from /Users/paws/blender-web/upstream/source/blender/gpu/webgpu/wgpu_uniform_buffer.cc:15:
In file included from /Users/paws/blender-web/upstream/source/blender/gpu/intern/gpu_context_private.hh:15:
In file included from /Users/paws/blender-web/upstream/source/blender/gpu/GPU_batch.hh:26:
In file included from /Users/paws/blender-web/upstream/source/blender/gpu/GPU_storage_buffer.hh:18:
In file included from /Users/paws/blender-web/upstream/source/blender/gpu/GPU_vertex_buffer.hh:16:
In file included from /Users/paws/blender-web/upstream/source/blender/blenlib/BLI_virtual_array.hh:34:
In file included from /Users/paws/blender-web/upstream/source/blender/blenlib/BLI_index_mask.hh:24:
In file included from /Users/paws/blender-web/upstream/source/blender/blenlib/BLI_unique_sorted_indices.hh:29:
/Users/paws/blender-web/upstream/source/blender/blenlib/BLI_binary_search.hh:21:16: warning: unused function template 'first_if' [-Wunused-template]
   21 | static int64_t first_if(Iterator begin, Iterator end, Predicate &&predicate)
      |                ^~~~~~~~
1 warning generated.
[314/441] Building CXX object source/blender/gpu/CMakeFiles/bf_gpu.dir/webgpu/wgpu_context.cc.o
In file included from /Users/paws/blender-web/upstream/source/blender/gpu/webgpu/wgpu_context.cc:12:
In file included from /Users/paws/blender-web/upstream/source/blender/gpu/webgpu/wgpu_context.hh:20:
In file included from /Users/paws/blender-web/upstream/source/blender/gpu/intern/gpu_context_private.hh:15:
In file included from /Users/paws/blender-web/upstream/source/blender/gpu/GPU_batch.hh:26:
In file included from /Users/paws/blender-web/upstream/source/blender/gpu/GPU_storage_buffer.hh:18:
In file included from /Users/paws/blender-web/upstream/source/blender/gpu/GPU_vertex_buffer.hh:16:
In file included from /Users/paws/blender-web/upstream/source/blender/blenlib/BLI_virtual_array.hh:34:
In file included from /Users/paws/blender-web/upstream/source/blender/blenlib/BLI_index_mask.hh:24:
In file included from /Users/paws/blender-web/upstream/source/blender/blenlib/BLI_unique_sorted_indices.hh:29:
/Users/paws/blender-web/upstream/source/blender/blenlib/BLI_binary_search.hh:21:16: warning: unused function template 'first_if' [-Wunused-template]
   21 | static int64_t first_if(Iterator begin, Iterator end, Predicate &&predicate)
      |                ^~~~~~~~
1 warning generated.
[315/441] Building CXX object source/blender/gpu/CMakeFiles/bf_gpu.dir/webgpu/wgpu_batch.cc.o
In file included from /Users/paws/blender-web/upstream/source/blender/gpu/webgpu/wgpu_batch.cc:18:
In file included from /Users/paws/blender-web/upstream/source/blender/gpu/webgpu/wgpu_batch.hh:22:
In file included from /Users/paws/blender-web/upstream/source/blender/gpu/GPU_batch.hh:26:
In file included from /Users/paws/blender-web/upstream/source/blender/gpu/GPU_storage_buffer.hh:18:
In file included from /Users/paws/blender-web/upstream/source/blender/gpu/GPU_vertex_buffer.hh:16:
In file included from /Users/paws/blender-web/upstream/source/blender/blenlib/BLI_virtual_array.hh:34:
In file included from /Users/paws/blender-web/upstream/source/blender/blenlib/BLI_index_mask.hh:24:
In file included from /Users/paws/blender-web/upstream/source/blender/blenlib/BLI_unique_sorted_indices.hh:29:
/Users/paws/blender-web/upstream/source/blender/blenlib/BLI_binary_search.hh:21:16: warning: unused function template 'first_if' [-Wunused-template]
   21 | static int64_t first_if(Iterator begin, Iterator end, Predicate &&predicate)
      |                ^~~~~~~~
1 warning generated.
[316/441] Building CXX object source/blender/gpu/CMakeFiles/bf_gpu.dir/webgpu/wgpu_framebuffer.cc.o
In file included from /Users/paws/blender-web/upstream/source/blender/gpu/webgpu/wgpu_framebuffer.cc:16:
In file included from /Users/paws/blender-web/upstream/source/blender/gpu/webgpu/wgpu_context.hh:20:
In file included from /Users/paws/blender-web/upstream/source/blender/gpu/intern/gpu_context_private.hh:15:
In file included from /Users/paws/blender-web/upstream/source/blender/gpu/GPU_batch.hh:26:
In file included from /Users/paws/blender-web/upstream/source/blender/gpu/GPU_storage_buffer.hh:18:
In file included from /Users/paws/blender-web/upstream/source/blender/gpu/GPU_vertex_buffer.hh:16:
In file included from /Users/paws/blender-web/upstream/source/blender/blenlib/BLI_virtual_array.hh:34:
In file included from /Users/paws/blender-web/upstream/source/blender/blenlib/BLI_index_mask.hh:24:
In file included from /Users/paws/blender-web/upstream/source/blender/blenlib/BLI_unique_sorted_indices.hh:29:
/Users/paws/blender-web/upstream/source/blender/blenlib/BLI_binary_search.hh:21:16: warning: unused function template 'first_if' [-Wunused-template]
   21 | static int64_t first_if(Iterator begin, Iterator end, Predicate &&predicate)
      |                ^~~~~~~~
1 warning generated.
[317/441] Building CXX object source/blender/gpu/CMakeFiles/bf_gpu.dir/webgpu/wgpu_immediate.cc.o
In file included from /Users/paws/blender-web/upstream/source/blender/gpu/webgpu/wgpu_immediate.cc:12:
In file included from /Users/paws/blender-web/upstream/source/blender/gpu/webgpu/wgpu_immediate.hh:19:
In file included from /Users/paws/blender-web/upstream/source/blender/gpu/intern/gpu_immediate_private.hh:15:
In file included from /Users/paws/blender-web/upstream/source/blender/gpu/GPU_batch.hh:26:
In file included from /Users/paws/blender-web/upstream/source/blender/gpu/GPU_storage_buffer.hh:18:
In file included from /Users/paws/blender-web/upstream/source/blender/gpu/GPU_vertex_buffer.hh:16:
In file included from /Users/paws/blender-web/upstream/source/blender/blenlib/BLI_virtual_array.hh:34:
In file included from /Users/paws/blender-web/upstream/source/blender/blenlib/BLI_index_mask.hh:24:
In file included from /Users/paws/blender-web/upstream/source/blender/blenlib/BLI_unique_sorted_indices.hh:29:
/Users/paws/blender-web/upstream/source/blender/blenlib/BLI_binary_search.hh:21:16: warning: unused function template 'first_if' [-Wunused-template]
   21 | static int64_t first_if(Iterator begin, Iterator end, Predicate &&predicate)
      |                ^~~~~~~~
1 warning generated.
[318/441] Building CXX object source/blender/gpu/CMakeFiles/bf_gpu.dir/webgpu/wgpu_diag_readback.cc.o
In file included from /Users/paws/blender-web/upstream/source/blender/gpu/webgpu/wgpu_diag_readback.cc:22:
In file included from /Users/paws/blender-web/upstream/source/blender/gpu/webgpu/wgpu_context.hh:20:
In file included from /Users/paws/blender-web/upstream/source/blender/gpu/intern/gpu_context_private.hh:15:
In file included from /Users/paws/blender-web/upstream/source/blender/gpu/GPU_batch.hh:26:
In file included from /Users/paws/blender-web/upstream/source/blender/gpu/GPU_storage_buffer.hh:18:
In file included from /Users/paws/blender-web/upstream/source/blender/gpu/GPU_vertex_buffer.hh:16:
In file included from /Users/paws/blender-web/upstream/source/blender/blenlib/BLI_virtual_array.hh:34:
In file included from /Users/paws/blender-web/upstream/source/blender/blenlib/BLI_index_mask.hh:24:
In file included from /Users/paws/blender-web/upstream/source/blender/blenlib/BLI_unique_sorted_indices.hh:29:
/Users/paws/blender-web/upstream/source/blender/blenlib/BLI_binary_search.hh:21:16: warning: unused function template 'first_if' [-Wunused-template]
   21 | static int64_t first_if(Iterator begin, Iterator end, Predicate &&predicate)
      |                ^~~~~~~~
1 warning generated.
[319/441] Building CXX object source/blender/gpu/CMakeFiles/bf_gpu.dir/webgpu/wgpu_pipeline.cc.o
In file included from /Users/paws/blender-web/upstream/source/blender/gpu/webgpu/wgpu_pipeline.cc:16:
In file included from /Users/paws/blender-web/upstream/source/blender/gpu/webgpu/wgpu_pipeline.hh:28:
In file included from /Users/paws/blender-web/upstream/source/blender/gpu/GPU_batch.hh:26:
In file included from /Users/paws/blender-web/upstream/source/blender/gpu/GPU_storage_buffer.hh:18:
In file included from /Users/paws/blender-web/upstream/source/blender/gpu/GPU_vertex_buffer.hh:16:
In file included from /Users/paws/blender-web/upstream/source/blender/blenlib/BLI_virtual_array.hh:34:
In file included from /Users/paws/blender-web/upstream/source/blender/blenlib/BLI_index_mask.hh:24:
In file included from /Users/paws/blender-web/upstream/source/blender/blenlib/BLI_unique_sorted_indices.hh:29:
/Users/paws/blender-web/upstream/source/blender/blenlib/BLI_binary_search.hh:21:16: warning: unused function template 'first_if' [-Wunused-template]
   21 | static int64_t first_if(Iterator begin, Iterator end, Predicate &&predicate)
      |                ^~~~~~~~
1 warning generated.
[320/441] Building CXX object source/blender/gpu/CMakeFiles/bf_gpu.dir/webgpu/wgpu_texture.cc.o
In file included from /Users/paws/blender-web/upstream/source/blender/gpu/webgpu/wgpu_texture.cc:21:
In file included from /Users/paws/blender-web/upstream/source/blender/gpu/webgpu/wgpu_texture.hh:22:
In file included from /Users/paws/blender-web/upstream/source/blender/gpu/intern/gpu_texture_private.hh:14:
In file included from /Users/paws/blender-web/upstream/source/blender/gpu/GPU_vertex_buffer.hh:16:
In file included from /Users/paws/blender-web/upstream/source/blender/blenlib/BLI_virtual_array.hh:34:
In file included from /Users/paws/blender-web/upstream/source/blender/blenlib/BLI_index_mask.hh:24:
In file included from /Users/paws/blender-web/upstream/source/blender/blenlib/BLI_unique_sorted_indices.hh:29:
/Users/paws/blender-web/upstream/source/blender/blenlib/BLI_binary_search.hh:21:16: warning: unused function template 'first_if' [-Wunused-template]
   21 | static int64_t first_if(Iterator begin, Iterator end, Predicate &&predicate)
      |                ^~~~~~~~
1 warning generated.
[321/441] Building CXX object source/blender/imbuf/opencolorio/CMakeFiles/bf_imbuf_opencolorio.dir/intern/gpu_shader_binder.cc.o
In file included from /Users/paws/blender-web/upstream/source/blender/imbuf/opencolorio/intern/gpu_shader_binder.cc:19:
In file included from /Users/paws/blender-web/upstream/source/blender/gpu/GPU_immediate.hh:13:
In file included from /Users/paws/blender-web/upstream/source/blender/gpu/GPU_batch.hh:26:
In file included from /Users/paws/blender-web/upstream/source/blender/gpu/GPU_storage_buffer.hh:18:
In file included from /Users/paws/blender-web/upstream/source/blender/gpu/GPU_vertex_buffer.hh:16:
In file included from /Users/paws/blender-web/upstream/source/blender/blenlib/BLI_virtual_array.hh:34:
In file included from /Users/paws/blender-web/upstream/source/blender/blenlib/BLI_index_mask.hh:24:
In file included from /Users/paws/blender-web/upstream/source/blender/blenlib/BLI_unique_sorted_indices.hh:29:
/Users/paws/blender-web/upstream/source/blender/blenlib/BLI_binary_search.hh:21:16: warning: unused function template 'first_if' [-Wunused-template]
   21 | static int64_t first_if(Iterator begin, Iterator end, Predicate &&predicate)
      |                ^~~~~~~~
1 warning generated.
[322/441] Building CXX object source/blender/gpu/CMakeFiles/bf_gpu.dir/webgpu/wgpu_shader.cc.o
In file included from /Users/paws/blender-web/upstream/source/blender/gpu/webgpu/wgpu_shader.cc:16:
In file included from /Users/paws/blender-web/upstream/source/blender/gpu/webgpu/wgpu_shader.hh:23:
In file included from /Users/paws/blender-web/upstream/source/blender/gpu/intern/gpu_shader_private.hh:17:
In file included from /Users/paws/blender-web/upstream/source/blender/gpu/intern/gpu_shader_create_info.hh:25:
In file included from /Users/paws/blender-web/upstream/source/blender/gpu/intern/gpu_shader_create_info_pipeline.hh:13:
In file included from /Users/paws/blender-web/upstream/source/blender/gpu/intern/gpu_state_private.hh:15:
In file included from /Users/paws/blender-web/upstream/source/blender/gpu/intern/gpu_texture_private.hh:14:
In file included from /Users/paws/blender-web/upstream/source/blender/gpu/GPU_vertex_buffer.hh:16:
In file included from /Users/paws/blender-web/upstream/source/blender/blenlib/BLI_virtual_array.hh:34:
In file included from /Users/paws/blender-web/upstream/source/blender/blenlib/BLI_index_mask.hh:24:
In file included from /Users/paws/blender-web/upstream/source/blender/blenlib/BLI_unique_sorted_indices.hh:29:
/Users/paws/blender-web/upstream/source/blender/blenlib/BLI_binary_search.hh:21:16: warning: unused function template 'first_if' [-Wunused-template]
   21 | static int64_t first_if(Iterator begin, Iterator end, Predicate &&predicate)
      |                ^~~~~~~~
1 warning generated.
[323/441] Linking CXX static library lib/libbf_imbuf_opencolorio.a
[324/441] Building CXX object source/blender/nodes/CMakeFiles/bf_nodes.dir/intern/node_common.cc.o
In file included from /Users/paws/blender-web/upstream/source/blender/nodes/intern/node_common.cc:43:
In file included from /Users/paws/blender-web/upstream/source/blender/nodes/NOD_geometry_exec.hh:10:
In file included from /Users/paws/blender-web/upstream/source/blender/functions/FN_field.hh:32:
In file included from /Users/paws/blender-web/upstream/source/blender/functions/FN_multi_function.hh:37:
In file included from /Users/paws/blender-web/upstream/source/blender/functions/FN_multi_function_params.hh:19:
In file included from /Users/paws/blender-web/upstream/source/blender/blenlib/BLI_generic_vector_array.hh:16:
In file included from /Users/paws/blender-web/upstream/source/blender/blenlib/BLI_generic_virtual_vector_array.hh:14:
In file included from /Users/paws/blender-web/upstream/source/blender/blenlib/BLI_generic_virtual_array.hh:16:
In file included from /Users/paws/blender-web/upstream/source/blender/blenlib/BLI_virtual_array.hh:34:
In file included from /Users/paws/blender-web/upstream/source/blender/blenlib/BLI_index_mask.hh:24:
In file included from /Users/paws/blender-web/upstream/source/blender/blenlib/BLI_unique_sorted_indices.hh:29:
/Users/paws/blender-web/upstream/source/blender/blenlib/BLI_binary_search.hh:21:16: warning: unused function template 'first_if' [-Wunused-template]
   21 | static int64_t first_if(Iterator begin, Iterator end, Predicate &&predicate)
      |                ^~~~~~~~
1 warning generated.
[325/441] Building CXX object source/blender/nodes/composite/CMakeFiles/bf_nodes_composite.dir/Unity/unity_8_cxx.cxx.o
In file included from /Users/paws/blender-web/build-wasm-windowed-opt/source/blender/nodes/composite/CMakeFiles/bf_nodes_composite.dir/Unity/unity_8_cxx.cxx:4:
In file included from /Users/paws/blender-web/upstream/source/blender/nodes/composite/nodes/node_composite_time_curve.cc:13:
In file included from /Users/paws/blender-web/upstream/source/blender/nodes/composite/node_composite_util.hh:24:
In file included from /Users/paws/blender-web/upstream/source/blender/nodes/NOD_socket_declarations.hh:9:
In file included from /Users/paws/blender-web/upstream/source/blender/nodes/NOD_bundle_type.hh:13:
In file included from /Users/paws/blender-web/upstream/source/blender/nodes/NOD_geometry_nodes_bundle_signature.hh:11:
In file included from /Users/paws/blender-web/upstream/source/blender/nodes/NOD_node_in_compute_context.hh:10:
In file included from /Users/paws/blender-web/upstream/source/blender/blenkernel/BKE_node_runtime.hh:26:
/Users/paws/blender-web/upstream/source/blender/blenkernel/BKE_node_tree_interface.hh:60:34: warning: unused function template 'item_is_type' [-Wunused-template]
   60 | template<typename T> static bool item_is_type(const bNodeTreeInterfaceItem &item)
      |                                  ^~~~~~~~~~~~
In file included from /Users/paws/blender-web/build-wasm-windowed-opt/source/blender/nodes/composite/CMakeFiles/bf_nodes_composite.dir/Unity/unity_8_cxx.cxx:19:
In file included from /Users/paws/blender-web/upstream/source/blender/nodes/composite/nodes/node_composite_vector_blur.cc:12:
In file included from /Users/paws/blender-web/upstream/source/blender/gpu/GPU_compute.hh:19:
In file included from /Users/paws/blender-web/upstream/source/blender/gpu/GPU_storage_buffer.hh:18:
In file included from /Users/paws/blender-web/upstream/source/blender/gpu/GPU_vertex_buffer.hh:16:
In file included from /Users/paws/blender-web/upstream/source/blender/blenlib/BLI_virtual_array.hh:34:
In file included from /Users/paws/blender-web/upstream/source/blender/blenlib/BLI_index_mask.hh:24:
In file included from /Users/paws/blender-web/upstream/source/blender/blenlib/BLI_unique_sorted_indices.hh:29:
/Users/paws/blender-web/upstream/source/blender/blenlib/BLI_binary_search.hh:21:16: warning: unused function template 'first_if' [-Wunused-template]
   21 | static int64_t first_if(Iterator begin, Iterator end, Predicate &&predicate)
      |                ^~~~~~~~
2 warnings generated.
[326/441] Building CXX object source/blender/gpu/CMakeFiles/bf_gpu.dir/intern/gpu_shader_dependency.cc.o
In file included from /Users/paws/blender-web/upstream/source/blender/gpu/intern/gpu_shader_dependency.cc:26:
In file included from /Users/paws/blender-web/upstream/source/blender/gpu/intern/gpu_shader_create_info.hh:25:
In file included from /Users/paws/blender-web/upstream/source/blender/gpu/intern/gpu_shader_create_info_pipeline.hh:13:
In file included from /Users/paws/blender-web/upstream/source/blender/gpu/intern/gpu_state_private.hh:15:
In file included from /Users/paws/blender-web/upstream/source/blender/gpu/intern/gpu_texture_private.hh:14:
In file included from /Users/paws/blender-web/upstream/source/blender/gpu/GPU_vertex_buffer.hh:16:
In file included from /Users/paws/blender-web/upstream/source/blender/blenlib/BLI_virtual_array.hh:34:
In file included from /Users/paws/blender-web/upstream/source/blender/blenlib/BLI_index_mask.hh:24:
In file included from /Users/paws/blender-web/upstream/source/blender/blenlib/BLI_unique_sorted_indices.hh:29:
/Users/paws/blender-web/upstream/source/blender/blenlib/BLI_binary_search.hh:21:16: warning: unused function template 'first_if' [-Wunused-template]
   21 | static int64_t first_if(Iterator begin, Iterator end, Predicate &&predicate)
      |                ^~~~~~~~
1 warning generated.
[327/441] Linking CXX static library lib/libbf_nodes.a
[328/441] Building CXX object source/blender/nodes/composite/CMakeFiles/bf_nodes_composite.dir/Unity/unity_5_cxx.cxx.o
In file included from /Users/paws/blender-web/build-wasm-windowed-opt/source/blender/nodes/composite/CMakeFiles/bf_nodes_composite.dir/Unity/unity_5_cxx.cxx:4:
In file included from /Users/paws/blender-web/upstream/source/blender/nodes/composite/nodes/node_composite_keying_screen.cc:28:
In file included from /Users/paws/blender-web/upstream/source/blender/nodes/composite/node_composite_util.hh:24:
In file included from /Users/paws/blender-web/upstream/source/blender/nodes/NOD_socket_declarations.hh:9:
In file included from /Users/paws/blender-web/upstream/source/blender/nodes/NOD_bundle_type.hh:13:
In file included from /Users/paws/blender-web/upstream/source/blender/nodes/NOD_geometry_nodes_bundle_signature.hh:11:
In file included from /Users/paws/blender-web/upstream/source/blender/nodes/NOD_node_in_compute_context.hh:10:
In file included from /Users/paws/blender-web/upstream/source/blender/blenkernel/BKE_node_runtime.hh:26:
/Users/paws/blender-web/upstream/source/blender/blenkernel/BKE_node_tree_interface.hh:60:34: warning: unused function template 'item_is_type' [-Wunused-template]
   60 | template<typename T> static bool item_is_type(const bNodeTreeInterfaceItem &item)
      |                                  ^~~~~~~~~~~~
In file included from /Users/paws/blender-web/build-wasm-windowed-opt/source/blender/nodes/composite/CMakeFiles/bf_nodes_composite.dir/Unity/unity_5_cxx.cxx:16:
In file included from /Users/paws/blender-web/upstream/source/blender/nodes/composite/nodes/node_composite_luminance_key.cc:9:
In file included from /Users/paws/blender-web/upstream/source/blender/functions/FN_multi_function_builder.hh:13:
In file included from /Users/paws/blender-web/upstream/source/blender/functions/FN_multi_function.hh:37:
In file included from /Users/paws/blender-web/upstream/source/blender/functions/FN_multi_function_params.hh:19:
In file included from /Users/paws/blender-web/upstream/source/blender/blenlib/BLI_generic_vector_array.hh:16:
In file included from /Users/paws/blender-web/upstream/source/blender/blenlib/BLI_generic_virtual_vector_array.hh:14:
In file included from /Users/paws/blender-web/upstream/source/blender/blenlib/BLI_generic_virtual_array.hh:16:
In file included from /Users/paws/blender-web/upstream/source/blender/blenlib/BLI_virtual_array.hh:34:
In file included from /Users/paws/blender-web/upstream/source/blender/blenlib/BLI_index_mask.hh:24:
In file included from /Users/paws/blender-web/upstream/source/blender/blenlib/BLI_unique_sorted_indices.hh:29:
/Users/paws/blender-web/upstream/source/blender/blenlib/BLI_binary_search.hh:21:16: warning: unused function template 'first_if' [-Wunused-template]
   21 | static int64_t first_if(Iterator begin, Iterator end, Predicate &&predicate)
      |                ^~~~~~~~
2 warnings generated.
[329/441] Building CXX object source/blender/nodes/composite/CMakeFiles/bf_nodes_composite.dir/Unity/unity_4_cxx.cxx.o
In file included from /Users/paws/blender-web/build-wasm-windowed-opt/source/blender/nodes/composite/CMakeFiles/bf_nodes_composite.dir/Unity/unity_4_cxx.cxx:4:
In file included from /Users/paws/blender-web/upstream/source/blender/nodes/composite/nodes/node_composite_group.cc:9:
In file included from /Users/paws/blender-web/upstream/source/blender/nodes/composite/node_composite_util.hh:24:
In file included from /Users/paws/blender-web/upstream/source/blender/nodes/NOD_socket_declarations.hh:9:
In file included from /Users/paws/blender-web/upstream/source/blender/nodes/NOD_bundle_type.hh:13:
In file included from /Users/paws/blender-web/upstream/source/blender/nodes/NOD_geometry_nodes_bundle_signature.hh:11:
In file included from /Users/paws/blender-web/upstream/source/blender/nodes/NOD_node_in_compute_context.hh:10:
In file included from /Users/paws/blender-web/upstream/source/blender/blenkernel/BKE_node_runtime.hh:26:
/Users/paws/blender-web/upstream/source/blender/blenkernel/BKE_node_tree_interface.hh:60:34: warning: unused function template 'item_is_type' [-Wunused-template]
   60 | template<typename T> static bool item_is_type(const bNodeTreeInterfaceItem &item)
      |                                  ^~~~~~~~~~~~
In file included from /Users/paws/blender-web/build-wasm-windowed-opt/source/blender/nodes/composite/CMakeFiles/bf_nodes_composite.dir/Unity/unity_4_cxx.cxx:7:
In file included from /Users/paws/blender-web/upstream/source/blender/nodes/composite/nodes/node_composite_hue_correct.cc:10:
In file included from /Users/paws/blender-web/upstream/source/blender/functions/FN_multi_function_builder.hh:13:
In file included from /Users/paws/blender-web/upstream/source/blender/functions/FN_multi_function.hh:37:
In file included from /Users/paws/blender-web/upstream/source/blender/functions/FN_multi_function_params.hh:19:
In file included from /Users/paws/blender-web/upstream/source/blender/blenlib/BLI_generic_vector_array.hh:16:
In file included from /Users/paws/blender-web/upstream/source/blender/blenlib/BLI_generic_virtual_vector_array.hh:14:
In file included from /Users/paws/blender-web/upstream/source/blender/blenlib/BLI_generic_virtual_array.hh:16:
In file included from /Users/paws/blender-web/upstream/source/blender/blenlib/BLI_virtual_array.hh:34:
In file included from /Users/paws/blender-web/upstream/source/blender/blenlib/BLI_index_mask.hh:24:
In file included from /Users/paws/blender-web/upstream/source/blender/blenlib/BLI_unique_sorted_indices.hh:29:
/Users/paws/blender-web/upstream/source/blender/blenlib/BLI_binary_search.hh:21:16: warning: unused function template 'first_if' [-Wunused-template]
   21 | static int64_t first_if(Iterator begin, Iterator end, Predicate &&predicate)
      |                ^~~~~~~~
2 warnings generated.
[330/441] Building CXX object source/blender/nodes/composite/CMakeFiles/bf_nodes_composite.dir/Unity/unity_6_cxx.cxx.o
In file included from /Users/paws/blender-web/build-wasm-windowed-opt/source/blender/nodes/composite/CMakeFiles/bf_nodes_composite.dir/Unity/unity_6_cxx.cxx:4:
In file included from /Users/paws/blender-web/upstream/source/blender/nodes/composite/nodes/node_composite_normal.cc:8:
In file included from /Users/paws/blender-web/upstream/source/blender/functions/FN_multi_function_builder.hh:13:
In file included from /Users/paws/blender-web/upstream/source/blender/functions/FN_multi_function.hh:37:
In file included from /Users/paws/blender-web/upstream/source/blender/functions/FN_multi_function_params.hh:19:
In file included from /Users/paws/blender-web/upstream/source/blender/blenlib/BLI_generic_vector_array.hh:16:
In file included from /Users/paws/blender-web/upstream/source/blender/blenlib/BLI_generic_virtual_vector_array.hh:14:
In file included from /Users/paws/blender-web/upstream/source/blender/blenlib/BLI_generic_virtual_array.hh:16:
In file included from /Users/paws/blender-web/upstream/source/blender/blenlib/BLI_virtual_array.hh:34:
In file included from /Users/paws/blender-web/upstream/source/blender/blenlib/BLI_index_mask.hh:24:
In file included from /Users/paws/blender-web/upstream/source/blender/blenlib/BLI_unique_sorted_indices.hh:29:
/Users/paws/blender-web/upstream/source/blender/blenlib/BLI_binary_search.hh:21:16: warning: unused function template 'first_if' [-Wunused-template]
   21 | static int64_t first_if(Iterator begin, Iterator end, Predicate &&predicate)
      |                ^~~~~~~~
In file included from /Users/paws/blender-web/build-wasm-windowed-opt/source/blender/nodes/composite/CMakeFiles/bf_nodes_composite.dir/Unity/unity_6_cxx.cxx:4:
In file included from /Users/paws/blender-web/upstream/source/blender/nodes/composite/nodes/node_composite_normal.cc:10:
In file included from /Users/paws/blender-web/upstream/source/blender/blenkernel/BKE_node_runtime.hh:26:
/Users/paws/blender-web/upstream/source/blender/blenkernel/BKE_node_tree_interface.hh:60:34: warning: unused function template 'item_is_type' [-Wunused-template]
   60 | template<typename T> static bool item_is_type(const bNodeTreeInterfaceItem &item)
      |                                  ^~~~~~~~~~~~
2 warnings generated.
[331/441] Building CXX object source/blender/nodes/composite/CMakeFiles/bf_nodes_composite.dir/Unity/unity_7_cxx.cxx.o
In file included from /Users/paws/blender-web/build-wasm-windowed-opt/source/blender/nodes/composite/CMakeFiles/bf_nodes_composite.dir/Unity/unity_7_cxx.cxx:4:
In file included from /Users/paws/blender-web/upstream/source/blender/nodes/composite/nodes/node_composite_scale.cc:22:
In file included from /Users/paws/blender-web/upstream/source/blender/nodes/composite/node_composite_util.hh:24:
In file included from /Users/paws/blender-web/upstream/source/blender/nodes/NOD_socket_declarations.hh:9:
In file included from /Users/paws/blender-web/upstream/source/blender/nodes/NOD_bundle_type.hh:13:
In file included from /Users/paws/blender-web/upstream/source/blender/nodes/NOD_geometry_nodes_bundle_signature.hh:11:
In file included from /Users/paws/blender-web/upstream/source/blender/nodes/NOD_node_in_compute_context.hh:10:
In file included from /Users/paws/blender-web/upstream/source/blender/blenkernel/BKE_node_runtime.hh:26:
/Users/paws/blender-web/upstream/source/blender/blenkernel/BKE_node_tree_interface.hh:60:34: warning: unused function template 'item_is_type' [-Wunused-template]
   60 | template<typename T> static bool item_is_type(const bNodeTreeInterfaceItem &item)
      |                                  ^~~~~~~~~~~~
In file included from /Users/paws/blender-web/build-wasm-windowed-opt/source/blender/nodes/composite/CMakeFiles/bf_nodes_composite.dir/Unity/unity_7_cxx.cxx:10:
In file included from /Users/paws/blender-web/upstream/source/blender/nodes/composite/nodes/node_composite_separate_color.cc:7:
In file included from /Users/paws/blender-web/upstream/source/blender/functions/FN_multi_function_builder.hh:13:
In file included from /Users/paws/blender-web/upstream/source/blender/functions/FN_multi_function.hh:37:
In file included from /Users/paws/blender-web/upstream/source/blender/functions/FN_multi_function_params.hh:19:
In file included from /Users/paws/blender-web/upstream/source/blender/blenlib/BLI_generic_vector_array.hh:16:
In file included from /Users/paws/blender-web/upstream/source/blender/blenlib/BLI_generic_virtual_vector_array.hh:14:
In file included from /Users/paws/blender-web/upstream/source/blender/blenlib/BLI_generic_virtual_array.hh:16:
In file included from /Users/paws/blender-web/upstream/source/blender/blenlib/BLI_virtual_array.hh:34:
In file included from /Users/paws/blender-web/upstream/source/blender/blenlib/BLI_index_mask.hh:24:
In file included from /Users/paws/blender-web/upstream/source/blender/blenlib/BLI_unique_sorted_indices.hh:29:
/Users/paws/blender-web/upstream/source/blender/blenlib/BLI_binary_search.hh:21:16: warning: unused function template 'first_if' [-Wunused-template]
   21 | static int64_t first_if(Iterator begin, Iterator end, Predicate &&predicate)
      |                ^~~~~~~~
2 warnings generated.
[332/441] Building CXX object source/blender/nodes/composite/CMakeFiles/bf_nodes_composite.dir/Unity/unity_2_cxx.cxx.o
In file included from /Users/paws/blender-web/build-wasm-windowed-opt/source/blender/nodes/composite/CMakeFiles/bf_nodes_composite.dir/Unity/unity_2_cxx.cxx:4:
In file included from /Users/paws/blender-web/upstream/source/blender/nodes/composite/nodes/node_composite_convolve.cc:10:
In file included from /Users/paws/blender-web/upstream/source/blender/nodes/composite/node_composite_util.hh:24:
In file included from /Users/paws/blender-web/upstream/source/blender/nodes/NOD_socket_declarations.hh:9:
In file included from /Users/paws/blender-web/upstream/source/blender/nodes/NOD_bundle_type.hh:13:
In file included from /Users/paws/blender-web/upstream/source/blender/nodes/NOD_geometry_nodes_bundle_signature.hh:11:
In file included from /Users/paws/blender-web/upstream/source/blender/nodes/NOD_node_in_compute_context.hh:10:
In file included from /Users/paws/blender-web/upstream/source/blender/blenkernel/BKE_node_runtime.hh:26:
/Users/paws/blender-web/upstream/source/blender/blenkernel/BKE_node_tree_interface.hh:60:34: warning: unused function template 'item_is_type' [-Wunused-template]
   60 | template<typename T> static bool item_is_type(const bNodeTreeInterfaceItem &item)
      |                                  ^~~~~~~~~~~~
In file included from /Users/paws/blender-web/build-wasm-windowed-opt/source/blender/nodes/composite/CMakeFiles/bf_nodes_composite.dir/Unity/unity_2_cxx.cxx:10:
In file included from /Users/paws/blender-web/upstream/source/blender/nodes/composite/nodes/node_composite_crop.cc:5:
In file included from /Users/paws/blender-web/upstream/source/blender/blenlib/BLI_bounds.hh:14:
In file included from /Users/paws/blender-web/upstream/source/blender/blenlib/BLI_index_mask.hh:24:
In file included from /Users/paws/blender-web/upstream/source/blender/blenlib/BLI_unique_sorted_indices.hh:29:
/Users/paws/blender-web/upstream/source/blender/blenlib/BLI_binary_search.hh:21:16: warning: unused function template 'first_if' [-Wunused-template]
   21 | static int64_t first_if(Iterator begin, Iterator end, Predicate &&predicate)
      |                ^~~~~~~~
2 warnings generated.
[333/441] Building CXX object source/blender/nodes/composite/CMakeFiles/bf_nodes_composite.dir/Unity/unity_3_cxx.cxx.o
In file included from /Users/paws/blender-web/build-wasm-windowed-opt/source/blender/nodes/composite/CMakeFiles/bf_nodes_composite.dir/Unity/unity_3_cxx.cxx:4:
In file included from /Users/paws/blender-web/upstream/source/blender/nodes/composite/nodes/node_composite_directional_blur.cc:13:
In file included from /Users/paws/blender-web/upstream/source/blender/nodes/composite/node_composite_util.hh:24:
In file included from /Users/paws/blender-web/upstream/source/blender/nodes/NOD_socket_declarations.hh:9:
In file included from /Users/paws/blender-web/upstream/source/blender/nodes/NOD_bundle_type.hh:13:
In file included from /Users/paws/blender-web/upstream/source/blender/nodes/NOD_geometry_nodes_bundle_signature.hh:11:
In file included from /Users/paws/blender-web/upstream/source/blender/nodes/NOD_node_in_compute_context.hh:10:
In file included from /Users/paws/blender-web/upstream/source/blender/blenkernel/BKE_node_runtime.hh:26:
/Users/paws/blender-web/upstream/source/blender/blenkernel/BKE_node_tree_interface.hh:60:34: warning: unused function template 'item_is_type' [-Wunused-template]
   60 | template<typename T> static bool item_is_type(const bNodeTreeInterfaceItem &item)
      |                                  ^~~~~~~~~~~~
In file included from /Users/paws/blender-web/build-wasm-windowed-opt/source/blender/nodes/composite/CMakeFiles/bf_nodes_composite.dir/Unity/unity_3_cxx.cxx:10:
In file included from /Users/paws/blender-web/upstream/source/blender/nodes/composite/nodes/node_composite_distance_key.cc:10:
In file included from /Users/paws/blender-web/upstream/source/blender/functions/FN_multi_function_builder.hh:13:
In file included from /Users/paws/blender-web/upstream/source/blender/functions/FN_multi_function.hh:37:
In file included from /Users/paws/blender-web/upstream/source/blender/functions/FN_multi_function_params.hh:19:
In file included from /Users/paws/blender-web/upstream/source/blender/blenlib/BLI_generic_vector_array.hh:16:
In file included from /Users/paws/blender-web/upstream/source/blender/blenlib/BLI_generic_virtual_vector_array.hh:14:
In file included from /Users/paws/blender-web/upstream/source/blender/blenlib/BLI_generic_virtual_array.hh:16:
In file included from /Users/paws/blender-web/upstream/source/blender/blenlib/BLI_virtual_array.hh:34:
In file included from /Users/paws/blender-web/upstream/source/blender/blenlib/BLI_index_mask.hh:24:
In file included from /Users/paws/blender-web/upstream/source/blender/blenlib/BLI_unique_sorted_indices.hh:29:
/Users/paws/blender-web/upstream/source/blender/blenlib/BLI_binary_search.hh:21:16: warning: unused function template 'first_if' [-Wunused-template]
   21 | static int64_t first_if(Iterator begin, Iterator end, Predicate &&predicate)
      |                ^~~~~~~~
2 warnings generated.
[334/441] Building CXX object source/blender/nodes/function/CMakeFiles/bf_nodes_function.dir/Unity/unity_5_cxx.cxx.o
In file included from /Users/paws/blender-web/build-wasm-windowed-opt/source/blender/nodes/function/CMakeFiles/bf_nodes_function.dir/Unity/unity_5_cxx.cxx:4:
In file included from /Users/paws/blender-web/upstream/source/blender/nodes/function/nodes/node_fn_transform_direction.cc:9:
In file included from /Users/paws/blender-web/upstream/source/blender/nodes/function/node_function_util.hh:17:
In file included from /Users/paws/blender-web/upstream/source/blender/nodes/NOD_multi_function.hh:7:
In file included from /Users/paws/blender-web/upstream/source/blender/functions/FN_multi_function.hh:37:
In file included from /Users/paws/blender-web/upstream/source/blender/functions/FN_multi_function_params.hh:19:
In file included from /Users/paws/blender-web/upstream/source/blender/blenlib/BLI_generic_vector_array.hh:16:
In file included from /Users/paws/blender-web/upstream/source/blender/blenlib/BLI_generic_virtual_vector_array.hh:14:
In file included from /Users/paws/blender-web/upstream/source/blender/blenlib/BLI_generic_virtual_array.hh:16:
In file included from /Users/paws/blender-web/upstream/source/blender/blenlib/BLI_virtual_array.hh:34:
In file included from /Users/paws/blender-web/upstream/source/blender/blenlib/BLI_index_mask.hh:24:
In file included from /Users/paws/blender-web/upstream/source/blender/blenlib/BLI_unique_sorted_indices.hh:29:
/Users/paws/blender-web/upstream/source/blender/blenlib/BLI_binary_search.hh:21:16: warning: unused function template 'first_if' [-Wunused-template]
   21 | static int64_t first_if(Iterator begin, Iterator end, Predicate &&predicate)
      |                ^~~~~~~~
In file included from /Users/paws/blender-web/build-wasm-windowed-opt/source/blender/nodes/function/CMakeFiles/bf_nodes_function.dir/Unity/unity_5_cxx.cxx:4:
In file included from /Users/paws/blender-web/upstream/source/blender/nodes/function/nodes/node_fn_transform_direction.cc:9:
In file included from /Users/paws/blender-web/upstream/source/blender/nodes/function/node_function_util.hh:19:
In file included from /Users/paws/blender-web/upstream/source/blender/nodes/NOD_socket_declarations.hh:9:
In file included from /Users/paws/blender-web/upstream/source/blender/nodes/NOD_bundle_type.hh:13:
In file included from /Users/paws/blender-web/upstream/source/blender/nodes/NOD_geometry_nodes_bundle_signature.hh:11:
In file included from /Users/paws/blender-web/upstream/source/blender/nodes/NOD_node_in_compute_context.hh:10:
In file included from /Users/paws/blender-web/upstream/source/blender/blenkernel/BKE_node_runtime.hh:26:
/Users/paws/blender-web/upstream/source/blender/blenkernel/BKE_node_tree_interface.hh:60:34: warning: unused function template 'item_is_type' [-Wunused-template]
   60 | template<typename T> static bool item_is_type(const bNodeTreeInterfaceItem &item)
      |                                  ^~~~~~~~~~~~
2 warnings generated.
[335/441] Building CXX object source/blender/nodes/composite/CMakeFiles/bf_nodes_composite.dir/Unity/unity_1_cxx.cxx.o
In file included from /Users/paws/blender-web/build-wasm-windowed-opt/source/blender/nodes/composite/CMakeFiles/bf_nodes_composite.dir/Unity/unity_1_cxx.cxx:4:
In file included from /Users/paws/blender-web/upstream/source/blender/nodes/composite/nodes/node_composite_channel_key.cc:9:
In file included from /Users/paws/blender-web/upstream/source/blender/functions/FN_multi_function_builder.hh:13:
In file included from /Users/paws/blender-web/upstream/source/blender/functions/FN_multi_function.hh:37:
In file included from /Users/paws/blender-web/upstream/source/blender/functions/FN_multi_function_params.hh:19:
In file included from /Users/paws/blender-web/upstream/source/blender/blenlib/BLI_generic_vector_array.hh:16:
In file included from /Users/paws/blender-web/upstream/source/blender/blenlib/BLI_generic_virtual_vector_array.hh:14:
In file included from /Users/paws/blender-web/upstream/source/blender/blenlib/BLI_generic_virtual_array.hh:16:
In file included from /Users/paws/blender-web/upstream/source/blender/blenlib/BLI_virtual_array.hh:34:
In file included from /Users/paws/blender-web/upstream/source/blender/blenlib/BLI_index_mask.hh:24:
In file included from /Users/paws/blender-web/upstream/source/blender/blenlib/BLI_unique_sorted_indices.hh:29:
/Users/paws/blender-web/upstream/source/blender/blenlib/BLI_binary_search.hh:21:16: warning: unused function template 'first_if' [-Wunused-template]
   21 | static int64_t first_if(Iterator begin, Iterator end, Predicate &&predicate)
      |                ^~~~~~~~
In file included from /Users/paws/blender-web/build-wasm-windowed-opt/source/blender/nodes/composite/CMakeFiles/bf_nodes_composite.dir/Unity/unity_1_cxx.cxx:4:
In file included from /Users/paws/blender-web/upstream/source/blender/nodes/composite/nodes/node_composite_channel_key.cc:12:
In file included from /Users/paws/blender-web/upstream/source/blender/nodes/NOD_socket_usage_inference.hh:14:
In file included from /Users/paws/blender-web/upstream/source/blender/nodes/NOD_geometry_nodes_execute.hh:16:
In file included from /Users/paws/blender-web/upstream/source/blender/nodes/NOD_socket_value_inference.hh:13:
In file included from /Users/paws/blender-web/upstream/source/blender/nodes/NOD_node_in_compute_context.hh:10:
In file included from /Users/paws/blender-web/upstream/source/blender/blenkernel/BKE_node_runtime.hh:26:
/Users/paws/blender-web/upstream/source/blender/blenkernel/BKE_node_tree_interface.hh:60:34: warning: unused function template 'item_is_type' [-Wunused-template]
   60 | template<typename T> static bool item_is_type(const bNodeTreeInterfaceItem &item)
      |                                  ^~~~~~~~~~~~
2 warnings generated.
[336/441] Building CXX object source/blender/nodes/composite/CMakeFiles/bf_nodes_composite.dir/Unity/unity_0_cxx.cxx.o
In file included from /Users/paws/blender-web/build-wasm-windowed-opt/source/blender/nodes/composite/CMakeFiles/bf_nodes_composite.dir/Unity/unity_0_cxx.cxx:4:
In file included from /Users/paws/blender-web/upstream/source/blender/nodes/composite/nodes/node_composite_alpha_convert.cc:7:
In file included from /Users/paws/blender-web/upstream/source/blender/functions/FN_multi_function_builder.hh:13:
In file included from /Users/paws/blender-web/upstream/source/blender/functions/FN_multi_function.hh:37:
In file included from /Users/paws/blender-web/upstream/source/blender/functions/FN_multi_function_params.hh:19:
In file included from /Users/paws/blender-web/upstream/source/blender/blenlib/BLI_generic_vector_array.hh:16:
In file included from /Users/paws/blender-web/upstream/source/blender/blenlib/BLI_generic_virtual_vector_array.hh:14:
In file included from /Users/paws/blender-web/upstream/source/blender/blenlib/BLI_generic_virtual_array.hh:16:
In file included from /Users/paws/blender-web/upstream/source/blender/blenlib/BLI_virtual_array.hh:34:
In file included from /Users/paws/blender-web/upstream/source/blender/blenlib/BLI_index_mask.hh:24:
In file included from /Users/paws/blender-web/upstream/source/blender/blenlib/BLI_unique_sorted_indices.hh:29:
/Users/paws/blender-web/upstream/source/blender/blenlib/BLI_binary_search.hh:21:16: warning: unused function template 'first_if' [-Wunused-template]
   21 | static int64_t first_if(Iterator begin, Iterator end, Predicate &&predicate)
      |                ^~~~~~~~
In file included from /Users/paws/blender-web/build-wasm-windowed-opt/source/blender/nodes/composite/CMakeFiles/bf_nodes_composite.dir/Unity/unity_0_cxx.cxx:4:
In file included from /Users/paws/blender-web/upstream/source/blender/nodes/composite/nodes/node_composite_alpha_convert.cc:15:
In file included from /Users/paws/blender-web/upstream/source/blender/nodes/composite/node_composite_util.hh:24:
In file included from /Users/paws/blender-web/upstream/source/blender/nodes/NOD_socket_declarations.hh:9:
In file included from /Users/paws/blender-web/upstream/source/blender/nodes/NOD_bundle_type.hh:13:
In file included from /Users/paws/blender-web/upstream/source/blender/nodes/NOD_geometry_nodes_bundle_signature.hh:11:
In file included from /Users/paws/blender-web/upstream/source/blender/nodes/NOD_node_in_compute_context.hh:10:
In file included from /Users/paws/blender-web/upstream/source/blender/blenkernel/BKE_node_runtime.hh:26:
/Users/paws/blender-web/upstream/source/blender/blenkernel/BKE_node_tree_interface.hh:60:34: warning: unused function template 'item_is_type' [-Wunused-template]
   60 | template<typename T> static bool item_is_type(const bNodeTreeInterfaceItem &item)
      |                                  ^~~~~~~~~~~~
2 warnings generated.
[337/441] Linking CXX static library lib/libbf_nodes_composite.a
[338/441] Building CXX object source/blender/nodes/function/CMakeFiles/bf_nodes_function.dir/Unity/unity_2_cxx.cxx.o
In file included from /Users/paws/blender-web/build-wasm-windowed-opt/source/blender/nodes/function/CMakeFiles/bf_nodes_function.dir/Unity/unity_2_cxx.cxx:4:
In file included from /Users/paws/blender-web/upstream/source/blender/nodes/function/nodes/node_fn_input_rotation.cc:7:
In file included from /Users/paws/blender-web/upstream/source/blender/nodes/NOD_geometry_nodes_gizmos.hh:12:
In file included from /Users/paws/blender-web/upstream/source/blender/nodes/NOD_inverse_eval_run.hh:11:
In file included from /Users/paws/blender-web/upstream/source/blender/nodes/NOD_eval_log.hh:42:
In file included from /Users/paws/blender-web/upstream/source/blender/blenkernel/BKE_geometry_set.hh:22:
In file included from /Users/paws/blender-web/upstream/source/blender/blenkernel/BKE_attribute.hh:16:
In file included from /Users/paws/blender-web/upstream/source/blender/blenlib/BLI_generic_virtual_array.hh:16:
In file included from /Users/paws/blender-web/upstream/source/blender/blenlib/BLI_virtual_array.hh:34:
In file included from /Users/paws/blender-web/upstream/source/blender/blenlib/BLI_index_mask.hh:24:
In file included from /Users/paws/blender-web/upstream/source/blender/blenlib/BLI_unique_sorted_indices.hh:29:
/Users/paws/blender-web/upstream/source/blender/blenlib/BLI_binary_search.hh:21:16: warning: unused function template 'first_if' [-Wunused-template]
   21 | static int64_t first_if(Iterator begin, Iterator end, Predicate &&predicate)
      |                ^~~~~~~~
In file included from /Users/paws/blender-web/build-wasm-windowed-opt/source/blender/nodes/function/CMakeFiles/bf_nodes_function.dir/Unity/unity_2_cxx.cxx:4:
In file included from /Users/paws/blender-web/upstream/source/blender/nodes/function/nodes/node_fn_input_rotation.cc:12:
In file included from /Users/paws/blender-web/upstream/source/blender/nodes/function/node_function_util.hh:19:
In file included from /Users/paws/blender-web/upstream/source/blender/nodes/NOD_socket_declarations.hh:9:
In file included from /Users/paws/blender-web/upstream/source/blender/nodes/NOD_bundle_type.hh:13:
In file included from /Users/paws/blender-web/upstream/source/blender/nodes/NOD_geometry_nodes_bundle_signature.hh:11:
In file included from /Users/paws/blender-web/upstream/source/blender/nodes/NOD_node_in_compute_context.hh:10:
In file included from /Users/paws/blender-web/upstream/source/blender/blenkernel/BKE_node_runtime.hh:26:
/Users/paws/blender-web/upstream/source/blender/blenkernel/BKE_node_tree_interface.hh:60:34: warning: unused function template 'item_is_type' [-Wunused-template]
   60 | template<typename T> static bool item_is_type(const bNodeTreeInterfaceItem &item)
      |                                  ^~~~~~~~~~~~
2 warnings generated.
[339/441] Building CXX object source/blender/nodes/function/CMakeFiles/bf_nodes_function.dir/Unity/unity_4_cxx.cxx.o
In file included from /Users/paws/blender-web/build-wasm-windowed-opt/source/blender/nodes/function/CMakeFiles/bf_nodes_function.dir/Unity/unity_4_cxx.cxx:4:
In file included from /Users/paws/blender-web/upstream/source/blender/nodes/function/nodes/node_fn_rotation_to_euler.cc:7:
In file included from /Users/paws/blender-web/upstream/source/blender/nodes/NOD_inverse_eval_params.hh:9:
In file included from /Users/paws/blender-web/upstream/source/blender/blenkernel/BKE_node_runtime.hh:26:
/Users/paws/blender-web/upstream/source/blender/blenkernel/BKE_node_tree_interface.hh:60:34: warning: unused function template 'item_is_type' [-Wunused-template]
   60 | template<typename T> static bool item_is_type(const bNodeTreeInterfaceItem &item)
      |                                  ^~~~~~~~~~~~
In file included from /Users/paws/blender-web/build-wasm-windowed-opt/source/blender/nodes/function/CMakeFiles/bf_nodes_function.dir/Unity/unity_4_cxx.cxx:4:
In file included from /Users/paws/blender-web/upstream/source/blender/nodes/function/nodes/node_fn_rotation_to_euler.cc:10:
In file included from /Users/paws/blender-web/upstream/source/blender/nodes/function/node_function_util.hh:17:
In file included from /Users/paws/blender-web/upstream/source/blender/nodes/NOD_multi_function.hh:7:
In file included from /Users/paws/blender-web/upstream/source/blender/functions/FN_multi_function.hh:37:
In file included from /Users/paws/blender-web/upstream/source/blender/functions/FN_multi_function_params.hh:19:
In file included from /Users/paws/blender-web/upstream/source/blender/blenlib/BLI_generic_vector_array.hh:16:
In file included from /Users/paws/blender-web/upstream/source/blender/blenlib/BLI_generic_virtual_vector_array.hh:14:
In file included from /Users/paws/blender-web/upstream/source/blender/blenlib/BLI_generic_virtual_array.hh:16:
In file included from /Users/paws/blender-web/upstream/source/blender/blenlib/BLI_virtual_array.hh:34:
In file included from /Users/paws/blender-web/upstream/source/blender/blenlib/BLI_index_mask.hh:24:
In file included from /Users/paws/blender-web/upstream/source/blender/blenlib/BLI_unique_sorted_indices.hh:29:
/Users/paws/blender-web/upstream/source/blender/blenlib/BLI_binary_search.hh:21:16: warning: unused function template 'first_if' [-Wunused-template]
   21 | static int64_t first_if(Iterator begin, Iterator end, Predicate &&predicate)
      |                ^~~~~~~~
2 warnings generated.
[340/441] Building CXX object source/blender/nodes/function/CMakeFiles/bf_nodes_function.dir/Unity/unity_3_cxx.cxx.o
In file included from /Users/paws/blender-web/build-wasm-windowed-opt/source/blender/nodes/function/CMakeFiles/bf_nodes_function.dir/Unity/unity_3_cxx.cxx:4:
In file included from /Users/paws/blender-web/upstream/source/blender/nodes/function/nodes/node_fn_matrix_svd.cc:7:
In file included from /Users/paws/blender-web/upstream/source/blender/nodes/function/node_function_util.hh:17:
In file included from /Users/paws/blender-web/upstream/source/blender/nodes/NOD_multi_function.hh:7:
In file included from /Users/paws/blender-web/upstream/source/blender/functions/FN_multi_function.hh:37:
In file included from /Users/paws/blender-web/upstream/source/blender/functions/FN_multi_function_params.hh:19:
In file included from /Users/paws/blender-web/upstream/source/blender/blenlib/BLI_generic_vector_array.hh:16:
In file included from /Users/paws/blender-web/upstream/source/blender/blenlib/BLI_generic_virtual_vector_array.hh:14:
In file included from /Users/paws/blender-web/upstream/source/blender/blenlib/BLI_generic_virtual_array.hh:16:
In file included from /Users/paws/blender-web/upstream/source/blender/blenlib/BLI_virtual_array.hh:34:
In file included from /Users/paws/blender-web/upstream/source/blender/blenlib/BLI_index_mask.hh:24:
In file included from /Users/paws/blender-web/upstream/source/blender/blenlib/BLI_unique_sorted_indices.hh:29:
/Users/paws/blender-web/upstream/source/blender/blenlib/BLI_binary_search.hh:21:16: warning: unused function template 'first_if' [-Wunused-template]
   21 | static int64_t first_if(Iterator begin, Iterator end, Predicate &&predicate)
      |                ^~~~~~~~
In file included from /Users/paws/blender-web/build-wasm-windowed-opt/source/blender/nodes/function/CMakeFiles/bf_nodes_function.dir/Unity/unity_3_cxx.cxx:4:
In file included from /Users/paws/blender-web/upstream/source/blender/nodes/function/nodes/node_fn_matrix_svd.cc:7:
In file included from /Users/paws/blender-web/upstream/source/blender/nodes/function/node_function_util.hh:19:
In file included from /Users/paws/blender-web/upstream/source/blender/nodes/NOD_socket_declarations.hh:9:
In file included from /Users/paws/blender-web/upstream/source/blender/nodes/NOD_bundle_type.hh:13:
In file included from /Users/paws/blender-web/upstream/source/blender/nodes/NOD_geometry_nodes_bundle_signature.hh:11:
In file included from /Users/paws/blender-web/upstream/source/blender/nodes/NOD_node_in_compute_context.hh:10:
In file included from /Users/paws/blender-web/upstream/source/blender/blenkernel/BKE_node_runtime.hh:26:
/Users/paws/blender-web/upstream/source/blender/blenkernel/BKE_node_tree_interface.hh:60:34: warning: unused function template 'item_is_type' [-Wunused-template]
   60 | template<typename T> static bool item_is_type(const bNodeTreeInterfaceItem &item)
      |                                  ^~~~~~~~~~~~
2 warnings generated.
[341/441] Building CXX object source/blender/nodes/geometry/CMakeFiles/bf_nodes_geometry.dir/Unity/unity_21_cxx.cxx.o
In file included from /Users/paws/blender-web/build-wasm-windowed-opt/source/blender/nodes/geometry/CMakeFiles/bf_nodes_geometry.dir/Unity/unity_21_cxx.cxx:4:
In file included from /Users/paws/blender-web/upstream/source/blender/nodes/geometry/nodes/node_geo_sdf_grid_median.cc:7:
In file included from /Users/paws/blender-web/upstream/source/blender/nodes/geometry/node_geometry_util.hh:15:
In file included from /Users/paws/blender-web/upstream/source/blender/nodes/NOD_geometry_exec.hh:10:
In file included from /Users/paws/blender-web/upstream/source/blender/functions/FN_field.hh:32:
In file included from /Users/paws/blender-web/upstream/source/blender/functions/FN_multi_function.hh:37:
In file included from /Users/paws/blender-web/upstream/source/blender/functions/FN_multi_function_params.hh:19:
In file included from /Users/paws/blender-web/upstream/source/blender/blenlib/BLI_generic_vector_array.hh:16:
In file included from /Users/paws/blender-web/upstream/source/blender/blenlib/BLI_generic_virtual_vector_array.hh:14:
In file included from /Users/paws/blender-web/upstream/source/blender/blenlib/BLI_generic_virtual_array.hh:16:
In file included from /Users/paws/blender-web/upstream/source/blender/blenlib/BLI_virtual_array.hh:34:
In file included from /Users/paws/blender-web/upstream/source/blender/blenlib/BLI_index_mask.hh:24:
In file included from /Users/paws/blender-web/upstream/source/blender/blenlib/BLI_unique_sorted_indices.hh:29:
/Users/paws/blender-web/upstream/source/blender/blenlib/BLI_binary_search.hh:21:16: warning: unused function template 'first_if' [-Wunused-template]
   21 | static int64_t first_if(Iterator begin, Iterator end, Predicate &&predicate)
      |                ^~~~~~~~
In file included from /Users/paws/blender-web/build-wasm-windowed-opt/source/blender/nodes/geometry/CMakeFiles/bf_nodes_geometry.dir/Unity/unity_21_cxx.cxx:4:
In file included from /Users/paws/blender-web/upstream/source/blender/nodes/geometry/nodes/node_geo_sdf_grid_median.cc:7:
In file included from /Users/paws/blender-web/upstream/source/blender/nodes/geometry/node_geometry_util.hh:15:
In file included from /Users/paws/blender-web/upstream/source/blender/nodes/NOD_geometry_exec.hh:18:
In file included from /Users/paws/blender-web/upstream/source/blender/blenkernel/BKE_node_runtime.hh:26:
/Users/paws/blender-web/upstream/source/blender/blenkernel/BKE_node_tree_interface.hh:60:34: warning: unused function template 'item_is_type' [-Wunused-template]
   60 | template<typename T> static bool item_is_type(const bNodeTreeInterfaceItem &item)
      |                                  ^~~~~~~~~~~~
2 warnings generated.
[342/441] Building CXX object source/blender/nodes/function/CMakeFiles/bf_nodes_function.dir/Unity/unity_1_cxx.cxx.o
In file included from /Users/paws/blender-web/build-wasm-windowed-opt/source/blender/nodes/function/CMakeFiles/bf_nodes_function.dir/Unity/unity_1_cxx.cxx:4:
In file included from /Users/paws/blender-web/upstream/source/blender/nodes/function/nodes/node_fn_euler_to_rotation.cc:7:
In file included from /Users/paws/blender-web/upstream/source/blender/nodes/NOD_inverse_eval_params.hh:9:
In file included from /Users/paws/blender-web/upstream/source/blender/blenkernel/BKE_node_runtime.hh:26:
/Users/paws/blender-web/upstream/source/blender/blenkernel/BKE_node_tree_interface.hh:60:34: warning: unused function template 'item_is_type' [-Wunused-template]
   60 | template<typename T> static bool item_is_type(const bNodeTreeInterfaceItem &item)
      |                                  ^~~~~~~~~~~~
In file included from /Users/paws/blender-web/build-wasm-windowed-opt/source/blender/nodes/function/CMakeFiles/bf_nodes_function.dir/Unity/unity_1_cxx.cxx:4:
In file included from /Users/paws/blender-web/upstream/source/blender/nodes/function/nodes/node_fn_euler_to_rotation.cc:10:
In file included from /Users/paws/blender-web/upstream/source/blender/nodes/function/node_function_util.hh:17:
In file included from /Users/paws/blender-web/upstream/source/blender/nodes/NOD_multi_function.hh:7:
In file included from /Users/paws/blender-web/upstream/source/blender/functions/FN_multi_function.hh:37:
In file included from /Users/paws/blender-web/upstream/source/blender/functions/FN_multi_function_params.hh:19:
In file included from /Users/paws/blender-web/upstream/source/blender/blenlib/BLI_generic_vector_array.hh:16:
In file included from /Users/paws/blender-web/upstream/source/blender/blenlib/BLI_generic_virtual_vector_array.hh:14:
In file included from /Users/paws/blender-web/upstream/source/blender/blenlib/BLI_generic_virtual_array.hh:16:
In file included from /Users/paws/blender-web/upstream/source/blender/blenlib/BLI_virtual_array.hh:34:
In file included from /Users/paws/blender-web/upstream/source/blender/blenlib/BLI_index_mask.hh:24:
In file included from /Users/paws/blender-web/upstream/source/blender/blenlib/BLI_unique_sorted_indices.hh:29:
/Users/paws/blender-web/upstream/source/blender/blenlib/BLI_binary_search.hh:21:16: warning: unused function template 'first_if' [-Wunused-template]
   21 | static int64_t first_if(Iterator begin, Iterator end, Predicate &&predicate)
      |                ^~~~~~~~
2 warnings generated.
[343/441] Building CXX object source/blender/nodes/geometry/CMakeFiles/bf_nodes_geometry.dir/Unity/unity_18_cxx.cxx.o
In file included from /Users/paws/blender-web/build-wasm-windowed-opt/source/blender/nodes/geometry/CMakeFiles/bf_nodes_geometry.dir/Unity/unity_18_cxx.cxx:4:
In file included from /Users/paws/blender-web/upstream/source/blender/nodes/geometry/nodes/node_geo_mesh_topology_vertex_of_corner.cc:7:
In file included from /Users/paws/blender-web/upstream/source/blender/nodes/geometry/node_geometry_util.hh:15:
In file included from /Users/paws/blender-web/upstream/source/blender/nodes/NOD_geometry_exec.hh:10:
In file included from /Users/paws/blender-web/upstream/source/blender/functions/FN_field.hh:32:
In file included from /Users/paws/blender-web/upstream/source/blender/functions/FN_multi_function.hh:37:
In file included from /Users/paws/blender-web/upstream/source/blender/functions/FN_multi_function_params.hh:19:
In file included from /Users/paws/blender-web/upstream/source/blender/blenlib/BLI_generic_vector_array.hh:16:
In file included from /Users/paws/blender-web/upstream/source/blender/blenlib/BLI_generic_virtual_vector_array.hh:14:
In file included from /Users/paws/blender-web/upstream/source/blender/blenlib/BLI_generic_virtual_array.hh:16:
In file included from /Users/paws/blender-web/upstream/source/blender/blenlib/BLI_virtual_array.hh:34:
In file included from /Users/paws/blender-web/upstream/source/blender/blenlib/BLI_index_mask.hh:24:
In file included from /Users/paws/blender-web/upstream/source/blender/blenlib/BLI_unique_sorted_indices.hh:29:
/Users/paws/blender-web/upstream/source/blender/blenlib/BLI_binary_search.hh:21:16: warning: unused function template 'first_if' [-Wunused-template]
   21 | static int64_t first_if(Iterator begin, Iterator end, Predicate &&predicate)
      |                ^~~~~~~~
In file included from /Users/paws/blender-web/build-wasm-windowed-opt/source/blender/nodes/geometry/CMakeFiles/bf_nodes_geometry.dir/Unity/unity_18_cxx.cxx:4:
In file included from /Users/paws/blender-web/upstream/source/blender/nodes/geometry/nodes/node_geo_mesh_topology_vertex_of_corner.cc:7:
In file included from /Users/paws/blender-web/upstream/source/blender/nodes/geometry/node_geometry_util.hh:15:
In file included from /Users/paws/blender-web/upstream/source/blender/nodes/NOD_geometry_exec.hh:18:
In file included from /Users/paws/blender-web/upstream/source/blender/blenkernel/BKE_node_runtime.hh:26:
/Users/paws/blender-web/upstream/source/blender/blenkernel/BKE_node_tree_interface.hh:60:34: warning: unused function template 'item_is_type' [-Wunused-template]
   60 | template<typename T> static bool item_is_type(const bNodeTreeInterfaceItem &item)
      |                                  ^~~~~~~~~~~~
2 warnings generated.
[344/441] Building CXX object source/blender/nodes/geometry/CMakeFiles/bf_nodes_geometry.dir/Unity/unity_19_cxx.cxx.o
In file included from /Users/paws/blender-web/build-wasm-windowed-opt/source/blender/nodes/geometry/CMakeFiles/bf_nodes_geometry.dir/Unity/unity_19_cxx.cxx:4:
In file included from /Users/paws/blender-web/upstream/source/blender/nodes/geometry/nodes/node_geo_raycast.cc:8:
In file included from /Users/paws/blender-web/upstream/source/blender/blenkernel/BKE_geometry_fields.hh:14:
In file included from /Users/paws/blender-web/upstream/source/blender/blenkernel/BKE_geometry_set.hh:22:
In file included from /Users/paws/blender-web/upstream/source/blender/blenkernel/BKE_attribute.hh:16:
In file included from /Users/paws/blender-web/upstream/source/blender/blenlib/BLI_generic_virtual_array.hh:16:
In file included from /Users/paws/blender-web/upstream/source/blender/blenlib/BLI_virtual_array.hh:34:
In file included from /Users/paws/blender-web/upstream/source/blender/blenlib/BLI_index_mask.hh:24:
In file included from /Users/paws/blender-web/upstream/source/blender/blenlib/BLI_unique_sorted_indices.hh:29:
/Users/paws/blender-web/upstream/source/blender/blenlib/BLI_binary_search.hh:21:16: warning: unused function template 'first_if' [-Wunused-template]
   21 | static int64_t first_if(Iterator begin, Iterator end, Predicate &&predicate)
      |                ^~~~~~~~
In file included from /Users/paws/blender-web/build-wasm-windowed-opt/source/blender/nodes/geometry/CMakeFiles/bf_nodes_geometry.dir/Unity/unity_19_cxx.cxx:4:
In file included from /Users/paws/blender-web/upstream/source/blender/nodes/geometry/nodes/node_geo_raycast.cc:21:
In file included from /Users/paws/blender-web/upstream/source/blender/nodes/geometry/node_geometry_util.hh:15:
In file included from /Users/paws/blender-web/upstream/source/blender/nodes/NOD_geometry_exec.hh:18:
In file included from /Users/paws/blender-web/upstream/source/blender/blenkernel/BKE_node_runtime.hh:26:
/Users/paws/blender-web/upstream/source/blender/blenkernel/BKE_node_tree_interface.hh:60:34: warning: unused function template 'item_is_type' [-Wunused-template]
   60 | template<typename T> static bool item_is_type(const bNodeTreeInterfaceItem &item)
      |                                  ^~~~~~~~~~~~
2 warnings generated.
[345/441] Building CXX object source/blender/nodes/geometry/CMakeFiles/bf_nodes_geometry.dir/Unity/unity_24_cxx.cxx.o
In file included from /Users/paws/blender-web/build-wasm-windowed-opt/source/blender/nodes/geometry/CMakeFiles/bf_nodes_geometry.dir/Unity/unity_24_cxx.cxx:4:
In file included from /Users/paws/blender-web/upstream/source/blender/nodes/geometry/nodes/node_geo_sort_elements.cc:7:
In file included from /Users/paws/blender-web/upstream/source/blender/blenkernel/BKE_attribute.hh:16:
In file included from /Users/paws/blender-web/upstream/source/blender/blenlib/BLI_generic_virtual_array.hh:16:
In file included from /Users/paws/blender-web/upstream/source/blender/blenlib/BLI_virtual_array.hh:34:
In file included from /Users/paws/blender-web/upstream/source/blender/blenlib/BLI_index_mask.hh:24:
In file included from /Users/paws/blender-web/upstream/source/blender/blenlib/BLI_unique_sorted_indices.hh:29:
/Users/paws/blender-web/upstream/source/blender/blenlib/BLI_binary_search.hh:21:16: warning: unused function template 'first_if' [-Wunused-template]
   21 | static int64_t first_if(Iterator begin, Iterator end, Predicate &&predicate)
      |                ^~~~~~~~
In file included from /Users/paws/blender-web/build-wasm-windowed-opt/source/blender/nodes/geometry/CMakeFiles/bf_nodes_geometry.dir/Unity/unity_24_cxx.cxx:4:
In file included from /Users/paws/blender-web/upstream/source/blender/nodes/geometry/nodes/node_geo_sort_elements.cc:22:
In file included from /Users/paws/blender-web/upstream/source/blender/nodes/geometry/node_geometry_util.hh:15:
In file included from /Users/paws/blender-web/upstream/source/blender/nodes/NOD_geometry_exec.hh:18:
In file included from /Users/paws/blender-web/upstream/source/blender/blenkernel/BKE_node_runtime.hh:26:
/Users/paws/blender-web/upstream/source/blender/blenkernel/BKE_node_tree_interface.hh:60:34: warning: unused function template 'item_is_type' [-Wunused-template]
   60 | template<typename T> static bool item_is_type(const bNodeTreeInterfaceItem &item)
      |                                  ^~~~~~~~~~~~
2 warnings generated.
[346/441] Building CXX object source/blender/nodes/geometry/CMakeFiles/bf_nodes_geometry.dir/Unity/unity_13_cxx.cxx.o
In file included from /Users/paws/blender-web/build-wasm-windowed-opt/source/blender/nodes/geometry/CMakeFiles/bf_nodes_geometry.dir/Unity/unity_13_cxx.cxx:4:
In file included from /Users/paws/blender-web/upstream/source/blender/nodes/geometry/nodes/node_geo_input_named_attribute.cc:5:
In file included from /Users/paws/blender-web/upstream/source/blender/blenkernel/BKE_attribute_legacy_convert.hh:12:
In file included from /Users/paws/blender-web/upstream/source/blender/blenkernel/BKE_attribute.hh:16:
In file included from /Users/paws/blender-web/upstream/source/blender/blenlib/BLI_generic_virtual_array.hh:16:
In file included from /Users/paws/blender-web/upstream/source/blender/blenlib/BLI_virtual_array.hh:34:
In file included from /Users/paws/blender-web/upstream/source/blender/blenlib/BLI_index_mask.hh:24:
In file included from /Users/paws/blender-web/upstream/source/blender/blenlib/BLI_unique_sorted_indices.hh:29:
/Users/paws/blender-web/upstream/source/blender/blenlib/BLI_binary_search.hh:21:16: warning: unused function template 'first_if' [-Wunused-template]
   21 | static int64_t first_if(Iterator begin, Iterator end, Predicate &&predicate)
      |                ^~~~~~~~
In file included from /Users/paws/blender-web/build-wasm-windowed-opt/source/blender/nodes/geometry/CMakeFiles/bf_nodes_geometry.dir/Unity/unity_13_cxx.cxx:4:
In file included from /Users/paws/blender-web/upstream/source/blender/nodes/geometry/nodes/node_geo_input_named_attribute.cc:16:
In file included from /Users/paws/blender-web/upstream/source/blender/nodes/geometry/node_geometry_util.hh:15:
In file included from /Users/paws/blender-web/upstream/source/blender/nodes/NOD_geometry_exec.hh:18:
In file included from /Users/paws/blender-web/upstream/source/blender/blenkernel/BKE_node_runtime.hh:26:
/Users/paws/blender-web/upstream/source/blender/blenkernel/BKE_node_tree_interface.hh:60:34: warning: unused function template 'item_is_type' [-Wunused-template]
   60 | template<typename T> static bool item_is_type(const bNodeTreeInterfaceItem &item)
      |                                  ^~~~~~~~~~~~
2 warnings generated.
[347/441] Building CXX object source/blender/nodes/geometry/CMakeFiles/bf_nodes_geometry.dir/Unity/unity_15_cxx.cxx.o
In file included from /Users/paws/blender-web/build-wasm-windowed-opt/source/blender/nodes/geometry/CMakeFiles/bf_nodes_geometry.dir/Unity/unity_15_cxx.cxx:4:
In file included from /Users/paws/blender-web/upstream/source/blender/nodes/geometry/nodes/node_geo_list_length.cc:5:
In file included from /Users/paws/blender-web/upstream/source/blender/nodes/NOD_geometry_nodes_list.hh:10:
In file included from /Users/paws/blender-web/upstream/source/blender/blenlib/BLI_generic_virtual_array.hh:16:
In file included from /Users/paws/blender-web/upstream/source/blender/blenlib/BLI_virtual_array.hh:34:
In file included from /Users/paws/blender-web/upstream/source/blender/blenlib/BLI_index_mask.hh:24:
In file included from /Users/paws/blender-web/upstream/source/blender/blenlib/BLI_unique_sorted_indices.hh:29:
/Users/paws/blender-web/upstream/source/blender/blenlib/BLI_binary_search.hh:21:16: warning: unused function template 'first_if' [-Wunused-template]
   21 | static int64_t first_if(Iterator begin, Iterator end, Predicate &&predicate)
      |                ^~~~~~~~
In file included from /Users/paws/blender-web/build-wasm-windowed-opt/source/blender/nodes/geometry/CMakeFiles/bf_nodes_geometry.dir/Unity/unity_15_cxx.cxx:4:
In file included from /Users/paws/blender-web/upstream/source/blender/nodes/geometry/nodes/node_geo_list_length.cc:15:
In file included from /Users/paws/blender-web/upstream/source/blender/nodes/geometry/node_geometry_util.hh:15:
In file included from /Users/paws/blender-web/upstream/source/blender/nodes/NOD_geometry_exec.hh:18:
In file included from /Users/paws/blender-web/upstream/source/blender/blenkernel/BKE_node_runtime.hh:26:
/Users/paws/blender-web/upstream/source/blender/blenkernel/BKE_node_tree_interface.hh:60:34: warning: unused function template 'item_is_type' [-Wunused-template]
   60 | template<typename T> static bool item_is_type(const bNodeTreeInterfaceItem &item)
      |                                  ^~~~~~~~~~~~
2 warnings generated.
[348/441] Building CXX object source/blender/nodes/geometry/CMakeFiles/bf_nodes_geometry.dir/Unity/unity_26_cxx.cxx.o
In file included from /Users/paws/blender-web/build-wasm-windowed-opt/source/blender/nodes/geometry/CMakeFiles/bf_nodes_geometry.dir/Unity/unity_26_cxx.cxx:4:
In file included from /Users/paws/blender-web/upstream/source/blender/nodes/geometry/nodes/node_geo_triangulate.cc:11:
In file included from /Users/paws/blender-web/upstream/source/blender/nodes/geometry/node_geometry_util.hh:15:
In file included from /Users/paws/blender-web/upstream/source/blender/nodes/NOD_geometry_exec.hh:18:
In file included from /Users/paws/blender-web/upstream/source/blender/blenkernel/BKE_node_runtime.hh:26:
/Users/paws/blender-web/upstream/source/blender/blenkernel/BKE_node_tree_interface.hh:60:34: warning: unused function template 'item_is_type' [-Wunused-template]
   60 | template<typename T> static bool item_is_type(const bNodeTreeInterfaceItem &item)
      |                                  ^~~~~~~~~~~~
In file included from /Users/paws/blender-web/build-wasm-windowed-opt/source/blender/nodes/geometry/CMakeFiles/bf_nodes_geometry.dir/Unity/unity_26_cxx.cxx:16:
In file included from /Users/paws/blender-web/upstream/source/blender/nodes/geometry/nodes/node_geo_viewer.cc:24:
/Users/paws/blender-web/upstream/source/blender/nodes/NOD_socket_items_ui.hh:124:41: warning: unused function template 'draw_extend_socket_fn' [-Wunused-template]
  124 | template<typename Accessor> static auto draw_extend_socket_fn()
      |                                         ^~~~~~~~~~~~~~~~~~~~~
2 warnings generated.
[349/441] Building CXX object source/blender/nodes/geometry/CMakeFiles/bf_nodes_geometry.dir/Unity/unity_11_cxx.cxx.o
In file included from /Users/paws/blender-web/build-wasm-windowed-opt/source/blender/nodes/geometry/CMakeFiles/bf_nodes_geometry.dir/Unity/unity_11_cxx.cxx:4:
In file included from /Users/paws/blender-web/upstream/source/blender/nodes/geometry/nodes/node_geo_input_edge_smooth.cc:5:
In file included from /Users/paws/blender-web/upstream/source/blender/nodes/geometry/node_geometry_util.hh:15:
In file included from /Users/paws/blender-web/upstream/source/blender/nodes/NOD_geometry_exec.hh:10:
In file included from /Users/paws/blender-web/upstream/source/blender/functions/FN_field.hh:32:
In file included from /Users/paws/blender-web/upstream/source/blender/functions/FN_multi_function.hh:37:
In file included from /Users/paws/blender-web/upstream/source/blender/functions/FN_multi_function_params.hh:19:
In file included from /Users/paws/blender-web/upstream/source/blender/blenlib/BLI_generic_vector_array.hh:16:
In file included from /Users/paws/blender-web/upstream/source/blender/blenlib/BLI_generic_virtual_vector_array.hh:14:
In file included from /Users/paws/blender-web/upstream/source/blender/blenlib/BLI_generic_virtual_array.hh:16:
In file included from /Users/paws/blender-web/upstream/source/blender/blenlib/BLI_virtual_array.hh:34:
In file included from /Users/paws/blender-web/upstream/source/blender/blenlib/BLI_index_mask.hh:24:
In file included from /Users/paws/blender-web/upstream/source/blender/blenlib/BLI_unique_sorted_indices.hh:29:
/Users/paws/blender-web/upstream/source/blender/blenlib/BLI_binary_search.hh:21:16: warning: unused function template 'first_if' [-Wunused-template]
   21 | static int64_t first_if(Iterator begin, Iterator end, Predicate &&predicate)
      |                ^~~~~~~~
In file included from /Users/paws/blender-web/build-wasm-windowed-opt/source/blender/nodes/geometry/CMakeFiles/bf_nodes_geometry.dir/Unity/unity_11_cxx.cxx:4:
In file included from /Users/paws/blender-web/upstream/source/blender/nodes/geometry/nodes/node_geo_input_edge_smooth.cc:5:
In file included from /Users/paws/blender-web/upstream/source/blender/nodes/geometry/node_geometry_util.hh:15:
In file included from /Users/paws/blender-web/upstream/source/blender/nodes/NOD_geometry_exec.hh:18:
In file included from /Users/paws/blender-web/upstream/source/blender/blenkernel/BKE_node_runtime.hh:26:
/Users/paws/blender-web/upstream/source/blender/blenkernel/BKE_node_tree_interface.hh:60:34: warning: unused function template 'item_is_type' [-Wunused-template]
   60 | template<typename T> static bool item_is_type(const bNodeTreeInterfaceItem &item)
      |                                  ^~~~~~~~~~~~
2 warnings generated.
[350/441] Building CXX object source/blender/nodes/geometry/CMakeFiles/bf_nodes_geometry.dir/Unity/unity_14_cxx.cxx.o
In file included from /Users/paws/blender-web/build-wasm-windowed-opt/source/blender/nodes/geometry/CMakeFiles/bf_nodes_geometry.dir/Unity/unity_14_cxx.cxx:4:
In file included from /Users/paws/blender-web/upstream/source/blender/nodes/geometry/nodes/node_geo_input_spline_resolution.cc:5:
In file included from /Users/paws/blender-web/upstream/source/blender/nodes/geometry/node_geometry_util.hh:15:
In file included from /Users/paws/blender-web/upstream/source/blender/nodes/NOD_geometry_exec.hh:10:
In file included from /Users/paws/blender-web/upstream/source/blender/functions/FN_field.hh:32:
In file included from /Users/paws/blender-web/upstream/source/blender/functions/FN_multi_function.hh:37:
In file included from /Users/paws/blender-web/upstream/source/blender/functions/FN_multi_function_params.hh:19:
In file included from /Users/paws/blender-web/upstream/source/blender/blenlib/BLI_generic_vector_array.hh:16:
In file included from /Users/paws/blender-web/upstream/source/blender/blenlib/BLI_generic_virtual_vector_array.hh:14:
In file included from /Users/paws/blender-web/upstream/source/blender/blenlib/BLI_generic_virtual_array.hh:16:
In file included from /Users/paws/blender-web/upstream/source/blender/blenlib/BLI_virtual_array.hh:34:
In file included from /Users/paws/blender-web/upstream/source/blender/blenlib/BLI_index_mask.hh:24:
In file included from /Users/paws/blender-web/upstream/source/blender/blenlib/BLI_unique_sorted_indices.hh:29:
/Users/paws/blender-web/upstream/source/blender/blenlib/BLI_binary_search.hh:21:16: warning: unused function template 'first_if' [-Wunused-template]
   21 | static int64_t first_if(Iterator begin, Iterator end, Predicate &&predicate)
      |                ^~~~~~~~
In file included from /Users/paws/blender-web/build-wasm-windowed-opt/source/blender/nodes/geometry/CMakeFiles/bf_nodes_geometry.dir/Unity/unity_14_cxx.cxx:4:
In file included from /Users/paws/blender-web/upstream/source/blender/nodes/geometry/nodes/node_geo_input_spline_resolution.cc:5:
In file included from /Users/paws/blender-web/upstream/source/blender/nodes/geometry/node_geometry_util.hh:15:
In file included from /Users/paws/blender-web/upstream/source/blender/nodes/NOD_geometry_exec.hh:18:
In file included from /Users/paws/blender-web/upstream/source/blender/blenkernel/BKE_node_runtime.hh:26:
/Users/paws/blender-web/upstream/source/blender/blenkernel/BKE_node_tree_interface.hh:60:34: warning: unused function template 'item_is_type' [-Wunused-template]
   60 | template<typename T> static bool item_is_type(const bNodeTreeInterfaceItem &item)
      |                                  ^~~~~~~~~~~~
In file included from /Users/paws/blender-web/build-wasm-windowed-opt/source/blender/nodes/geometry/CMakeFiles/bf_nodes_geometry.dir/Unity/unity_14_cxx.cxx:19:
In file included from /Users/paws/blender-web/upstream/source/blender/nodes/geometry/nodes/node_geo_interpolate_curves.cc:9:
/Users/paws/blender-web/upstream/source/blender/blenlib/BLI_kdtree.hh:459:38: warning: unused function template 'nearest_cmp_dist' [-Wunused-template]
  459 | template<typename CoordT> static int nearest_cmp_dist(const void *a, const void *b)
      |                                      ^~~~~~~~~~~~~~~~
/Users/paws/blender-web/upstream/source/blender/blenlib/BLI_kdtree.hh:474:13: warning: unused function template 'nearest_add_in_range' [-Wunused-template]
  474 | static void nearest_add_in_range(KDTreeNearest<CoordT> **r_nearest,
      |             ^~~~~~~~~~~~~~~~~~~~
/Users/paws/blender-web/upstream/source/blender/blenlib/BLI_kdtree.hh:645:46: warning: unused function template 'kdtree_order' [-Wunused-template]
  645 | template<typename CoordT> static Vector<int> kdtree_order(const KDTree<CoordT> *tree)
      |                                              ^~~~~~~~~~~~
/Users/paws/blender-web/upstream/source/blender/blenlib/BLI_kdtree.hh:673:13: warning: unused function template 'deduplicate_recursive' [-Wunused-template]
  673 | static void deduplicate_recursive(const DeDuplicateParams<CoordT> *p, uint i)
      |             ^~~~~~~~~~~~~~~~~~~~~
/Users/paws/blender-web/upstream/source/blender/blenlib/BLI_kdtree.hh:910:38: warning: unused function template 'kdtree_cmp_bool' [-Wunused-template]
  910 | template<typename CoordT> static int kdtree_cmp_bool(const bool a, const bool b)
      |                                      ^~~~~~~~~~~~~~~
/Users/paws/blender-web/upstream/source/blender/blenlib/BLI_kdtree.hh:919:12: warning: unused function template 'kdtree_node_cmp_deduplicate' [-Wunused-template]
  919 | static int kdtree_node_cmp_deduplicate(const void *n0_p, const void *n1_p)
      |            ^~~~~~~~~~~~~~~~~~~~~~~~~~~
8 warnings generated.
[351/441] Building CXX object source/blender/gpu/CMakeFiles/bf_gpu.dir/intern/gpu_shader_create_info.cc.o
In file included from /Users/paws/blender-web/upstream/source/blender/gpu/intern/gpu_shader_create_info.cc:22:
In file included from /Users/paws/blender-web/upstream/source/blender/gpu/intern/gpu_shader_create_info.hh:25:
In file included from /Users/paws/blender-web/upstream/source/blender/gpu/intern/gpu_shader_create_info_pipeline.hh:13:
In file included from /Users/paws/blender-web/upstream/source/blender/gpu/intern/gpu_state_private.hh:15:
In file included from /Users/paws/blender-web/upstream/source/blender/gpu/intern/gpu_texture_private.hh:14:
In file included from /Users/paws/blender-web/upstream/source/blender/gpu/GPU_vertex_buffer.hh:16:
In file included from /Users/paws/blender-web/upstream/source/blender/blenlib/BLI_virtual_array.hh:34:
In file included from /Users/paws/blender-web/upstream/source/blender/blenlib/BLI_index_mask.hh:24:
In file included from /Users/paws/blender-web/upstream/source/blender/blenlib/BLI_unique_sorted_indices.hh:29:
/Users/paws/blender-web/upstream/source/blender/blenlib/BLI_binary_search.hh:21:16: warning: unused function template 'first_if' [-Wunused-template]
   21 | static int64_t first_if(Iterator begin, Iterator end, Predicate &&predicate)
      |                ^~~~~~~~
1 warning generated.
[352/441] Building CXX object source/blender/nodes/shader/CMakeFiles/bf_nodes_shader.dir/Unity/unity_9_cxx.cxx.o
In file included from /Users/paws/blender-web/build-wasm-windowed-opt/source/blender/nodes/shader/CMakeFiles/bf_nodes_shader.dir/Unity/unity_9_cxx.cxx:4:
In file included from /Users/paws/blender-web/upstream/source/blender/nodes/shader/nodes/node_shader_volume_info.cc:5:
In file included from /Users/paws/blender-web/upstream/source/blender/nodes/shader/node_shader_util.hh:24:
In file included from /Users/paws/blender-web/upstream/source/blender/nodes/NOD_socket_declarations.hh:9:
In file included from /Users/paws/blender-web/upstream/source/blender/nodes/NOD_bundle_type.hh:13:
In file included from /Users/paws/blender-web/upstream/source/blender/nodes/NOD_geometry_nodes_bundle_signature.hh:11:
In file included from /Users/paws/blender-web/upstream/source/blender/nodes/NOD_node_in_compute_context.hh:10:
In file included from /Users/paws/blender-web/upstream/source/blender/blenkernel/BKE_node_runtime.hh:26:
/Users/paws/blender-web/upstream/source/blender/blenkernel/BKE_node_tree_interface.hh:60:34: warning: unused function template 'item_is_type' [-Wunused-template]
   60 | template<typename T> static bool item_is_type(const bNodeTreeInterfaceItem &item)
      |                                  ^~~~~~~~~~~~
In file included from /Users/paws/blender-web/build-wasm-windowed-opt/source/blender/nodes/shader/CMakeFiles/bf_nodes_shader.dir/Unity/unity_9_cxx.cxx:22:
In file included from /Users/paws/blender-web/upstream/source/blender/nodes/shader/node_shader_tree.cc:40:
In file included from /Users/paws/blender-web/upstream/source/blender/blenkernel/BKE_scene.hh:13:
In file included from /Users/paws/blender-web/upstream/source/blender/blenkernel/BKE_duplilist.hh:13:
In file included from /Users/paws/blender-web/upstream/source/blender/blenkernel/BKE_geometry_set.hh:22:
In file included from /Users/paws/blender-web/upstream/source/blender/blenkernel/BKE_attribute.hh:16:
In file included from /Users/paws/blender-web/upstream/source/blender/blenlib/BLI_generic_virtual_array.hh:16:
In file included from /Users/paws/blender-web/upstream/source/blender/blenlib/BLI_virtual_array.hh:34:
In file included from /Users/paws/blender-web/upstream/source/blender/blenlib/BLI_index_mask.hh:24:
In file included from /Users/paws/blender-web/upstream/source/blender/blenlib/BLI_unique_sorted_indices.hh:29:
/Users/paws/blender-web/upstream/source/blender/blenlib/BLI_binary_search.hh:21:16: warning: unused function template 'first_if' [-Wunused-template]
   21 | static int64_t first_if(Iterator begin, Iterator end, Predicate &&predicate)
      |                ^~~~~~~~
2 warnings generated.
[353/441] Linking CXX static library lib/libbf_gpu.a
[354/441] Building CXX object source/blender/nodes/geometry/CMakeFiles/bf_nodes_geometry.dir/Unity/unity_10_cxx.cxx.o
In file included from /Users/paws/blender-web/build-wasm-windowed-opt/source/blender/nodes/geometry/CMakeFiles/bf_nodes_geometry.dir/Unity/unity_10_cxx.cxx:4:
In file included from /Users/paws/blender-web/upstream/source/blender/nodes/geometry/nodes/node_geo_import_ply.cc:5:
In file included from /Users/paws/blender-web/upstream/source/blender/nodes/geometry/node_geometry_util.hh:15:
In file included from /Users/paws/blender-web/upstream/source/blender/nodes/NOD_geometry_exec.hh:10:
In file included from /Users/paws/blender-web/upstream/source/blender/functions/FN_field.hh:32:
In file included from /Users/paws/blender-web/upstream/source/blender/functions/FN_multi_function.hh:37:
In file included from /Users/paws/blender-web/upstream/source/blender/functions/FN_multi_function_params.hh:19:
In file included from /Users/paws/blender-web/upstream/source/blender/blenlib/BLI_generic_vector_array.hh:16:
In file included from /Users/paws/blender-web/upstream/source/blender/blenlib/BLI_generic_virtual_vector_array.hh:14:
In file included from /Users/paws/blender-web/upstream/source/blender/blenlib/BLI_generic_virtual_array.hh:16:
In file included from /Users/paws/blender-web/upstream/source/blender/blenlib/BLI_virtual_array.hh:34:
In file included from /Users/paws/blender-web/upstream/source/blender/blenlib/BLI_index_mask.hh:24:
In file included from /Users/paws/blender-web/upstream/source/blender/blenlib/BLI_unique_sorted_indices.hh:29:
/Users/paws/blender-web/upstream/source/blender/blenlib/BLI_binary_search.hh:21:16: warning: unused function template 'first_if' [-Wunused-template]
   21 | static int64_t first_if(Iterator begin, Iterator end, Predicate &&predicate)
      |                ^~~~~~~~
In file included from /Users/paws/blender-web/build-wasm-windowed-opt/source/blender/nodes/geometry/CMakeFiles/bf_nodes_geometry.dir/Unity/unity_10_cxx.cxx:4:
In file included from /Users/paws/blender-web/upstream/source/blender/nodes/geometry/nodes/node_geo_import_ply.cc:5:
In file included from /Users/paws/blender-web/upstream/source/blender/nodes/geometry/node_geometry_util.hh:15:
In file included from /Users/paws/blender-web/upstream/source/blender/nodes/NOD_geometry_exec.hh:18:
In file included from /Users/paws/blender-web/upstream/source/blender/blenkernel/BKE_node_runtime.hh:26:
/Users/paws/blender-web/upstream/source/blender/blenkernel/BKE_node_tree_interface.hh:60:34: warning: unused function template 'item_is_type' [-Wunused-template]
   60 | template<typename T> static bool item_is_type(const bNodeTreeInterfaceItem &item)
      |                                  ^~~~~~~~~~~~
In file included from /Users/paws/blender-web/build-wasm-windowed-opt/source/blender/nodes/geometry/CMakeFiles/bf_nodes_geometry.dir/Unity/unity_10_cxx.cxx:16:
In file included from /Users/paws/blender-web/upstream/source/blender/nodes/geometry/nodes/node_geo_index_of_nearest.cc:6:
/Users/paws/blender-web/upstream/source/blender/blenlib/BLI_kdtree.hh:318:13: warning: unused function template 'nearest_ordered_insert' [-Wunused-template]
  318 | static void nearest_ordered_insert(KDTreeNearest<CoordT> *nearest,
      |             ^~~~~~~~~~~~~~~~~~~~~~
/Users/paws/blender-web/upstream/source/blender/blenlib/BLI_kdtree.hh:459:38: warning: unused function template 'nearest_cmp_dist' [-Wunused-template]
  459 | template<typename CoordT> static int nearest_cmp_dist(const void *a, const void *b)
      |                                      ^~~~~~~~~~~~~~~~
/Users/paws/blender-web/upstream/source/blender/blenlib/BLI_kdtree.hh:474:13: warning: unused function template 'nearest_add_in_range' [-Wunused-template]
  474 | static void nearest_add_in_range(KDTreeNearest<CoordT> **r_nearest,
      |             ^~~~~~~~~~~~~~~~~~~~
/Users/paws/blender-web/upstream/source/blender/blenlib/BLI_kdtree.hh:645:46: warning: unused function template 'kdtree_order' [-Wunused-template]
  645 | template<typename CoordT> static Vector<int> kdtree_order(const KDTree<CoordT> *tree)
      |                                              ^~~~~~~~~~~~
/Users/paws/blender-web/upstream/source/blender/blenlib/BLI_kdtree.hh:673:13: warning: unused function template 'deduplicate_recursive' [-Wunused-template]
  673 | static void deduplicate_recursive(const DeDuplicateParams<CoordT> *p, uint i)
      |             ^~~~~~~~~~~~~~~~~~~~~
/Users/paws/blender-web/upstream/source/blender/blenlib/BLI_kdtree.hh:910:38: warning: unused function template 'kdtree_cmp_bool' [-Wunused-template]
  910 | template<typename CoordT> static int kdtree_cmp_bool(const bool a, const bool b)
      |                                      ^~~~~~~~~~~~~~~
/Users/paws/blender-web/upstream/source/blender/blenlib/BLI_kdtree.hh:919:12: warning: unused function template 'kdtree_node_cmp_deduplicate' [-Wunused-template]
  919 | static int kdtree_node_cmp_deduplicate(const void *n0_p, const void *n1_p)
      |            ^~~~~~~~~~~~~~~~~~~~~~~~~~~
In file included from /Users/paws/blender-web/build-wasm-windowed-opt/source/blender/nodes/geometry/CMakeFiles/bf_nodes_geometry.dir/Unity/unity_10_cxx.cxx:19:
In file included from /Users/paws/blender-web/upstream/source/blender/nodes/geometry/nodes/node_geo_index_switch.cc:18:
/Users/paws/blender-web/upstream/source/blender/nodes/NOD_socket_items_ui.hh:28:13: warning: unused function template 'draw_item_in_list' [-Wunused-template]
   28 | static void draw_item_in_list(uiList * /*ui_list*/,
      |             ^~~~~~~~~~~~~~~~~
/Users/paws/blender-web/upstream/source/blender/nodes/NOD_socket_items_ui.hh:54:13: warning: unused function template 'draw_items_list_with_operators' [-Wunused-template]
   54 | static void draw_items_list_with_operators(const bContext *C,
      |             ^~~~~~~~~~~~~~~~~~~~~~~~~~~~~~
/Users/paws/blender-web/upstream/source/blender/nodes/NOD_socket_items_ui.hh:103:13: warning: unused function template 'draw_active_item_props' [-Wunused-template]
  103 | static void draw_active_item_props(const bNodeTree &tree,
      |             ^~~~~~~~~~~~~~~~~~~~~~
12 warnings generated.
[355/441] Building CXX object source/blender/nodes/shader/CMakeFiles/bf_nodes_shader.dir/Unity/unity_8_cxx.cxx.o
In file included from /Users/paws/blender-web/build-wasm-windowed-opt/source/blender/nodes/shader/CMakeFiles/bf_nodes_shader.dir/Unity/unity_8_cxx.cxx:4:
In file included from /Users/paws/blender-web/upstream/source/blender/nodes/shader/nodes/node_shader_uv_along_stroke.cc:5:
In file included from /Users/paws/blender-web/upstream/source/blender/nodes/shader/node_shader_util.hh:24:
In file included from /Users/paws/blender-web/upstream/source/blender/nodes/NOD_socket_declarations.hh:9:
In file included from /Users/paws/blender-web/upstream/source/blender/nodes/NOD_bundle_type.hh:13:
In file included from /Users/paws/blender-web/upstream/source/blender/nodes/NOD_geometry_nodes_bundle_signature.hh:11:
In file included from /Users/paws/blender-web/upstream/source/blender/nodes/NOD_node_in_compute_context.hh:10:
In file included from /Users/paws/blender-web/upstream/source/blender/blenkernel/BKE_node_runtime.hh:26:
/Users/paws/blender-web/upstream/source/blender/blenkernel/BKE_node_tree_interface.hh:60:34: warning: unused function template 'item_is_type' [-Wunused-template]
   60 | template<typename T> static bool item_is_type(const bNodeTreeInterfaceItem &item)
      |                                  ^~~~~~~~~~~~
In file included from /Users/paws/blender-web/build-wasm-windowed-opt/source/blender/nodes/shader/CMakeFiles/bf_nodes_shader.dir/Unity/unity_8_cxx.cxx:7:
In file included from /Users/paws/blender-web/upstream/source/blender/nodes/shader/nodes/node_shader_uvmap.cc:12:
In file included from /Users/paws/blender-web/upstream/source/blender/depsgraph/DEG_depsgraph_query.hh:24:
In file included from /Users/paws/blender-web/upstream/source/blender/blenkernel/BKE_duplilist.hh:13:
In file included from /Users/paws/blender-web/upstream/source/blender/blenkernel/BKE_geometry_set.hh:22:
In file included from /Users/paws/blender-web/upstream/source/blender/blenkernel/BKE_attribute.hh:16:
In file included from /Users/paws/blender-web/upstream/source/blender/blenlib/BLI_generic_virtual_array.hh:16:
In file included from /Users/paws/blender-web/upstream/source/blender/blenlib/BLI_virtual_array.hh:34:
In file included from /Users/paws/blender-web/upstream/source/blender/blenlib/BLI_index_mask.hh:24:
In file included from /Users/paws/blender-web/upstream/source/blender/blenlib/BLI_unique_sorted_indices.hh:29:
/Users/paws/blender-web/upstream/source/blender/blenlib/BLI_binary_search.hh:21:16: warning: unused function template 'first_if' [-Wunused-template]
   21 | static int64_t first_if(Iterator begin, Iterator end, Predicate &&predicate)
      |                ^~~~~~~~
2 warnings generated.
[356/441] Building CXX object source/blender/nodes/geometry/CMakeFiles/bf_nodes_geometry.dir/Unity/unity_1_cxx.cxx.o
In file included from /Users/paws/blender-web/build-wasm-windowed-opt/source/blender/nodes/geometry/CMakeFiles/bf_nodes_geometry.dir/Unity/unity_1_cxx.cxx:4:
In file included from /Users/paws/blender-web/upstream/source/blender/nodes/geometry/nodes/node_geo_closure_to_list.cc:10:
In file included from /Users/paws/blender-web/upstream/source/blender/nodes/geometry/include/NOD_geo_closure_to_list.hh:9:
In file included from /Users/paws/blender-web/upstream/source/blender/nodes/NOD_socket_items.hh:26:
In file included from /Users/paws/blender-web/upstream/source/blender/blenkernel/BKE_node_runtime.hh:26:
/Users/paws/blender-web/upstream/source/blender/blenkernel/BKE_node_tree_interface.hh:60:34: warning: unused function template 'item_is_type' [-Wunused-template]
   60 | template<typename T> static bool item_is_type(const bNodeTreeInterfaceItem &item)
      |                                  ^~~~~~~~~~~~
In file included from /Users/paws/blender-web/build-wasm-windowed-opt/source/blender/nodes/geometry/CMakeFiles/bf_nodes_geometry.dir/Unity/unity_1_cxx.cxx:4:
In file included from /Users/paws/blender-web/upstream/source/blender/nodes/geometry/nodes/node_geo_closure_to_list.cc:11:
In file included from /Users/paws/blender-web/upstream/source/blender/nodes/NOD_geometry_nodes_closure_eval.hh:9:
In file included from /Users/paws/blender-web/upstream/source/blender/nodes/NOD_geometry_nodes_lazy_function.hh:28:
In file included from /Users/paws/blender-web/upstream/source/blender/nodes/NOD_eval_log.hh:42:
In file included from /Users/paws/blender-web/upstream/source/blender/blenkernel/BKE_geometry_set.hh:22:
In file included from /Users/paws/blender-web/upstream/source/blender/blenkernel/BKE_attribute.hh:16:
In file included from /Users/paws/blender-web/upstream/source/blender/blenlib/BLI_generic_virtual_array.hh:16:
In file included from /Users/paws/blender-web/upstream/source/blender/blenlib/BLI_virtual_array.hh:34:
In file included from /Users/paws/blender-web/upstream/source/blender/blenlib/BLI_index_mask.hh:24:
In file included from /Users/paws/blender-web/upstream/source/blender/blenlib/BLI_unique_sorted_indices.hh:29:
/Users/paws/blender-web/upstream/source/blender/blenlib/BLI_binary_search.hh:21:16: warning: unused function template 'first_if' [-Wunused-template]
   21 | static int64_t first_if(Iterator begin, Iterator end, Predicate &&predicate)
      |                ^~~~~~~~
In file included from /Users/paws/blender-web/build-wasm-windowed-opt/source/blender/nodes/geometry/CMakeFiles/bf_nodes_geometry.dir/Unity/unity_1_cxx.cxx:13:
In file included from /Users/paws/blender-web/upstream/source/blender/nodes/geometry/nodes/node_geo_cluster_by_distance.cc:8:
/Users/paws/blender-web/upstream/source/blender/blenlib/BLI_kdtree.hh:318:13: warning: unused function template 'nearest_ordered_insert' [-Wunused-template]
  318 | static void nearest_ordered_insert(KDTreeNearest<CoordT> *nearest,
      |             ^~~~~~~~~~~~~~~~~~~~~~
/Users/paws/blender-web/upstream/source/blender/blenlib/BLI_kdtree.hh:459:38: warning: unused function template 'nearest_cmp_dist' [-Wunused-template]
  459 | template<typename CoordT> static int nearest_cmp_dist(const void *a, const void *b)
      |                                      ^~~~~~~~~~~~~~~~
/Users/paws/blender-web/upstream/source/blender/blenlib/BLI_kdtree.hh:474:13: warning: unused function template 'nearest_add_in_range' [-Wunused-template]
  474 | static void nearest_add_in_range(KDTreeNearest<CoordT> **r_nearest,
      |             ^~~~~~~~~~~~~~~~~~~~
/Users/paws/blender-web/upstream/source/blender/blenlib/BLI_kdtree.hh:910:38: warning: unused function template 'kdtree_cmp_bool' [-Wunused-template]
  910 | template<typename CoordT> static int kdtree_cmp_bool(const bool a, const bool b)
      |                                      ^~~~~~~~~~~~~~~
/Users/paws/blender-web/upstream/source/blender/blenlib/BLI_kdtree.hh:919:12: warning: unused function template 'kdtree_node_cmp_deduplicate' [-Wunused-template]
  919 | static int kdtree_node_cmp_deduplicate(const void *n0_p, const void *n1_p)
      |            ^~~~~~~~~~~~~~~~~~~~~~~~~~~
7 warnings generated.
[357/441] Building CXX object source/blender/nodes/shader/CMakeFiles/bf_nodes_shader.dir/Unity/unity_7_cxx.cxx.o
In file included from /Users/paws/blender-web/build-wasm-windowed-opt/source/blender/nodes/shader/CMakeFiles/bf_nodes_shader.dir/Unity/unity_7_cxx.cxx:4:
In file included from /Users/paws/blender-web/upstream/source/blender/nodes/shader/nodes/node_shader_tex_environment.cc:5:
In file included from /Users/paws/blender-web/upstream/source/blender/nodes/shader/node_shader_util.hh:24:
In file included from /Users/paws/blender-web/upstream/source/blender/nodes/NOD_socket_declarations.hh:9:
In file included from /Users/paws/blender-web/upstream/source/blender/nodes/NOD_bundle_type.hh:13:
In file included from /Users/paws/blender-web/upstream/source/blender/nodes/NOD_geometry_nodes_bundle_signature.hh:11:
In file included from /Users/paws/blender-web/upstream/source/blender/nodes/NOD_node_in_compute_context.hh:10:
In file included from /Users/paws/blender-web/upstream/source/blender/blenkernel/BKE_node_runtime.hh:26:
/Users/paws/blender-web/upstream/source/blender/blenkernel/BKE_node_tree_interface.hh:60:34: warning: unused function template 'item_is_type' [-Wunused-template]
   60 | template<typename T> static bool item_is_type(const bNodeTreeInterfaceItem &item)
      |                                  ^~~~~~~~~~~~
In file included from /Users/paws/blender-web/build-wasm-windowed-opt/source/blender/nodes/shader/CMakeFiles/bf_nodes_shader.dir/Unity/unity_7_cxx.cxx:4:
In file included from /Users/paws/blender-web/upstream/source/blender/nodes/shader/nodes/node_shader_tex_environment.cc:14:
In file included from /Users/paws/blender-web/upstream/source/blender/depsgraph/DEG_depsgraph_query.hh:24:
In file included from /Users/paws/blender-web/upstream/source/blender/blenkernel/BKE_duplilist.hh:13:
In file included from /Users/paws/blender-web/upstream/source/blender/blenkernel/BKE_geometry_set.hh:22:
In file included from /Users/paws/blender-web/upstream/source/blender/blenkernel/BKE_attribute.hh:16:
In file included from /Users/paws/blender-web/upstream/source/blender/blenlib/BLI_generic_virtual_array.hh:16:
In file included from /Users/paws/blender-web/upstream/source/blender/blenlib/BLI_virtual_array.hh:34:
In file included from /Users/paws/blender-web/upstream/source/blender/blenlib/BLI_index_mask.hh:24:
In file included from /Users/paws/blender-web/upstream/source/blender/blenlib/BLI_unique_sorted_indices.hh:29:
/Users/paws/blender-web/upstream/source/blender/blenlib/BLI_binary_search.hh:21:16: warning: unused function template 'first_if' [-Wunused-template]
   21 | static int64_t first_if(Iterator begin, Iterator end, Predicate &&predicate)
      |                ^~~~~~~~
2 warnings generated.
[358/441] Building CXX object source/blender/nodes/shader/CMakeFiles/bf_nodes_shader.dir/Unity/unity_6_cxx.cxx.o
In file included from /Users/paws/blender-web/build-wasm-windowed-opt/source/blender/nodes/shader/CMakeFiles/bf_nodes_shader.dir/Unity/unity_6_cxx.cxx:4:
In file included from /Users/paws/blender-web/upstream/source/blender/nodes/shader/nodes/node_shader_script.cc:9:
In file included from /Users/paws/blender-web/upstream/source/blender/nodes/shader/node_shader_util.hh:24:
In file included from /Users/paws/blender-web/upstream/source/blender/nodes/NOD_socket_declarations.hh:9:
In file included from /Users/paws/blender-web/upstream/source/blender/nodes/NOD_bundle_type.hh:13:
In file included from /Users/paws/blender-web/upstream/source/blender/nodes/NOD_geometry_nodes_bundle_signature.hh:11:
In file included from /Users/paws/blender-web/upstream/source/blender/nodes/NOD_node_in_compute_context.hh:10:
In file included from /Users/paws/blender-web/upstream/source/blender/blenkernel/BKE_node_runtime.hh:26:
/Users/paws/blender-web/upstream/source/blender/blenkernel/BKE_node_tree_interface.hh:60:34: warning: unused function template 'item_is_type' [-Wunused-template]
   60 | template<typename T> static bool item_is_type(const bNodeTreeInterfaceItem &item)
      |                                  ^~~~~~~~~~~~
In file included from /Users/paws/blender-web/build-wasm-windowed-opt/source/blender/nodes/shader/CMakeFiles/bf_nodes_shader.dir/Unity/unity_6_cxx.cxx:10:
In file included from /Users/paws/blender-web/upstream/source/blender/nodes/shader/nodes/node_shader_sepcomb_xyz.cc:11:
In file included from /Users/paws/blender-web/upstream/source/blender/functions/FN_multi_function_builder.hh:13:
In file included from /Users/paws/blender-web/upstream/source/blender/functions/FN_multi_function.hh:37:
In file included from /Users/paws/blender-web/upstream/source/blender/functions/FN_multi_function_params.hh:19:
In file included from /Users/paws/blender-web/upstream/source/blender/blenlib/BLI_generic_vector_array.hh:16:
In file included from /Users/paws/blender-web/upstream/source/blender/blenlib/BLI_generic_virtual_vector_array.hh:14:
In file included from /Users/paws/blender-web/upstream/source/blender/blenlib/BLI_generic_virtual_array.hh:16:
In file included from /Users/paws/blender-web/upstream/source/blender/blenlib/BLI_virtual_array.hh:34:
In file included from /Users/paws/blender-web/upstream/source/blender/blenlib/BLI_index_mask.hh:24:
In file included from /Users/paws/blender-web/upstream/source/blender/blenlib/BLI_unique_sorted_indices.hh:29:
/Users/paws/blender-web/upstream/source/blender/blenlib/BLI_binary_search.hh:21:16: warning: unused function template 'first_if' [-Wunused-template]
   21 | static int64_t first_if(Iterator begin, Iterator end, Predicate &&predicate)
      |                ^~~~~~~~
2 warnings generated.
[359/441] Building CXX object source/blender/nodes/function/CMakeFiles/bf_nodes_function.dir/Unity/unity_0_cxx.cxx.o
In file included from /Users/paws/blender-web/build-wasm-windowed-opt/source/blender/nodes/function/CMakeFiles/bf_nodes_function.dir/Unity/unity_0_cxx.cxx:4:
In file included from /Users/paws/blender-web/upstream/source/blender/nodes/function/nodes/node_fn_align_euler_to_vector.cc:14:
In file included from /Users/paws/blender-web/upstream/source/blender/nodes/function/node_function_util.hh:17:
In file included from /Users/paws/blender-web/upstream/source/blender/nodes/NOD_multi_function.hh:7:
In file included from /Users/paws/blender-web/upstream/source/blender/functions/FN_multi_function.hh:37:
In file included from /Users/paws/blender-web/upstream/source/blender/functions/FN_multi_function_params.hh:19:
In file included from /Users/paws/blender-web/upstream/source/blender/blenlib/BLI_generic_vector_array.hh:16:
In file included from /Users/paws/blender-web/upstream/source/blender/blenlib/BLI_generic_virtual_vector_array.hh:14:
In file included from /Users/paws/blender-web/upstream/source/blender/blenlib/BLI_generic_virtual_array.hh:16:
In file included from /Users/paws/blender-web/upstream/source/blender/blenlib/BLI_virtual_array.hh:34:
In file included from /Users/paws/blender-web/upstream/source/blender/blenlib/BLI_index_mask.hh:24:
In file included from /Users/paws/blender-web/upstream/source/blender/blenlib/BLI_unique_sorted_indices.hh:29:
/Users/paws/blender-web/upstream/source/blender/blenlib/BLI_binary_search.hh:21:16: warning: unused function template 'first_if' [-Wunused-template]
   21 | static int64_t first_if(Iterator begin, Iterator end, Predicate &&predicate)
      |                ^~~~~~~~
In file included from /Users/paws/blender-web/build-wasm-windowed-opt/source/blender/nodes/function/CMakeFiles/bf_nodes_function.dir/Unity/unity_0_cxx.cxx:4:
In file included from /Users/paws/blender-web/upstream/source/blender/nodes/function/nodes/node_fn_align_euler_to_vector.cc:14:
In file included from /Users/paws/blender-web/upstream/source/blender/nodes/function/node_function_util.hh:19:
In file included from /Users/paws/blender-web/upstream/source/blender/nodes/NOD_socket_declarations.hh:9:
In file included from /Users/paws/blender-web/upstream/source/blender/nodes/NOD_bundle_type.hh:13:
In file included from /Users/paws/blender-web/upstream/source/blender/nodes/NOD_geometry_nodes_bundle_signature.hh:11:
In file included from /Users/paws/blender-web/upstream/source/blender/nodes/NOD_node_in_compute_context.hh:10:
In file included from /Users/paws/blender-web/upstream/source/blender/blenkernel/BKE_node_runtime.hh:26:
/Users/paws/blender-web/upstream/source/blender/blenkernel/BKE_node_tree_interface.hh:60:34: warning: unused function template 'item_is_type' [-Wunused-template]
   60 | template<typename T> static bool item_is_type(const bNodeTreeInterfaceItem &item)
      |                                  ^~~~~~~~~~~~
2 warnings generated.
[360/441] Building CXX object source/blender/nodes/shader/CMakeFiles/bf_nodes_shader.dir/Unity/unity_5_cxx.cxx.o
In file included from /Users/paws/blender-web/build-wasm-windowed-opt/source/blender/nodes/shader/CMakeFiles/bf_nodes_shader.dir/Unity/unity_5_cxx.cxx:4:
In file included from /Users/paws/blender-web/upstream/source/blender/nodes/shader/nodes/node_shader_output_light.cc:5:
In file included from /Users/paws/blender-web/upstream/source/blender/nodes/shader/node_shader_util.hh:24:
In file included from /Users/paws/blender-web/upstream/source/blender/nodes/NOD_socket_declarations.hh:9:
In file included from /Users/paws/blender-web/upstream/source/blender/nodes/NOD_bundle_type.hh:13:
In file included from /Users/paws/blender-web/upstream/source/blender/nodes/NOD_geometry_nodes_bundle_signature.hh:11:
In file included from /Users/paws/blender-web/upstream/source/blender/nodes/NOD_node_in_compute_context.hh:10:
In file included from /Users/paws/blender-web/upstream/source/blender/blenkernel/BKE_node_runtime.hh:26:
/Users/paws/blender-web/upstream/source/blender/blenkernel/BKE_node_tree_interface.hh:60:34: warning: unused function template 'item_is_type' [-Wunused-template]
   60 | template<typename T> static bool item_is_type(const bNodeTreeInterfaceItem &item)
      |                                  ^~~~~~~~~~~~
In file included from /Users/paws/blender-web/build-wasm-windowed-opt/source/blender/nodes/shader/CMakeFiles/bf_nodes_shader.dir/Unity/unity_5_cxx.cxx:22:
In file included from /Users/paws/blender-web/upstream/source/blender/nodes/shader/nodes/node_shader_radial_tiling.cc:8:
In file included from /Users/paws/blender-web/upstream/source/blender/nodes/NOD_multi_function.hh:7:
In file included from /Users/paws/blender-web/upstream/source/blender/functions/FN_multi_function.hh:37:
In file included from /Users/paws/blender-web/upstream/source/blender/functions/FN_multi_function_params.hh:19:
In file included from /Users/paws/blender-web/upstream/source/blender/blenlib/BLI_generic_vector_array.hh:16:
In file included from /Users/paws/blender-web/upstream/source/blender/blenlib/BLI_generic_virtual_vector_array.hh:14:
In file included from /Users/paws/blender-web/upstream/source/blender/blenlib/BLI_generic_virtual_array.hh:16:
In file included from /Users/paws/blender-web/upstream/source/blender/blenlib/BLI_virtual_array.hh:34:
In file included from /Users/paws/blender-web/upstream/source/blender/blenlib/BLI_index_mask.hh:24:
In file included from /Users/paws/blender-web/upstream/source/blender/blenlib/BLI_unique_sorted_indices.hh:29:
/Users/paws/blender-web/upstream/source/blender/blenlib/BLI_binary_search.hh:21:16: warning: unused function template 'first_if' [-Wunused-template]
   21 | static int64_t first_if(Iterator begin, Iterator end, Predicate &&predicate)
      |                ^~~~~~~~
2 warnings generated.
[361/441] Building CXX object source/blender/nodes/geometry/CMakeFiles/bf_nodes_geometry.dir/Unity/unity_5_cxx.cxx.o
In file included from /Users/paws/blender-web/build-wasm-windowed-opt/source/blender/nodes/geometry/CMakeFiles/bf_nodes_geometry.dir/Unity/unity_5_cxx.cxx:4:
In file included from /Users/paws/blender-web/upstream/source/blender/nodes/geometry/nodes/node_geo_distribute_points_on_faces.cc:5:
/Users/paws/blender-web/upstream/source/blender/blenlib/BLI_kdtree.hh:318:13: warning: unused function template 'nearest_ordered_insert' [-Wunused-template]
  318 | static void nearest_ordered_insert(KDTreeNearest<CoordT> *nearest,
      |             ^~~~~~~~~~~~~~~~~~~~~~
/Users/paws/blender-web/upstream/source/blender/blenlib/BLI_kdtree.hh:459:38: warning: unused function template 'nearest_cmp_dist' [-Wunused-template]
  459 | template<typename CoordT> static int nearest_cmp_dist(const void *a, const void *b)
      |                                      ^~~~~~~~~~~~~~~~
/Users/paws/blender-web/upstream/source/blender/blenlib/BLI_kdtree.hh:474:13: warning: unused function template 'nearest_add_in_range' [-Wunused-template]
  474 | static void nearest_add_in_range(KDTreeNearest<CoordT> **r_nearest,
      |             ^~~~~~~~~~~~~~~~~~~~
/Users/paws/blender-web/upstream/source/blender/blenlib/BLI_kdtree.hh:645:46: warning: unused function template 'kdtree_order' [-Wunused-template]
  645 | template<typename CoordT> static Vector<int> kdtree_order(const KDTree<CoordT> *tree)
      |                                              ^~~~~~~~~~~~
/Users/paws/blender-web/upstream/source/blender/blenlib/BLI_kdtree.hh:673:13: warning: unused function template 'deduplicate_recursive' [-Wunused-template]
  673 | static void deduplicate_recursive(const DeDuplicateParams<CoordT> *p, uint i)
      |             ^~~~~~~~~~~~~~~~~~~~~
/Users/paws/blender-web/upstream/source/blender/blenlib/BLI_kdtree.hh:910:38: warning: unused function template 'kdtree_cmp_bool' [-Wunused-template]
  910 | template<typename CoordT> static int kdtree_cmp_bool(const bool a, const bool b)
      |                                      ^~~~~~~~~~~~~~~
/Users/paws/blender-web/upstream/source/blender/blenlib/BLI_kdtree.hh:919:12: warning: unused function template 'kdtree_node_cmp_deduplicate' [-Wunused-template]
  919 | static int kdtree_node_cmp_deduplicate(const void *n0_p, const void *n1_p)
      |            ^~~~~~~~~~~~~~~~~~~~~~~~~~~
In file included from /Users/paws/blender-web/build-wasm-windowed-opt/source/blender/nodes/geometry/CMakeFiles/bf_nodes_geometry.dir/Unity/unity_5_cxx.cxx:4:
In file included from /Users/paws/blender-web/upstream/source/blender/nodes/geometry/nodes/node_geo_distribute_points_on_faces.cc:15:
In file included from /Users/paws/blender-web/upstream/source/blender/blenkernel/BKE_attribute_math.hh:24:
In file included from /Users/paws/blender-web/upstream/source/blender/blenkernel/BKE_attribute.hh:16:
In file included from /Users/paws/blender-web/upstream/source/blender/blenlib/BLI_generic_virtual_array.hh:16:
In file included from /Users/paws/blender-web/upstream/source/blender/blenlib/BLI_virtual_array.hh:34:
In file included from /Users/paws/blender-web/upstream/source/blender/blenlib/BLI_index_mask.hh:24:
In file included from /Users/paws/blender-web/upstream/source/blender/blenlib/BLI_unique_sorted_indices.hh:29:
/Users/paws/blender-web/upstream/source/blender/blenlib/BLI_binary_search.hh:21:16: warning: unused function template 'first_if' [-Wunused-template]
   21 | static int64_t first_if(Iterator begin, Iterator end, Predicate &&predicate)
      |                ^~~~~~~~
In file included from /Users/paws/blender-web/build-wasm-windowed-opt/source/blender/nodes/geometry/CMakeFiles/bf_nodes_geometry.dir/Unity/unity_5_cxx.cxx:4:
In file included from /Users/paws/blender-web/upstream/source/blender/nodes/geometry/nodes/node_geo_distribute_points_on_faces.cc:28:
In file included from /Users/paws/blender-web/upstream/source/blender/nodes/geometry/node_geometry_util.hh:15:
In file included from /Users/paws/blender-web/upstream/source/blender/nodes/NOD_geometry_exec.hh:18:
In file included from /Users/paws/blender-web/upstream/source/blender/blenkernel/BKE_node_runtime.hh:26:
/Users/paws/blender-web/upstream/source/blender/blenkernel/BKE_node_tree_interface.hh:60:34: warning: unused function template 'item_is_type' [-Wunused-template]
   60 | template<typename T> static bool item_is_type(const bNodeTreeInterfaceItem &item)
      |                                  ^~~~~~~~~~~~
9 warnings generated.
[362/441] Building CXX object source/blender/nodes/shader/CMakeFiles/bf_nodes_shader.dir/Unity/unity_3_cxx.cxx.o
In file included from /Users/paws/blender-web/build-wasm-windowed-opt/source/blender/nodes/shader/CMakeFiles/bf_nodes_shader.dir/Unity/unity_3_cxx.cxx:4:
In file included from /Users/paws/blender-web/upstream/source/blender/nodes/shader/nodes/node_shader_gamma.cc:5:
In file included from /Users/paws/blender-web/upstream/source/blender/nodes/shader/node_shader_util.hh:24:
In file included from /Users/paws/blender-web/upstream/source/blender/nodes/NOD_socket_declarations.hh:9:
In file included from /Users/paws/blender-web/upstream/source/blender/nodes/NOD_bundle_type.hh:13:
In file included from /Users/paws/blender-web/upstream/source/blender/nodes/NOD_geometry_nodes_bundle_signature.hh:11:
In file included from /Users/paws/blender-web/upstream/source/blender/nodes/NOD_node_in_compute_context.hh:10:
In file included from /Users/paws/blender-web/upstream/source/blender/blenkernel/BKE_node_runtime.hh:26:
/Users/paws/blender-web/upstream/source/blender/blenkernel/BKE_node_tree_interface.hh:60:34: warning: unused function template 'item_is_type' [-Wunused-template]
   60 | template<typename T> static bool item_is_type(const bNodeTreeInterfaceItem &item)
      |                                  ^~~~~~~~~~~~
In file included from /Users/paws/blender-web/build-wasm-windowed-opt/source/blender/nodes/shader/CMakeFiles/bf_nodes_shader.dir/Unity/unity_3_cxx.cxx:4:
In file included from /Users/paws/blender-web/upstream/source/blender/nodes/shader/nodes/node_shader_gamma.cc:10:
In file included from /Users/paws/blender-web/upstream/source/blender/functions/FN_multi_function_builder.hh:13:
In file included from /Users/paws/blender-web/upstream/source/blender/functions/FN_multi_function.hh:37:
In file included from /Users/paws/blender-web/upstream/source/blender/functions/FN_multi_function_params.hh:19:
In file included from /Users/paws/blender-web/upstream/source/blender/blenlib/BLI_generic_vector_array.hh:16:
In file included from /Users/paws/blender-web/upstream/source/blender/blenlib/BLI_generic_virtual_vector_array.hh:14:
In file included from /Users/paws/blender-web/upstream/source/blender/blenlib/BLI_generic_virtual_array.hh:16:
In file included from /Users/paws/blender-web/upstream/source/blender/blenlib/BLI_virtual_array.hh:34:
In file included from /Users/paws/blender-web/upstream/source/blender/blenlib/BLI_index_mask.hh:24:
In file included from /Users/paws/blender-web/upstream/source/blender/blenlib/BLI_unique_sorted_indices.hh:29:
/Users/paws/blender-web/upstream/source/blender/blenlib/BLI_binary_search.hh:21:16: warning: unused function template 'first_if' [-Wunused-template]
   21 | static int64_t first_if(Iterator begin, Iterator end, Predicate &&predicate)
      |                ^~~~~~~~
2 warnings generated.
[363/441] Linking CXX static library lib/libbf_nodes_function.a
[364/441] Building CXX object source/blender/nodes/shader/CMakeFiles/bf_nodes_shader.dir/Unity/unity_1_cxx.cxx.o
In file included from /Users/paws/blender-web/build-wasm-windowed-opt/source/blender/nodes/shader/CMakeFiles/bf_nodes_shader.dir/Unity/unity_1_cxx.cxx:4:
In file included from /Users/paws/blender-web/upstream/source/blender/nodes/shader/nodes/node_shader_bsdf_hair.cc:5:
In file included from /Users/paws/blender-web/upstream/source/blender/nodes/shader/node_shader_util.hh:24:
In file included from /Users/paws/blender-web/upstream/source/blender/nodes/NOD_socket_declarations.hh:9:
In file included from /Users/paws/blender-web/upstream/source/blender/nodes/NOD_bundle_type.hh:13:
In file included from /Users/paws/blender-web/upstream/source/blender/nodes/NOD_geometry_nodes_bundle_signature.hh:11:
In file included from /Users/paws/blender-web/upstream/source/blender/nodes/NOD_node_in_compute_context.hh:10:
In file included from /Users/paws/blender-web/upstream/source/blender/blenkernel/BKE_node_runtime.hh:26:
/Users/paws/blender-web/upstream/source/blender/blenkernel/BKE_node_tree_interface.hh:60:34: warning: unused function template 'item_is_type' [-Wunused-template]
   60 | template<typename T> static bool item_is_type(const bNodeTreeInterfaceItem &item)
      |                                  ^~~~~~~~~~~~
1 warning generated.
[365/441] Building CXX object source/blender/sequencer/CMakeFiles/bf_sequencer.dir/intern/cache/compositor_cache.cc.o
[366/441] Building CXX object source/blender/nodes/geometry/CMakeFiles/bf_nodes_geometry.dir/Unity/unity_0_cxx.cxx.o
In file included from /Users/paws/blender-web/build-wasm-windowed-opt/source/blender/nodes/geometry/CMakeFiles/bf_nodes_geometry.dir/Unity/unity_0_cxx.cxx:4:
In file included from /Users/paws/blender-web/upstream/source/blender/nodes/geometry/nodes/node_geo_accumulate_field.cc:5:
In file included from /Users/paws/blender-web/upstream/source/blender/blenkernel/BKE_attribute_math.hh:24:
In file included from /Users/paws/blender-web/upstream/source/blender/blenkernel/BKE_attribute.hh:16:
In file included from /Users/paws/blender-web/upstream/source/blender/blenlib/BLI_generic_virtual_array.hh:16:
In file included from /Users/paws/blender-web/upstream/source/blender/blenlib/BLI_virtual_array.hh:34:
In file included from /Users/paws/blender-web/upstream/source/blender/blenlib/BLI_index_mask.hh:24:
In file included from /Users/paws/blender-web/upstream/source/blender/blenlib/BLI_unique_sorted_indices.hh:29:
/Users/paws/blender-web/upstream/source/blender/blenlib/BLI_binary_search.hh:21:16: warning: unused function template 'first_if' [-Wunused-template]
   21 | static int64_t first_if(Iterator begin, Iterator end, Predicate &&predicate)
      |                ^~~~~~~~
In file included from /Users/paws/blender-web/build-wasm-windowed-opt/source/blender/nodes/geometry/CMakeFiles/bf_nodes_geometry.dir/Unity/unity_0_cxx.cxx:4:
In file included from /Users/paws/blender-web/upstream/source/blender/nodes/geometry/nodes/node_geo_accumulate_field.cc:16:
In file included from /Users/paws/blender-web/upstream/source/blender/nodes/geometry/node_geometry_util.hh:15:
In file included from /Users/paws/blender-web/upstream/source/blender/nodes/NOD_geometry_exec.hh:18:
In file included from /Users/paws/blender-web/upstream/source/blender/blenkernel/BKE_node_runtime.hh:26:
/Users/paws/blender-web/upstream/source/blender/blenkernel/BKE_node_tree_interface.hh:60:34: warning: unused function template 'item_is_type' [-Wunused-template]
   60 | template<typename T> static bool item_is_type(const bNodeTreeInterfaceItem &item)
      |                                  ^~~~~~~~~~~~
2 warnings generated.
[367/441] Building CXX object source/blender/nodes/shader/CMakeFiles/bf_nodes_shader.dir/Unity/unity_2_cxx.cxx.o
In file included from /Users/paws/blender-web/build-wasm-windowed-opt/source/blender/nodes/shader/CMakeFiles/bf_nodes_shader.dir/Unity/unity_2_cxx.cxx:4:
In file included from /Users/paws/blender-web/upstream/source/blender/nodes/shader/nodes/node_shader_bump.cc:9:
In file included from /Users/paws/blender-web/upstream/source/blender/nodes/shader/node_shader_util.hh:24:
In file included from /Users/paws/blender-web/upstream/source/blender/nodes/NOD_socket_declarations.hh:9:
In file included from /Users/paws/blender-web/upstream/source/blender/nodes/NOD_bundle_type.hh:13:
In file included from /Users/paws/blender-web/upstream/source/blender/nodes/NOD_geometry_nodes_bundle_signature.hh:11:
In file included from /Users/paws/blender-web/upstream/source/blender/nodes/NOD_node_in_compute_context.hh:10:
In file included from /Users/paws/blender-web/upstream/source/blender/blenkernel/BKE_node_runtime.hh:26:
/Users/paws/blender-web/upstream/source/blender/blenkernel/BKE_node_tree_interface.hh:60:34: warning: unused function template 'item_is_type' [-Wunused-template]
   60 | template<typename T> static bool item_is_type(const bNodeTreeInterfaceItem &item)
      |                                  ^~~~~~~~~~~~
In file included from /Users/paws/blender-web/build-wasm-windowed-opt/source/blender/nodes/shader/CMakeFiles/bf_nodes_shader.dir/Unity/unity_2_cxx.cxx:10:
In file included from /Users/paws/blender-web/upstream/source/blender/nodes/shader/nodes/node_shader_clamp.cc:13:
In file included from /Users/paws/blender-web/upstream/source/blender/functions/FN_multi_function_builder.hh:13:
In file included from /Users/paws/blender-web/upstream/source/blender/functions/FN_multi_function.hh:37:
In file included from /Users/paws/blender-web/upstream/source/blender/functions/FN_multi_function_params.hh:19:
In file included from /Users/paws/blender-web/upstream/source/blender/blenlib/BLI_generic_vector_array.hh:16:
In file included from /Users/paws/blender-web/upstream/source/blender/blenlib/BLI_generic_virtual_vector_array.hh:14:
In file included from /Users/paws/blender-web/upstream/source/blender/blenlib/BLI_generic_virtual_array.hh:16:
In file included from /Users/paws/blender-web/upstream/source/blender/blenlib/BLI_virtual_array.hh:34:
In file included from /Users/paws/blender-web/upstream/source/blender/blenlib/BLI_index_mask.hh:24:
In file included from /Users/paws/blender-web/upstream/source/blender/blenlib/BLI_unique_sorted_indices.hh:29:
/Users/paws/blender-web/upstream/source/blender/blenlib/BLI_binary_search.hh:21:16: warning: unused function template 'first_if' [-Wunused-template]
   21 | static int64_t first_if(Iterator begin, Iterator end, Predicate &&predicate)
      |                ^~~~~~~~
2 warnings generated.
[368/441] Building CXX object source/blender/nodes/shader/CMakeFiles/bf_nodes_shader.dir/Unity/unity_0_cxx.cxx.o
In file included from /Users/paws/blender-web/build-wasm-windowed-opt/source/blender/nodes/shader/CMakeFiles/bf_nodes_shader.dir/Unity/unity_0_cxx.cxx:4:
In file included from /Users/paws/blender-web/upstream/source/blender/nodes/shader/nodes/node_shader_add_shader.cc:5:
In file included from /Users/paws/blender-web/upstream/source/blender/nodes/shader/node_shader_util.hh:24:
In file included from /Users/paws/blender-web/upstream/source/blender/nodes/NOD_socket_declarations.hh:9:
In file included from /Users/paws/blender-web/upstream/source/blender/nodes/NOD_bundle_type.hh:13:
In file included from /Users/paws/blender-web/upstream/source/blender/nodes/NOD_geometry_nodes_bundle_signature.hh:11:
In file included from /Users/paws/blender-web/upstream/source/blender/nodes/NOD_node_in_compute_context.hh:10:
In file included from /Users/paws/blender-web/upstream/source/blender/blenkernel/BKE_node_runtime.hh:26:
/Users/paws/blender-web/upstream/source/blender/blenkernel/BKE_node_tree_interface.hh:60:34: warning: unused function template 'item_is_type' [-Wunused-template]
   60 | template<typename T> static bool item_is_type(const bNodeTreeInterfaceItem &item)
      |                                  ^~~~~~~~~~~~
In file included from /Users/paws/blender-web/build-wasm-windowed-opt/source/blender/nodes/shader/CMakeFiles/bf_nodes_shader.dir/Unity/unity_0_cxx.cxx:19:
In file included from /Users/paws/blender-web/upstream/source/blender/nodes/shader/nodes/node_shader_blackbody.cc:5:
In file included from /Users/paws/blender-web/upstream/source/blender/functions/FN_multi_function_builder.hh:13:
In file included from /Users/paws/blender-web/upstream/source/blender/functions/FN_multi_function.hh:37:
In file included from /Users/paws/blender-web/upstream/source/blender/functions/FN_multi_function_params.hh:19:
In file included from /Users/paws/blender-web/upstream/source/blender/blenlib/BLI_generic_vector_array.hh:16:
In file included from /Users/paws/blender-web/upstream/source/blender/blenlib/BLI_generic_virtual_vector_array.hh:14:
In file included from /Users/paws/blender-web/upstream/source/blender/blenlib/BLI_generic_virtual_array.hh:16:
In file included from /Users/paws/blender-web/upstream/source/blender/blenlib/BLI_virtual_array.hh:34:
In file included from /Users/paws/blender-web/upstream/source/blender/blenlib/BLI_index_mask.hh:24:
In file included from /Users/paws/blender-web/upstream/source/blender/blenlib/BLI_unique_sorted_indices.hh:29:
/Users/paws/blender-web/upstream/source/blender/blenlib/BLI_binary_search.hh:21:16: warning: unused function template 'first_if' [-Wunused-template]
   21 | static int64_t first_if(Iterator begin, Iterator end, Predicate &&predicate)
      |                ^~~~~~~~
2 warnings generated.
[369/441] Building CXX object source/blender/sequencer/CMakeFiles/bf_sequencer.dir/intern/compositor.cc.o
In file included from /Users/paws/blender-web/upstream/source/blender/sequencer/intern/compositor.cc:9:
In file included from /Users/paws/blender-web/upstream/source/blender/blenkernel/BKE_node_runtime.hh:26:
/Users/paws/blender-web/upstream/source/blender/blenkernel/BKE_node_tree_interface.hh:60:34: warning: unused function template 'item_is_type' [-Wunused-template]
   60 | template<typename T> static bool item_is_type(const bNodeTreeInterfaceItem &item)
      |                                  ^~~~~~~~~~~~
1 warning generated.
[370/441] Building CXX object source/blender/sequencer/CMakeFiles/bf_sequencer.dir/intern/effects/effect_compositor.cc.o
In file included from /Users/paws/blender-web/upstream/source/blender/sequencer/intern/effects/effect_compositor.cc:9:
In file included from /Users/paws/blender-web/upstream/source/blender/blenkernel/BKE_node_runtime.hh:26:
/Users/paws/blender-web/upstream/source/blender/blenkernel/BKE_node_tree_interface.hh:60:34: warning: unused function template 'item_is_type' [-Wunused-template]
   60 | template<typename T> static bool item_is_type(const bNodeTreeInterfaceItem &item)
      |                                  ^~~~~~~~~~~~
In file included from /Users/paws/blender-web/upstream/source/blender/sequencer/intern/effects/effect_compositor.cc:13:
In file included from /Users/paws/blender-web/upstream/source/blender/depsgraph/DEG_depsgraph_query.hh:24:
In file included from /Users/paws/blender-web/upstream/source/blender/blenkernel/BKE_duplilist.hh:13:
In file included from /Users/paws/blender-web/upstream/source/blender/blenkernel/BKE_geometry_set.hh:22:
In file included from /Users/paws/blender-web/upstream/source/blender/blenkernel/BKE_attribute.hh:16:
In file included from /Users/paws/blender-web/upstream/source/blender/blenlib/BLI_generic_virtual_array.hh:16:
In file included from /Users/paws/blender-web/upstream/source/blender/blenlib/BLI_virtual_array.hh:34:
In file included from /Users/paws/blender-web/upstream/source/blender/blenlib/BLI_index_mask.hh:24:
In file included from /Users/paws/blender-web/upstream/source/blender/blenlib/BLI_unique_sorted_indices.hh:29:
/Users/paws/blender-web/upstream/source/blender/blenlib/BLI_binary_search.hh:21:16: warning: unused function template 'first_if' [-Wunused-template]
   21 | static int64_t first_if(Iterator begin, Iterator end, Predicate &&predicate)
      |                ^~~~~~~~
In file included from /Users/paws/blender-web/upstream/source/blender/sequencer/intern/effects/effect_compositor.cc:26:
/Users/paws/blender-web/upstream/source/blender/sequencer/intern/effects/effects.hh:145:13: warning: unused function template 'apply_effect_op' [-Wunused-template]
  145 | static void apply_effect_op(const OpT &op, const ImBuf *src1, const ImBuf *src2, ImBuf *dst)
      |             ^~~~~~~~~~~~~~~
3 warnings generated.
[371/441] Linking CXX static library lib/libbf_nodes_geometry.a
[372/441] Building CXX object source/blender/compositor/CMakeFiles/bf_compositor.dir/intern/context.cc.o
[373/441] Building CXX object source/blender/sequencer/CMakeFiles/bf_sequencer.dir/intern/modifiers/MOD_compositor.cc.o
In file included from /Users/paws/blender-web/upstream/source/blender/sequencer/intern/modifiers/MOD_compositor.cc:25:
In file included from /Users/paws/blender-web/upstream/source/blender/blenkernel/BKE_node_runtime.hh:26:
/Users/paws/blender-web/upstream/source/blender/blenkernel/BKE_node_tree_interface.hh:60:34: warning: unused function template 'item_is_type' [-Wunused-template]
   60 | template<typename T> static bool item_is_type(const bNodeTreeInterfaceItem &item)
      |                                  ^~~~~~~~~~~~
In file included from /Users/paws/blender-web/upstream/source/blender/sequencer/intern/modifiers/MOD_compositor.cc:27:
In file included from /Users/paws/blender-web/upstream/source/blender/depsgraph/DEG_depsgraph_query.hh:24:
In file included from /Users/paws/blender-web/upstream/source/blender/blenkernel/BKE_duplilist.hh:13:
In file included from /Users/paws/blender-web/upstream/source/blender/blenkernel/BKE_geometry_set.hh:22:
In file included from /Users/paws/blender-web/upstream/source/blender/blenkernel/BKE_attribute.hh:16:
In file included from /Users/paws/blender-web/upstream/source/blender/blenlib/BLI_generic_virtual_array.hh:16:
In file included from /Users/paws/blender-web/upstream/source/blender/blenlib/BLI_virtual_array.hh:34:
In file included from /Users/paws/blender-web/upstream/source/blender/blenlib/BLI_index_mask.hh:24:
In file included from /Users/paws/blender-web/upstream/source/blender/blenlib/BLI_unique_sorted_indices.hh:29:
/Users/paws/blender-web/upstream/source/blender/blenlib/BLI_binary_search.hh:21:16: warning: unused function template 'first_if' [-Wunused-template]
   21 | static int64_t first_if(Iterator begin, Iterator end, Predicate &&predicate)
      |                ^~~~~~~~
2 warnings generated.
[374/441] Building CXX object source/blender/compositor/CMakeFiles/bf_compositor.dir/intern/compile_state.cc.o
In file included from /Users/paws/blender-web/upstream/source/blender/compositor/intern/compile_state.cc:14:
In file included from /Users/paws/blender-web/upstream/source/blender/blenkernel/BKE_node_runtime.hh:26:
/Users/paws/blender-web/upstream/source/blender/blenkernel/BKE_node_tree_interface.hh:60:34: warning: unused function template 'item_is_type' [-Wunused-template]
   60 | template<typename T> static bool item_is_type(const bNodeTreeInterfaceItem &item)
      |                                  ^~~~~~~~~~~~
In file included from /Users/paws/blender-web/upstream/source/blender/compositor/intern/compile_state.cc:25:
In file included from /Users/paws/blender-web/upstream/source/blender/compositor/COM_shader_operation.hh:15:
In file included from /Users/paws/blender-web/upstream/source/blender/gpu/intern/gpu_shader_create_info.hh:25:
In file included from /Users/paws/blender-web/upstream/source/blender/gpu/intern/gpu_shader_create_info_pipeline.hh:13:
In file included from /Users/paws/blender-web/upstream/source/blender/gpu/intern/gpu_state_private.hh:15:
In file included from /Users/paws/blender-web/upstream/source/blender/gpu/intern/gpu_texture_private.hh:14:
In file included from /Users/paws/blender-web/upstream/source/blender/gpu/GPU_vertex_buffer.hh:16:
In file included from /Users/paws/blender-web/upstream/source/blender/blenlib/BLI_virtual_array.hh:34:
In file included from /Users/paws/blender-web/upstream/source/blender/blenlib/BLI_index_mask.hh:24:
In file included from /Users/paws/blender-web/upstream/source/blender/blenlib/BLI_unique_sorted_indices.hh:29:
/Users/paws/blender-web/upstream/source/blender/blenlib/BLI_binary_search.hh:21:16: warning: unused function template 'first_if' [-Wunused-template]
   21 | static int64_t first_if(Iterator begin, Iterator end, Predicate &&predicate)
      |                ^~~~~~~~
2 warnings generated.
[375/441] Building CXX object source/blender/sequencer/CMakeFiles/bf_sequencer.dir/intern/sequencer.cc.o
In file included from /Users/paws/blender-web/upstream/source/blender/sequencer/intern/sequencer.cc:31:
In file included from /Users/paws/blender-web/upstream/source/blender/blenkernel/BKE_duplilist.hh:13:
In file included from /Users/paws/blender-web/upstream/source/blender/blenkernel/BKE_geometry_set.hh:22:
In file included from /Users/paws/blender-web/upstream/source/blender/blenkernel/BKE_attribute.hh:16:
In file included from /Users/paws/blender-web/upstream/source/blender/blenlib/BLI_generic_virtual_array.hh:16:
In file included from /Users/paws/blender-web/upstream/source/blender/blenlib/BLI_virtual_array.hh:34:
In file included from /Users/paws/blender-web/upstream/source/blender/blenlib/BLI_index_mask.hh:24:
In file included from /Users/paws/blender-web/upstream/source/blender/blenlib/BLI_unique_sorted_indices.hh:29:
/Users/paws/blender-web/upstream/source/blender/blenlib/BLI_binary_search.hh:21:16: warning: unused function template 'first_if' [-Wunused-template]
   21 | static int64_t first_if(Iterator begin, Iterator end, Predicate &&predicate)
      |                ^~~~~~~~
In file included from /Users/paws/blender-web/upstream/source/blender/sequencer/intern/sequencer.cc:66:
/Users/paws/blender-web/upstream/source/blender/sequencer/intern/effects/effects.hh:145:13: warning: unused function template 'apply_effect_op' [-Wunused-template]
  145 | static void apply_effect_op(const OpT &op, const ImBuf *src1, const ImBuf *src2, ImBuf *dst)
      |             ^~~~~~~~~~~~~~~
2 warnings generated.
[376/441] Building CXX object source/blender/compositor/CMakeFiles/bf_compositor.dir/intern/conversion_operation.cc.o
In file included from /Users/paws/blender-web/upstream/source/blender/compositor/intern/conversion_operation.cc:15:
In file included from /Users/paws/blender-web/upstream/source/blender/blenkernel/BKE_type_conversions.hh:11:
In file included from /Users/paws/blender-web/upstream/source/blender/functions/FN_field.hh:32:
In file included from /Users/paws/blender-web/upstream/source/blender/functions/FN_multi_function.hh:37:
In file included from /Users/paws/blender-web/upstream/source/blender/functions/FN_multi_function_params.hh:19:
In file included from /Users/paws/blender-web/upstream/source/blender/blenlib/BLI_generic_vector_array.hh:16:
In file included from /Users/paws/blender-web/upstream/source/blender/blenlib/BLI_generic_virtual_vector_array.hh:14:
In file included from /Users/paws/blender-web/upstream/source/blender/blenlib/BLI_generic_virtual_array.hh:16:
In file included from /Users/paws/blender-web/upstream/source/blender/blenlib/BLI_virtual_array.hh:34:
In file included from /Users/paws/blender-web/upstream/source/blender/blenlib/BLI_index_mask.hh:24:
In file included from /Users/paws/blender-web/upstream/source/blender/blenlib/BLI_unique_sorted_indices.hh:29:
/Users/paws/blender-web/upstream/source/blender/blenlib/BLI_binary_search.hh:21:16: warning: unused function template 'first_if' [-Wunused-template]
   21 | static int64_t first_if(Iterator begin, Iterator end, Predicate &&predicate)
      |                ^~~~~~~~
1 warning generated.
[377/441] Building CXX object source/blender/compositor/CMakeFiles/bf_compositor.dir/intern/group_input_node_operation.cc.o
In file included from /Users/paws/blender-web/upstream/source/blender/compositor/intern/group_input_node_operation.cc:8:
In file included from /Users/paws/blender-web/upstream/source/blender/blenkernel/BKE_node_runtime.hh:26:
/Users/paws/blender-web/upstream/source/blender/blenkernel/BKE_node_tree_interface.hh:60:34: warning: unused function template 'item_is_type' [-Wunused-template]
   60 | template<typename T> static bool item_is_type(const bNodeTreeInterfaceItem &item)
      |                                  ^~~~~~~~~~~~
1 warning generated.
[378/441] Building CXX object source/blender/compositor/CMakeFiles/bf_compositor.dir/intern/group_node_operation.cc.o
In file included from /Users/paws/blender-web/upstream/source/blender/compositor/intern/group_node_operation.cc:13:
In file included from /Users/paws/blender-web/upstream/source/blender/blenkernel/BKE_node_runtime.hh:26:
/Users/paws/blender-web/upstream/source/blender/blenkernel/BKE_node_tree_interface.hh:60:34: warning: unused function template 'item_is_type' [-Wunused-template]
   60 | template<typename T> static bool item_is_type(const bNodeTreeInterfaceItem &item)
      |                                  ^~~~~~~~~~~~
1 warning generated.
[379/441] Building CXX object source/blender/compositor/CMakeFiles/bf_compositor.dir/intern/group_output_node_operation.cc.o
In file included from /Users/paws/blender-web/upstream/source/blender/compositor/intern/group_output_node_operation.cc:8:
In file included from /Users/paws/blender-web/upstream/source/blender/blenkernel/BKE_node_runtime.hh:26:
/Users/paws/blender-web/upstream/source/blender/blenkernel/BKE_node_tree_interface.hh:60:34: warning: unused function template 'item_is_type' [-Wunused-template]
   60 | template<typename T> static bool item_is_type(const bNodeTreeInterfaceItem &item)
      |                                  ^~~~~~~~~~~~
1 warning generated.
[380/441] Building CXX object source/blender/compositor/CMakeFiles/bf_compositor.dir/intern/implicit_input_operation.cc.o
[381/441] Linking CXX static library lib/libbf_sequencer.a
[382/441] Building CXX object source/blender/nodes/shader/CMakeFiles/bf_nodes_shader.dir/Unity/unity_4_cxx.cxx.o
In file included from /Users/paws/blender-web/build-wasm-windowed-opt/source/blender/nodes/shader/CMakeFiles/bf_nodes_shader.dir/Unity/unity_4_cxx.cxx:4:
In file included from /Users/paws/blender-web/upstream/source/blender/nodes/shader/nodes/node_shader_map_range.cc:11:
In file included from /Users/paws/blender-web/upstream/source/blender/nodes/shader/node_shader_util.hh:24:
In file included from /Users/paws/blender-web/upstream/source/blender/nodes/NOD_socket_declarations.hh:9:
In file included from /Users/paws/blender-web/upstream/source/blender/nodes/NOD_bundle_type.hh:13:
In file included from /Users/paws/blender-web/upstream/source/blender/nodes/NOD_geometry_nodes_bundle_signature.hh:11:
In file included from /Users/paws/blender-web/upstream/source/blender/nodes/NOD_node_in_compute_context.hh:10:
In file included from /Users/paws/blender-web/upstream/source/blender/blenkernel/BKE_node_runtime.hh:26:
/Users/paws/blender-web/upstream/source/blender/blenkernel/BKE_node_tree_interface.hh:60:34: warning: unused function template 'item_is_type' [-Wunused-template]
   60 | template<typename T> static bool item_is_type(const bNodeTreeInterfaceItem &item)
      |                                  ^~~~~~~~~~~~
In file included from /Users/paws/blender-web/build-wasm-windowed-opt/source/blender/nodes/shader/CMakeFiles/bf_nodes_shader.dir/Unity/unity_4_cxx.cxx:4:
In file included from /Users/paws/blender-web/upstream/source/blender/nodes/shader/nodes/node_shader_map_range.cc:18:
In file included from /Users/paws/blender-web/upstream/source/blender/functions/FN_multi_function_builder.hh:13:
In file included from /Users/paws/blender-web/upstream/source/blender/functions/FN_multi_function.hh:37:
In file included from /Users/paws/blender-web/upstream/source/blender/functions/FN_multi_function_params.hh:19:
In file included from /Users/paws/blender-web/upstream/source/blender/blenlib/BLI_generic_vector_array.hh:16:
In file included from /Users/paws/blender-web/upstream/source/blender/blenlib/BLI_generic_virtual_vector_array.hh:14:
In file included from /Users/paws/blender-web/upstream/source/blender/blenlib/BLI_generic_virtual_array.hh:16:
In file included from /Users/paws/blender-web/upstream/source/blender/blenlib/BLI_virtual_array.hh:34:
In file included from /Users/paws/blender-web/upstream/source/blender/blenlib/BLI_index_mask.hh:24:
In file included from /Users/paws/blender-web/upstream/source/blender/blenlib/BLI_unique_sorted_indices.hh:29:
/Users/paws/blender-web/upstream/source/blender/blenlib/BLI_binary_search.hh:21:16: warning: unused function template 'first_if' [-Wunused-template]
   21 | static int64_t first_if(Iterator begin, Iterator end, Predicate &&predicate)
      |                ^~~~~~~~
2 warnings generated.
[383/441] Linking CXX static library lib/libbf_nodes_shader.a
[384/441] Building CXX object source/blender/compositor/CMakeFiles/bf_compositor.dir/intern/node_operation.cc.o
In file included from /Users/paws/blender-web/upstream/source/blender/compositor/intern/node_operation.cc:12:
In file included from /Users/paws/blender-web/upstream/source/blender/blenkernel/BKE_node_runtime.hh:26:
/Users/paws/blender-web/upstream/source/blender/blenkernel/BKE_node_tree_interface.hh:60:34: warning: unused function template 'item_is_type' [-Wunused-template]
   60 | template<typename T> static bool item_is_type(const bNodeTreeInterfaceItem &item)
      |                                  ^~~~~~~~~~~~
In file included from /Users/paws/blender-web/upstream/source/blender/compositor/intern/node_operation.cc:16:
In file included from /Users/paws/blender-web/upstream/source/blender/nodes/NOD_eval_log.hh:42:
In file included from /Users/paws/blender-web/upstream/source/blender/blenkernel/BKE_geometry_set.hh:22:
In file included from /Users/paws/blender-web/upstream/source/blender/blenkernel/BKE_attribute.hh:16:
In file included from /Users/paws/blender-web/upstream/source/blender/blenlib/BLI_generic_virtual_array.hh:16:
In file included from /Users/paws/blender-web/upstream/source/blender/blenlib/BLI_virtual_array.hh:34:
In file included from /Users/paws/blender-web/upstream/source/blender/blenlib/BLI_index_mask.hh:24:
In file included from /Users/paws/blender-web/upstream/source/blender/blenlib/BLI_unique_sorted_indices.hh:29:
/Users/paws/blender-web/upstream/source/blender/blenlib/BLI_binary_search.hh:21:16: warning: unused function template 'first_if' [-Wunused-template]
   21 | static int64_t first_if(Iterator begin, Iterator end, Predicate &&predicate)
      |                ^~~~~~~~
2 warnings generated.
[385/441] Building CXX object source/blender/compositor/CMakeFiles/bf_compositor.dir/intern/render_context.cc.o
In file included from /Users/paws/blender-web/upstream/source/blender/compositor/intern/render_context.cc:28:
In file included from /Users/paws/blender-web/upstream/source/blender/blenkernel/BKE_scene.hh:13:
In file included from /Users/paws/blender-web/upstream/source/blender/blenkernel/BKE_duplilist.hh:13:
In file included from /Users/paws/blender-web/upstream/source/blender/blenkernel/BKE_geometry_set.hh:22:
In file included from /Users/paws/blender-web/upstream/source/blender/blenkernel/BKE_attribute.hh:16:
In file included from /Users/paws/blender-web/upstream/source/blender/blenlib/BLI_generic_virtual_array.hh:16:
In file included from /Users/paws/blender-web/upstream/source/blender/blenlib/BLI_virtual_array.hh:34:
In file included from /Users/paws/blender-web/upstream/source/blender/blenlib/BLI_index_mask.hh:24:
In file included from /Users/paws/blender-web/upstream/source/blender/blenlib/BLI_unique_sorted_indices.hh:29:
/Users/paws/blender-web/upstream/source/blender/blenlib/BLI_binary_search.hh:21:16: warning: unused function template 'first_if' [-Wunused-template]
   21 | static int64_t first_if(Iterator begin, Iterator end, Predicate &&predicate)
      |                ^~~~~~~~
1 warning generated.
[386/441] Building CXX object source/blender/compositor/CMakeFiles/bf_compositor.dir/intern/multi_function_procedure_operation.cc.o
In file included from /Users/paws/blender-web/upstream/source/blender/compositor/intern/multi_function_procedure_operation.cc:11:
In file included from /Users/paws/blender-web/upstream/source/blender/blenlib/BLI_index_mask.hh:24:
In file included from /Users/paws/blender-web/upstream/source/blender/blenlib/BLI_unique_sorted_indices.hh:29:
/Users/paws/blender-web/upstream/source/blender/blenlib/BLI_binary_search.hh:21:16: warning: unused function template 'first_if' [-Wunused-template]
   21 | static int64_t first_if(Iterator begin, Iterator end, Predicate &&predicate)
      |                ^~~~~~~~
In file included from /Users/paws/blender-web/upstream/source/blender/compositor/intern/multi_function_procedure_operation.cc:32:
In file included from /Users/paws/blender-web/upstream/source/blender/blenkernel/BKE_node_runtime.hh:26:
/Users/paws/blender-web/upstream/source/blender/blenkernel/BKE_node_tree_interface.hh:60:34: warning: unused function template 'item_is_type' [-Wunused-template]
   60 | template<typename T> static bool item_is_type(const bNodeTreeInterfaceItem &item)
      |                                  ^~~~~~~~~~~~
2 warnings generated.
[387/441] Building CXX object source/blender/compositor/CMakeFiles/bf_compositor.dir/intern/operation.cc.o
[388/441] Building CXX object source/blender/compositor/CMakeFiles/bf_compositor.dir/intern/node_group_operation.cc.o
In file included from /Users/paws/blender-web/upstream/source/blender/compositor/intern/node_group_operation.cc:13:
In file included from /Users/paws/blender-web/upstream/source/blender/blenkernel/BKE_node_runtime.hh:26:
/Users/paws/blender-web/upstream/source/blender/blenkernel/BKE_node_tree_interface.hh:60:34: warning: unused function template 'item_is_type' [-Wunused-template]
   60 | template<typename T> static bool item_is_type(const bNodeTreeInterfaceItem &item)
      |                                  ^~~~~~~~~~~~
In file included from /Users/paws/blender-web/upstream/source/blender/compositor/intern/node_group_operation.cc:15:
In file included from /Users/paws/blender-web/upstream/source/blender/nodes/NOD_eval_log.hh:42:
In file included from /Users/paws/blender-web/upstream/source/blender/blenkernel/BKE_geometry_set.hh:22:
In file included from /Users/paws/blender-web/upstream/source/blender/blenkernel/BKE_attribute.hh:16:
In file included from /Users/paws/blender-web/upstream/source/blender/blenlib/BLI_generic_virtual_array.hh:16:
In file included from /Users/paws/blender-web/upstream/source/blender/blenlib/BLI_virtual_array.hh:34:
In file included from /Users/paws/blender-web/upstream/source/blender/blenlib/BLI_index_mask.hh:24:
In file included from /Users/paws/blender-web/upstream/source/blender/blenlib/BLI_unique_sorted_indices.hh:29:
/Users/paws/blender-web/upstream/source/blender/blenlib/BLI_binary_search.hh:21:16: warning: unused function template 'first_if' [-Wunused-template]
   21 | static int64_t first_if(Iterator begin, Iterator end, Predicate &&predicate)
      |                ^~~~~~~~
2 warnings generated.
[389/441] Building CXX object source/blender/compositor/CMakeFiles/bf_compositor.dir/intern/pixel_operation.cc.o
In file included from /Users/paws/blender-web/upstream/source/blender/compositor/intern/pixel_operation.cc:15:
In file included from /Users/paws/blender-web/upstream/source/blender/blenkernel/BKE_node_runtime.hh:26:
/Users/paws/blender-web/upstream/source/blender/blenkernel/BKE_node_tree_interface.hh:60:34: warning: unused function template 'item_is_type' [-Wunused-template]
   60 | template<typename T> static bool item_is_type(const bNodeTreeInterfaceItem &item)
      |                                  ^~~~~~~~~~~~
In file included from /Users/paws/blender-web/upstream/source/blender/compositor/intern/pixel_operation.cc:17:
In file included from /Users/paws/blender-web/upstream/source/blender/nodes/NOD_eval_log.hh:42:
In file included from /Users/paws/blender-web/upstream/source/blender/blenkernel/BKE_geometry_set.hh:22:
In file included from /Users/paws/blender-web/upstream/source/blender/blenkernel/BKE_attribute.hh:16:
In file included from /Users/paws/blender-web/upstream/source/blender/blenlib/BLI_generic_virtual_array.hh:16:
In file included from /Users/paws/blender-web/upstream/source/blender/blenlib/BLI_virtual_array.hh:34:
In file included from /Users/paws/blender-web/upstream/source/blender/blenlib/BLI_index_mask.hh:24:
In file included from /Users/paws/blender-web/upstream/source/blender/blenlib/BLI_unique_sorted_indices.hh:29:
/Users/paws/blender-web/upstream/source/blender/blenlib/BLI_binary_search.hh:21:16: warning: unused function template 'first_if' [-Wunused-template]
   21 | static int64_t first_if(Iterator begin, Iterator end, Predicate &&predicate)
      |                ^~~~~~~~
2 warnings generated.
[390/441] Building CXX object source/blender/compositor/CMakeFiles/bf_compositor.dir/intern/shader_node.cc.o
In file included from /Users/paws/blender-web/upstream/source/blender/compositor/intern/shader_node.cc:11:
In file included from /Users/paws/blender-web/upstream/source/blender/blenkernel/BKE_node_runtime.hh:26:
/Users/paws/blender-web/upstream/source/blender/blenkernel/BKE_node_tree_interface.hh:60:34: warning: unused function template 'item_is_type' [-Wunused-template]
   60 | template<typename T> static bool item_is_type(const bNodeTreeInterfaceItem &item)
      |                                  ^~~~~~~~~~~~
1 warning generated.
[391/441] Building CXX object source/blender/compositor/CMakeFiles/bf_compositor.dir/intern/realize_on_domain_operation.cc.o
[392/441] Building CXX object source/blender/compositor/CMakeFiles/bf_compositor.dir/intern/scheduler.cc.o
In file included from /Users/paws/blender-web/upstream/source/blender/compositor/intern/scheduler.cc:18:
In file included from /Users/paws/blender-web/upstream/source/blender/blenkernel/BKE_node_runtime.hh:26:
/Users/paws/blender-web/upstream/source/blender/blenkernel/BKE_node_tree_interface.hh:60:34: warning: unused function template 'item_is_type' [-Wunused-template]
   60 | template<typename T> static bool item_is_type(const bNodeTreeInterfaceItem &item)
      |                                  ^~~~~~~~~~~~
1 warning generated.
[393/441] Building CXX object source/blender/compositor/CMakeFiles/bf_compositor.dir/intern/result.cc.o
[394/441] Building CXX object source/blender/compositor/CMakeFiles/bf_compositor.dir/intern/simple_operation.cc.o
[395/441] Building CXX object source/blender/compositor/CMakeFiles/bf_compositor.dir/intern/shader_operation.cc.o
In file included from /Users/paws/blender-web/upstream/source/blender/compositor/intern/shader_operation.cc:26:
In file included from /Users/paws/blender-web/upstream/source/blender/gpu/intern/gpu_shader_create_info.hh:25:
In file included from /Users/paws/blender-web/upstream/source/blender/gpu/intern/gpu_shader_create_info_pipeline.hh:13:
In file included from /Users/paws/blender-web/upstream/source/blender/gpu/intern/gpu_state_private.hh:15:
In file included from /Users/paws/blender-web/upstream/source/blender/gpu/intern/gpu_texture_private.hh:14:
In file included from /Users/paws/blender-web/upstream/source/blender/gpu/GPU_vertex_buffer.hh:16:
In file included from /Users/paws/blender-web/upstream/source/blender/blenlib/BLI_virtual_array.hh:34:
In file included from /Users/paws/blender-web/upstream/source/blender/blenlib/BLI_index_mask.hh:24:
In file included from /Users/paws/blender-web/upstream/source/blender/blenlib/BLI_unique_sorted_indices.hh:29:
/Users/paws/blender-web/upstream/source/blender/blenlib/BLI_binary_search.hh:21:16: warning: unused function template 'first_if' [-Wunused-template]
   21 | static int64_t first_if(Iterator begin, Iterator end, Predicate &&predicate)
      |                ^~~~~~~~
In file included from /Users/paws/blender-web/upstream/source/blender/compositor/intern/shader_operation.cc:34:
In file included from /Users/paws/blender-web/upstream/source/blender/blenkernel/BKE_node_runtime.hh:26:
/Users/paws/blender-web/upstream/source/blender/blenkernel/BKE_node_tree_interface.hh:60:34: warning: unused function template 'item_is_type' [-Wunused-template]
   60 | template<typename T> static bool item_is_type(const bNodeTreeInterfaceItem &item)
      |                                  ^~~~~~~~~~~~
2 warnings generated.
[396/441] Building CXX object source/blender/compositor/CMakeFiles/bf_compositor.dir/intern/static_cache_manager.cc.o
[397/441] Building CXX object source/blender/compositor/CMakeFiles/bf_compositor.dir/intern/undefined_node_operation.cc.o
In file included from /Users/paws/blender-web/upstream/source/blender/compositor/intern/undefined_node_operation.cc:8:
In file included from /Users/paws/blender-web/upstream/source/blender/blenkernel/BKE_node_runtime.hh:26:
/Users/paws/blender-web/upstream/source/blender/blenkernel/BKE_node_tree_interface.hh:60:34: warning: unused function template 'item_is_type' [-Wunused-template]
   60 | template<typename T> static bool item_is_type(const bNodeTreeInterfaceItem &item)
      |                                  ^~~~~~~~~~~~
1 warning generated.
[398/441] Building CXX object source/blender/compositor/CMakeFiles/bf_compositor.dir/intern/single_value_node_input_operation.cc.o
In file included from /Users/paws/blender-web/upstream/source/blender/compositor/intern/single_value_node_input_operation.cc:14:
In file included from /Users/paws/blender-web/upstream/source/blender/blenkernel/BKE_node_runtime.hh:26:
/Users/paws/blender-web/upstream/source/blender/blenkernel/BKE_node_tree_interface.hh:60:34: warning: unused function template 'item_is_type' [-Wunused-template]
   60 | template<typename T> static bool item_is_type(const bNodeTreeInterfaceItem &item)
      |                                  ^~~~~~~~~~~~
1 warning generated.
[399/441] Building CXX object source/blender/compositor/CMakeFiles/bf_compositor.dir/algorithms/intern/convolve.cc.o
[400/441] Building CXX object source/blender/compositor/CMakeFiles/bf_compositor.dir/intern/utilities.cc.o
In file included from /Users/paws/blender-web/upstream/source/blender/compositor/intern/utilities.cc:14:
In file included from /Users/paws/blender-web/upstream/source/blender/blenkernel/BKE_node_runtime.hh:26:
/Users/paws/blender-web/upstream/source/blender/blenkernel/BKE_node_tree_interface.hh:60:34: warning: unused function template 'item_is_type' [-Wunused-template]
   60 | template<typename T> static bool item_is_type(const bNodeTreeInterfaceItem &item)
      |                                  ^~~~~~~~~~~~
In file included from /Users/paws/blender-web/upstream/source/blender/compositor/intern/utilities.cc:18:
In file included from /Users/paws/blender-web/upstream/source/blender/gpu/GPU_compute.hh:19:
In file included from /Users/paws/blender-web/upstream/source/blender/gpu/GPU_storage_buffer.hh:18:
In file included from /Users/paws/blender-web/upstream/source/blender/gpu/GPU_vertex_buffer.hh:16:
In file included from /Users/paws/blender-web/upstream/source/blender/blenlib/BLI_virtual_array.hh:34:
In file included from /Users/paws/blender-web/upstream/source/blender/blenlib/BLI_index_mask.hh:24:
In file included from /Users/paws/blender-web/upstream/source/blender/blenlib/BLI_unique_sorted_indices.hh:29:
/Users/paws/blender-web/upstream/source/blender/blenlib/BLI_binary_search.hh:21:16: warning: unused function template 'first_if' [-Wunused-template]
   21 | static int64_t first_if(Iterator begin, Iterator end, Predicate &&predicate)
      |                ^~~~~~~~
2 warnings generated.
[401/441] Building CXX object source/blender/compositor/CMakeFiles/bf_compositor.dir/algorithms/intern/deriche_gaussian_blur.cc.o
[402/441] Building CXX object source/blender/compositor/CMakeFiles/bf_compositor.dir/algorithms/intern/compute_preview.cc.o
In file included from /Users/paws/blender-web/upstream/source/blender/compositor/algorithms/intern/compute_preview.cc:15:
In file included from /Users/paws/blender-web/upstream/source/blender/blenkernel/BKE_type_conversions.hh:11:
In file included from /Users/paws/blender-web/upstream/source/blender/functions/FN_field.hh:32:
In file included from /Users/paws/blender-web/upstream/source/blender/functions/FN_multi_function.hh:37:
In file included from /Users/paws/blender-web/upstream/source/blender/functions/FN_multi_function_params.hh:19:
In file included from /Users/paws/blender-web/upstream/source/blender/blenlib/BLI_generic_vector_array.hh:16:
In file included from /Users/paws/blender-web/upstream/source/blender/blenlib/BLI_generic_virtual_vector_array.hh:14:
In file included from /Users/paws/blender-web/upstream/source/blender/blenlib/BLI_generic_virtual_array.hh:16:
In file included from /Users/paws/blender-web/upstream/source/blender/blenlib/BLI_virtual_array.hh:34:
In file included from /Users/paws/blender-web/upstream/source/blender/blenlib/BLI_index_mask.hh:24:
In file included from /Users/paws/blender-web/upstream/source/blender/blenlib/BLI_unique_sorted_indices.hh:29:
/Users/paws/blender-web/upstream/source/blender/blenlib/BLI_binary_search.hh:21:16: warning: unused function template 'first_if' [-Wunused-template]
   21 | static int64_t first_if(Iterator begin, Iterator end, Predicate &&predicate)
      |                ^~~~~~~~
1 warning generated.
[403/441] Building CXX object source/blender/compositor/CMakeFiles/bf_compositor.dir/algorithms/intern/extract_alpha.cc.o
[404/441] Building CXX object source/blender/compositor/CMakeFiles/bf_compositor.dir/algorithms/intern/jump_flooding.cc.o
[405/441] Building CXX object source/blender/compositor/CMakeFiles/bf_compositor.dir/algorithms/intern/morphological_blur.cc.o
[406/441] Building CXX object source/blender/compositor/CMakeFiles/bf_compositor.dir/algorithms/intern/morphological_distance.cc.o
[407/441] Building CXX object source/blender/compositor/CMakeFiles/bf_compositor.dir/algorithms/intern/recursive_gaussian_blur.cc.o
[408/441] Building CXX object source/blender/compositor/CMakeFiles/bf_compositor.dir/algorithms/intern/pad.cc.o
[409/441] Building CXX object source/blender/compositor/CMakeFiles/bf_compositor.dir/algorithms/intern/morphological_distance_feather.cc.o
[410/441] Building CXX object source/blender/compositor/CMakeFiles/bf_compositor.dir/algorithms/intern/sample_pixel.cc.o
In file included from /Users/paws/blender-web/upstream/source/blender/compositor/algorithms/intern/sample_pixel.cc:7:
In file included from /Users/paws/blender-web/upstream/source/blender/gpu/GPU_compute.hh:19:
In file included from /Users/paws/blender-web/upstream/source/blender/gpu/GPU_storage_buffer.hh:18:
In file included from /Users/paws/blender-web/upstream/source/blender/gpu/GPU_vertex_buffer.hh:16:
In file included from /Users/paws/blender-web/upstream/source/blender/blenlib/BLI_virtual_array.hh:34:
In file included from /Users/paws/blender-web/upstream/source/blender/blenlib/BLI_index_mask.hh:24:
In file included from /Users/paws/blender-web/upstream/source/blender/blenlib/BLI_unique_sorted_indices.hh:29:
/Users/paws/blender-web/upstream/source/blender/blenlib/BLI_binary_search.hh:21:16: warning: unused function template 'first_if' [-Wunused-template]
   21 | static int64_t first_if(Iterator begin, Iterator end, Predicate &&predicate)
      |                ^~~~~~~~
1 warning generated.
[411/441] Building CXX object source/blender/compositor/CMakeFiles/bf_compositor.dir/algorithms/intern/summed_area_table.cc.o
In file included from /Users/paws/blender-web/upstream/source/blender/compositor/algorithms/intern/summed_area_table.cc:11:
In file included from /Users/paws/blender-web/upstream/source/blender/gpu/GPU_compute.hh:19:
In file included from /Users/paws/blender-web/upstream/source/blender/gpu/GPU_storage_buffer.hh:18:
In file included from /Users/paws/blender-web/upstream/source/blender/gpu/GPU_vertex_buffer.hh:16:
In file included from /Users/paws/blender-web/upstream/source/blender/blenlib/BLI_virtual_array.hh:34:
In file included from /Users/paws/blender-web/upstream/source/blender/blenlib/BLI_index_mask.hh:24:
In file included from /Users/paws/blender-web/upstream/source/blender/blenlib/BLI_unique_sorted_indices.hh:29:
/Users/paws/blender-web/upstream/source/blender/blenlib/BLI_binary_search.hh:21:16: warning: unused function template 'first_if' [-Wunused-template]
   21 | static int64_t first_if(Iterator begin, Iterator end, Predicate &&predicate)
      |                ^~~~~~~~
1 warning generated.
[412/441] Building CXX object source/blender/compositor/CMakeFiles/bf_compositor.dir/algorithms/intern/parallel_reduction.cc.o
In file included from /Users/paws/blender-web/upstream/source/blender/compositor/algorithms/intern/parallel_reduction.cc:16:
In file included from /Users/paws/blender-web/upstream/source/blender/gpu/GPU_compute.hh:19:
In file included from /Users/paws/blender-web/upstream/source/blender/gpu/GPU_storage_buffer.hh:18:
In file included from /Users/paws/blender-web/upstream/source/blender/gpu/GPU_vertex_buffer.hh:16:
In file included from /Users/paws/blender-web/upstream/source/blender/blenlib/BLI_virtual_array.hh:34:
In file included from /Users/paws/blender-web/upstream/source/blender/blenlib/BLI_index_mask.hh:24:
In file included from /Users/paws/blender-web/upstream/source/blender/blenlib/BLI_unique_sorted_indices.hh:29:
/Users/paws/blender-web/upstream/source/blender/blenlib/BLI_binary_search.hh:21:16: warning: unused function template 'first_if' [-Wunused-template]
   21 | static int64_t first_if(Iterator begin, Iterator end, Predicate &&predicate)
      |                ^~~~~~~~
1 warning generated.
[413/441] Building CXX object source/blender/compositor/CMakeFiles/bf_compositor.dir/algorithms/intern/symmetric_separable_blur.cc.o
[414/441] Building CXX object source/blender/compositor/CMakeFiles/bf_compositor.dir/algorithms/intern/smaa.cc.o
[415/441] Building CXX object source/blender/compositor/CMakeFiles/bf_compositor.dir/algorithms/intern/symmetric_separable_blur_variable_size.cc.o
[416/441] Building CXX object source/blender/compositor/CMakeFiles/bf_compositor.dir/cached_resources/intern/cached_shader.cc.o
In file included from /Users/paws/blender-web/upstream/source/blender/compositor/cached_resources/intern/cached_shader.cc:16:
In file included from /Users/paws/blender-web/upstream/source/blender/gpu/intern/gpu_shader_create_info.hh:25:
In file included from /Users/paws/blender-web/upstream/source/blender/gpu/intern/gpu_shader_create_info_pipeline.hh:13:
In file included from /Users/paws/blender-web/upstream/source/blender/gpu/intern/gpu_state_private.hh:15:
In file included from /Users/paws/blender-web/upstream/source/blender/gpu/intern/gpu_texture_private.hh:14:
In file included from /Users/paws/blender-web/upstream/source/blender/gpu/GPU_vertex_buffer.hh:16:
In file included from /Users/paws/blender-web/upstream/source/blender/blenlib/BLI_virtual_array.hh:34:
In file included from /Users/paws/blender-web/upstream/source/blender/blenlib/BLI_index_mask.hh:24:
In file included from /Users/paws/blender-web/upstream/source/blender/blenlib/BLI_unique_sorted_indices.hh:29:
/Users/paws/blender-web/upstream/source/blender/blenlib/BLI_binary_search.hh:21:16: warning: unused function template 'first_if' [-Wunused-template]
   21 | static int64_t first_if(Iterator begin, Iterator end, Predicate &&predicate)
      |                ^~~~~~~~
1 warning generated.
[417/441] Building CXX object source/blender/compositor/CMakeFiles/bf_compositor.dir/algorithms/intern/van_vliet_gaussian_blur.cc.o
[418/441] Building CXX object source/blender/compositor/CMakeFiles/bf_compositor.dir/cached_resources/intern/bokeh_kernel.cc.o
[419/441] Building CXX object source/blender/compositor/CMakeFiles/bf_compositor.dir/cached_resources/intern/deriche_gaussian_coefficients.cc.o
[420/441] Building CXX object source/blender/compositor/CMakeFiles/bf_compositor.dir/cached_resources/intern/cached_mask.cc.o
[421/441] Building CXX object source/blender/compositor/CMakeFiles/bf_compositor.dir/cached_resources/intern/cached_image.cc.o
[422/441] Building CXX object source/blender/compositor/CMakeFiles/bf_compositor.dir/cached_resources/intern/image_coordinates.cc.o
[423/441] Building CXX object source/blender/compositor/CMakeFiles/bf_compositor.dir/cached_resources/intern/distortion_grid.cc.o
[424/441] Building CXX object source/blender/compositor/CMakeFiles/bf_compositor.dir/cached_resources/intern/morphological_distance_feather_weights.cc.o
[425/441] Building CXX object source/blender/compositor/CMakeFiles/bf_compositor.dir/cached_resources/intern/keying_screen.cc.o
In file included from /Users/paws/blender-web/upstream/source/blender/compositor/cached_resources/intern/keying_screen.cc:23:
In file included from /Users/paws/blender-web/upstream/source/blender/gpu/GPU_storage_buffer.hh:18:
In file included from /Users/paws/blender-web/upstream/source/blender/gpu/GPU_vertex_buffer.hh:16:
In file included from /Users/paws/blender-web/upstream/source/blender/blenlib/BLI_virtual_array.hh:34:
In file included from /Users/paws/blender-web/upstream/source/blender/blenlib/BLI_index_mask.hh:24:
In file included from /Users/paws/blender-web/upstream/source/blender/blenlib/BLI_unique_sorted_indices.hh:29:
/Users/paws/blender-web/upstream/source/blender/blenlib/BLI_binary_search.hh:21:16: warning: unused function template 'first_if' [-Wunused-template]
   21 | static int64_t first_if(Iterator begin, Iterator end, Predicate &&predicate)
      |                ^~~~~~~~
1 warning generated.
[426/441] Building CXX object source/blender/compositor/CMakeFiles/bf_compositor.dir/cached_resources/intern/smaa_precomputed_textures.cc.o
[427/441] Building CXX object source/blender/compositor/CMakeFiles/bf_compositor.dir/cached_resources/intern/ocio_color_space_conversion_shader.cc.o
In file included from /Users/paws/blender-web/upstream/source/blender/compositor/cached_resources/intern/ocio_color_space_conversion_shader.cc:21:
In file included from /Users/paws/blender-web/upstream/source/blender/gpu/intern/gpu_shader_create_info.hh:25:
In file included from /Users/paws/blender-web/upstream/source/blender/gpu/intern/gpu_shader_create_info_pipeline.hh:13:
In file included from /Users/paws/blender-web/upstream/source/blender/gpu/intern/gpu_state_private.hh:15:
In file included from /Users/paws/blender-web/upstream/source/blender/gpu/intern/gpu_texture_private.hh:14:
In file included from /Users/paws/blender-web/upstream/source/blender/gpu/GPU_vertex_buffer.hh:16:
In file included from /Users/paws/blender-web/upstream/source/blender/blenlib/BLI_virtual_array.hh:34:
In file included from /Users/paws/blender-web/upstream/source/blender/blenlib/BLI_index_mask.hh:24:
In file included from /Users/paws/blender-web/upstream/source/blender/blenlib/BLI_unique_sorted_indices.hh:29:
/Users/paws/blender-web/upstream/source/blender/blenlib/BLI_binary_search.hh:21:16: warning: unused function template 'first_if' [-Wunused-template]
   21 | static int64_t first_if(Iterator begin, Iterator end, Predicate &&predicate)
      |                ^~~~~~~~
1 warning generated.
[428/441] Building CXX object source/blender/python/gpu/CMakeFiles/bf_python_gpu.dir/gpu_py_shader.cc.o
[429/441] Building CXX object source/blender/python/intern/CMakeFiles/bf_python.dir/bpy_app.cc.o
[430/441] Building CXX object source/blender/python/gpu/CMakeFiles/bf_python_gpu.dir/gpu_py_batch.cc.o
In file included from /Users/paws/blender-web/upstream/source/blender/python/gpu/gpu_py_batch.cc:19:
In file included from /Users/paws/blender-web/upstream/source/blender/gpu/GPU_batch.hh:26:
In file included from /Users/paws/blender-web/upstream/source/blender/gpu/GPU_storage_buffer.hh:18:
In file included from /Users/paws/blender-web/upstream/source/blender/gpu/GPU_vertex_buffer.hh:16:
In file included from /Users/paws/blender-web/upstream/source/blender/blenlib/BLI_virtual_array.hh:34:
In file included from /Users/paws/blender-web/upstream/source/blender/blenlib/BLI_index_mask.hh:24:
In file included from /Users/paws/blender-web/upstream/source/blender/blenlib/BLI_unique_sorted_indices.hh:29:
/Users/paws/blender-web/upstream/source/blender/blenlib/BLI_binary_search.hh:21:16: warning: unused function template 'first_if' [-Wunused-template]
   21 | static int64_t first_if(Iterator begin, Iterator end, Predicate &&predicate)
      |                ^~~~~~~~
1 warning generated.
[431/441] Building CXX object source/blender/compositor/CMakeFiles/bf_compositor.dir/cached_resources/intern/symmetric_blur_weights.cc.o
[432/441] Building CXX object source/blender/python/gpu/CMakeFiles/bf_python_gpu.dir/gpu_py_compute.cc.o
In file included from /Users/paws/blender-web/upstream/source/blender/python/gpu/gpu_py_compute.cc:15:
In file included from /Users/paws/blender-web/upstream/source/blender/gpu/GPU_compute.hh:19:
In file included from /Users/paws/blender-web/upstream/source/blender/gpu/GPU_storage_buffer.hh:18:
In file included from /Users/paws/blender-web/upstream/source/blender/gpu/GPU_vertex_buffer.hh:16:
In file included from /Users/paws/blender-web/upstream/source/blender/blenlib/BLI_virtual_array.hh:34:
In file included from /Users/paws/blender-web/upstream/source/blender/blenlib/BLI_index_mask.hh:24:
In file included from /Users/paws/blender-web/upstream/source/blender/blenlib/BLI_unique_sorted_indices.hh:29:
/Users/paws/blender-web/upstream/source/blender/blenlib/BLI_binary_search.hh:21:16: warning: unused function template 'first_if' [-Wunused-template]
   21 | static int64_t first_if(Iterator begin, Iterator end, Predicate &&predicate)
      |                ^~~~~~~~
1 warning generated.
[433/441] Building CXX object source/blender/compositor/CMakeFiles/bf_compositor.dir/cached_resources/intern/string_image.cc.o
[434/441] Building CXX object source/blender/compositor/CMakeFiles/bf_compositor.dir/cached_resources/intern/van_vliet_gaussian_coefficients.cc.o
[435/441] Building CXX object source/blender/compositor/CMakeFiles/bf_compositor.dir/cached_resources/intern/symmetric_separable_blur_weights.cc.o
[436/441] Building CXX object source/blender/python/gpu/CMakeFiles/bf_python_gpu.dir/gpu_py_shader_create_info.cc.o
In file included from /Users/paws/blender-web/upstream/source/blender/python/gpu/gpu_py_shader_create_info.cc:17:
In file included from /Users/paws/blender-web/upstream/source/blender/gpu/intern/gpu_shader_create_info.hh:25:
In file included from /Users/paws/blender-web/upstream/source/blender/gpu/intern/gpu_shader_create_info_pipeline.hh:13:
In file included from /Users/paws/blender-web/upstream/source/blender/gpu/intern/gpu_state_private.hh:15:
In file included from /Users/paws/blender-web/upstream/source/blender/gpu/intern/gpu_texture_private.hh:14:
In file included from /Users/paws/blender-web/upstream/source/blender/gpu/GPU_vertex_buffer.hh:16:
In file included from /Users/paws/blender-web/upstream/source/blender/blenlib/BLI_virtual_array.hh:34:
In file included from /Users/paws/blender-web/upstream/source/blender/blenlib/BLI_index_mask.hh:24:
In file included from /Users/paws/blender-web/upstream/source/blender/blenlib/BLI_unique_sorted_indices.hh:29:
/Users/paws/blender-web/upstream/source/blender/blenlib/BLI_binary_search.hh:21:16: warning: unused function template 'first_if' [-Wunused-template]
   21 | static int64_t first_if(Iterator begin, Iterator end, Predicate &&predicate)
      |                ^~~~~~~~
1 warning generated.
[437/441] Linking CXX static library lib/libbf_python.a
[438/441] Linking CXX static library lib/libbf_compositor.a
[439/441] Linking CXX static library lib/libbf_python_gpu.a
[440/441] Linking CXX executable bin/blender_browser.js
prune-preload-pycache: /Users/paws/blender-web/lib/wasm/lib/python3.13 -> removed 0 __pycache__ dir(s), 0 .pyc, 0 KiB
prune-preload-pycache: /Users/paws/blender-web/upstream/scripts -> removed 0 __pycache__ dir(s), 0 .pyc, 0 KiB
prune-preload-pycache: /Users/paws/blender-web/upstream/release/datafiles -> removed 0 __pycache__ dir(s), 0 .pyc, 0 KiB
prune-preload-pycache: TOTAL removed 0 __pycache__ dir(s), 0 .pyc, 0.00 MiB
em++: warning: -pthread + ALLOW_MEMORY_GROWTH may run non-wasm code slowly, see https://github.com/WebAssembly/design/issues/1271 [-Wpthreads-mem-growth]
wasm-ld: warning: function signature mismatch: random_multinomial
>>> defined as (i32, i64, i32, i32, i32, i32) -> void in /Users/paws/blender-web/lib/wasm/lib/libnumpy.a(meson-generated_numpy_random__generator.pyx.c.o)
>>> defined as (i32, i32, i32, i32, i32, i32) -> void in /Users/paws/blender-web/lib/wasm/lib/libnumpy.a(src_distributions_distributions.c.o)
